{"type":"FeatureCollection","features":[{"type":"Feature","geometry":{"type":"Point","coordinates":[139.708495,35.648295]},"properties":{"name":"peacock","category":"shop:supermarket","level":"-1;0"}},{"type":"Feature","geometry":{"type":"Point","coordinates":[139.707291,35.647433]},"properties":{"name":"ROYAL PALACE","category":"amenity:restaurant"}},{"type":"Feature","geometry":{"type":"Point","coordinates":[139.707691,35.64751]},"properties":{"name":"駄菓子バー","category":"amenity:fast_food"}},{"type":"Feature","geometry":{"type":"Point","coordinates":[139.694215,35.664694]},"properties":{"name":"ファミリーマート","category":"shop:convenience"}},{"type":"Feature","geometry":{"type":"Point","coordinates":[139.686303,35.659449]},"properties":{"name":"イタリアントマト","category":"amenity:cafe"}},{"type":"Feature","geometry":{"type":"Point","coordinates":[139.695213,35.662961]},"properties":{"name":"チャングミ","category":"amenity:restaurant"}},{"type":"Feature","geometry":{"type":"Point","coordinates":[139.694488,35.662815]},"properties":{"name":"ローソン","category":"shop:convenience"}},{"type":"Feature","geometry":{"type":"Point","coordinates":[139.69683,35.662324]},"properties":{"name":"ローソン","category":"shop:convenience"}},{"type":"Feature","geometry":{"type":"Point","coordinates":[139.698327,35.659052]},"properties":{"name":"ロッテリア","category":"amenity:fast_food","level":"0,1,2"}},{"type":"Feature","geometry":{"type":"Point","coordinates":[139.708992,35.647805]},"properties":{"name":"ファミリーマート","category":"shop:convenience"}},{"type":"Feature","geometry":{"type":"Point","coordinates":[139.698442,35.660413]},"properties":{"name":"マクドナルド","category":"amenity:fast_food","level":"0-2"}},{"type":"Feature","geometry":{"type":"Point","coordinates":[139.709587,35.648802]},"properties":{"name":"ローソン","category":"shop:convenience"}},{"type":"Feature","geometry":{"type":"Point","coordinates":[139.696686,35.655018]},"properties":{"name":"ローソン","category":"shop:convenience"}},{"type":"Feature","geometry":{"type":"Point","coordinates":[139.692096,35.653793]},"properties":{"name":"ファミリーマート","category":"shop:convenience"}},{"type":"Feature","geometry":{"type":"Point","coordinates":[139.696879,35.647178]},"properties":{"name":"Carlife","category":"shop:clothes"}},{"type":"Feature","geometry":{"type":"Point","coordinates":[139.701623,35.656541]},"properties":{"name":"すき家 / Sukiya","category":"amenity:fast_food"}},{"type":"Feature","geometry":{"type":"Point","coordinates":[139.707292,35.647413]},"properties":{"name":"ローソン","category":"shop:convenience"}},{"type":"Feature","geometry":{"type":"Point","coordinates":[139.708302,35.647308]},"properties":{"name":"ファミリーマート","category":"shop:convenience"}},{"type":"Feature","geometry":{"type":"Point","coordinates":[139.70517,35.671101]},"properties":{"name":"セブン-イレブン","category":"shop:convenience","level":"0"}},{"type":"Feature","geometry":{"type":"Point","coordinates":[139.706157,35.6697]},"properties":{"name":"Galaxy","category":"shop:mobile_phone"}},{"type":"Feature","geometry":{"type":"Point","coordinates":[139.706277,35.669804]},"properties":{"name":"Forever 21","category":"shop:clothes"}},{"type":"Feature","geometry":{"type":"Point","coordinates":[139.704426,35.668676]},"properties":{"name":"Harry Potter","category":"shop:yes","level":"0"}},{"type":"Feature","geometry":{"type":"Point","coordinates":[139.705392,35.666967]},"properties":{"name":"Toni & Guy","category":"shop:hairdresser"}},{"type":"Feature","geometry":{"type":"Point","coordinates":[139.705554,35.667195]},"properties":{"name":"ファミリーマート","category":"shop:convenience"}},{"type":"Feature","geometry":{"type":"Point","coordinates":[139.708095,35.663495]},"properties":{"name":"Las Chicas","category":"amenity:restaurant"}},{"type":"Feature","geometry":{"type":"Point","coordinates":[139.708333,35.663353]},"properties":{"name":"Tokyo Salon","category":"amenity:bar"}},{"type":"Feature","geometry":{"type":"Point","coordinates":[139.706781,35.667]},"properties":{"name":"スターバックス","category":"amenity:cafe"}},{"type":"Feature","geometry":{"type":"Point","coordinates":[139.706561,35.668247]},"properties":{"name":"ローソン","category":"shop:convenience"}},{"type":"Feature","geometry":{"type":"Point","coordinates":[139.707245,35.668016]},"properties":{"name":"Ralph Lauren","category":"shop:clothes"}},{"type":"Feature","geometry":{"type":"Point","coordinates":[139.707466,35.654762]},"properties":{"name":"ライフ","category":"shop:supermarket"}},{"type":"Feature","geometry":{"type":"Point","coordinates":[139.697829,35.65918]},"properties":{"name":"モスバーガー","category":"amenity:fast_food"}},{"type":"Feature","geometry":{"type":"Point","coordinates":[139.7044,35.655786]},"properties":{"name":"カフェ・ベローチェ","category":"amenity:cafe","level":"0"}},{"type":"Feature","geometry":{"type":"Point","coordinates":[139.704538,35.65599]},"properties":{"name":"ドトールコーヒーショップ","category":"amenity:cafe"}},{"type":"Feature","geometry":{"type":"Point","coordinates":[139.704329,35.657262]},"properties":{"name":"城南信用金庫","category":"amenity:bank"}},{"type":"Feature","geometry":{"type":"Point","coordinates":[139.704894,35.648097]},"properties":{"name":"セブン-イレブン","category":"shop:convenience","level":"0"}},{"type":"Feature","geometry":{"type":"Point","coordinates":[139.698089,35.656101]},"properties":{"name":"カフェ・ド・クリエ","category":"amenity:cafe","level":"0"}},{"type":"Feature","geometry":{"type":"Point","coordinates":[139.702738,35.650042]},"properties":{"name":"サブウェイ","category":"amenity:fast_food"}},{"type":"Feature","geometry":{"type":"Point","coordinates":[139.700514,35.655828]},"properties":{"name":"ジョナサン","category":"amenity:restaurant"}},{"type":"Feature","geometry":{"type":"Point","coordinates":[139.702989,35.654291]},"properties":{"name":"ミニストップ","category":"shop:convenience"}},{"type":"Feature","geometry":{"type":"Point","coordinates":[139.708257,35.64852]},"properties":{"name":"ファミリーマート","category":"shop:convenience"}},{"type":"Feature","geometry":{"type":"Point","coordinates":[139.70113,35.656896]},"properties":{"name":"ファミリーマート","category":"shop:convenience"}},{"type":"Feature","geometry":{"type":"Point","coordinates":[139.704281,35.652043]},"properties":{"name":"Bistro Sarugaku","category":"amenity:restaurant"}},{"type":"Feature","geometry":{"type":"Point","coordinates":[139.699352,35.659743]},"properties":{"name":"不二家レストラン","category":"amenity:restaurant"}},{"type":"Feature","geometry":{"type":"Point","coordinates":[139.70021,35.65811]},"properties":{"name":"横浜銀行","category":"amenity:bank"}},{"type":"Feature","geometry":{"type":"Point","coordinates":[139.699119,35.657043]},"properties":{"name":"セブン-イレブン","category":"shop:convenience","level":"0"}},{"type":"Feature","geometry":{"type":"Point","coordinates":[139.698896,35.660641]},"properties":{"name":"Skechers","category":"shop:shoes"}},{"type":"Feature","geometry":{"type":"Point","coordinates":[139.697941,35.661285]},"properties":{"name":"すき家","category":"amenity:fast_food"}},{"type":"Feature","geometry":{"type":"Point","coordinates":[139.696854,35.662302]},"properties":{"name":"サイゼリヤ","category":"amenity:restaurant","level":"1"}},{"type":"Feature","geometry":{"type":"Point","coordinates":[139.698623,35.660665]},"properties":{"name":"Viva - Street wear","category":"shop:clothes"}},{"type":"Feature","geometry":{"type":"Point","coordinates":[139.697542,35.661845]},"properties":{"name":"ドトールコーヒーショップ","category":"amenity:cafe"}},{"type":"Feature","geometry":{"type":"Point","coordinates":[139.700121,35.659745]},"properties":{"name":"大盛堂書店","category":"shop:books"}},{"type":"Feature","geometry":{"type":"Point","coordinates":[139.698027,35.661172]},"properties":{"name":"兆楽","category":"amenity:restaurant"}},{"type":"Feature","geometry":{"type":"Point","coordinates":[139.697089,35.662188]},"properties":{"name":"THE CAP","category":"shop:fashion_accessories","level":"0"}},{"type":"Feature","geometry":{"type":"Point","coordinates":[139.698303,35.660828]},"properties":{"name":"新時代","category":"amenity:pub","level":"0"}},{"type":"Feature","geometry":{"type":"Point","coordinates":[139.714084,35.665056]},"properties":{"name":"Country Harvest","category":"shop:florist"}},{"type":"Feature","geometry":{"type":"Point","coordinates":[139.713679,35.661678]},"properties":{"name":"ドトールコーヒーショップ","category":"amenity:cafe"}},{"type":"Feature","geometry":{"type":"Point","coordinates":[139.714366,35.661338]},"properties":{"name":"スターバックス","category":"amenity:cafe"}},{"type":"Feature","geometry":{"type":"Point","coordinates":[139.704678,35.667843]},"properties":{"name":"BOTANIST","category":"shop:cosmetics","level":"0"}},{"type":"Feature","geometry":{"type":"Point","coordinates":[139.696684,35.660576]},"properties":{"name":"東京都民銀行","category":"amenity:bank"}},{"type":"Feature","geometry":{"type":"Point","coordinates":[139.696483,35.66105]},"properties":{"name":"ガスト","category":"amenity:restaurant","level":"1"}},{"type":"Feature","geometry":{"type":"Point","coordinates":[139.6978,35.66009]},"properties":{"name":"Shibuya G'Club","category":"shop:musical_instrument"}},{"type":"Feature","geometry":{"type":"Point","coordinates":[139.697063,35.660318]},"properties":{"name":"キタムラ","category":"shop:photo"}},{"type":"Feature","geometry":{"type":"Point","coordinates":[139.691042,35.667446]},"properties":{"name":"ファミリーマート","category":"shop:convenience"}},{"type":"Feature","geometry":{"type":"Point","coordinates":[139.711302,35.664504]},"properties":{"name":"カフェ・ラ・ボエム","category":"amenity:bar","level":"-1"}},{"type":"Feature","geometry":{"type":"Point","coordinates":[139.711531,35.664418]},"properties":{"name":"maniere de NOJESS","category":"shop:clothes"}},{"type":"Feature","geometry":{"type":"Point","coordinates":[139.711563,35.664457]},"properties":{"name":"Longchamp","category":"shop:fashion_accessories"}},{"type":"Feature","geometry":{"type":"Point","coordinates":[139.711968,35.665484]},"properties":{"name":"Aoyama Diamond Hall","category":"shop:general"}},{"type":"Feature","geometry":{"type":"Point","coordinates":[139.711643,35.66452]},"properties":{"name":"And Accessoire","category":"shop:clothes"}},{"type":"Feature","geometry":{"type":"Point","coordinates":[139.711788,35.664901]},"properties":{"name":"東方見聞録","category":"amenity:pub"}},{"type":"Feature","geometry":{"type":"Point","coordinates":[139.711511,35.664391]},"properties":{"name":"まぐろの店 田","category":"amenity:restaurant"}},{"type":"Feature","geometry":{"type":"Point","coordinates":[139.71174,35.664664]},"properties":{"name":"Natural House","category":"shop:greengrocer"}},{"type":"Feature","geometry":{"type":"Point","coordinates":[139.7124,35.664834]},"properties":{"name":"Délifrance","category":"shop:bakery"}},{"type":"Feature","geometry":{"type":"Point","coordinates":[139.700108,35.658232]},"properties":{"name":"三菱UFJ銀行","category":"amenity:bank"}},{"type":"Feature","geometry":{"type":"Point","coordinates":[139.691081,35.667032]},"properties":{"name":"BLUE LUG","category":"shop:bicycle"}},{"type":"Feature","geometry":{"type":"Point","coordinates":[139.694123,35.664867]},"properties":{"name":"酔香楼","category":"amenity:restaurant"}},{"type":"Feature","geometry":{"type":"Point","coordinates":[139.705234,35.658743]},"properties":{"name":"スターバックス","category":"amenity:cafe","level":"2"}},{"type":"Feature","geometry":{"type":"Point","coordinates":[139.705385,35.658655]},"properties":{"name":"ファミリーマート","category":"shop:convenience"}},{"type":"Feature","geometry":{"type":"Point","coordinates":[139.703966,35.668983]},"properties":{"name":"南国酒家","category":"amenity:restaurant"}},{"type":"Feature","geometry":{"type":"Point","coordinates":[139.70971,35.666264]},"properties":{"name":"Rolex","category":"shop:watches"}},{"type":"Feature","geometry":{"type":"Point","coordinates":[139.711918,35.663805]},"properties":{"name":"ナプレ","category":"amenity:restaurant"}},{"type":"Feature","geometry":{"type":"Point","coordinates":[139.698338,35.659364]},"properties":{"name":"ユニクロ","category":"shop:clothes"}},{"type":"Feature","geometry":{"type":"Point","coordinates":[139.699094,35.658548]},"properties":{"name":"啓文堂書店","category":"shop:books","level":"1"}},{"type":"Feature","geometry":{"type":"Point","coordinates":[139.711835,35.668217]},"properties":{"name":"セブン-イレブン","category":"shop:convenience","level":"0"}},{"type":"Feature","geometry":{"type":"Point","coordinates":[139.708203,35.66975]},"properties":{"name":"ファミリーマート","category":"shop:convenience"}},{"type":"Feature","geometry":{"type":"Point","coordinates":[139.704091,35.657478]},"properties":{"name":"カフェ・ド・クリエ","category":"amenity:cafe"}},{"type":"Feature","geometry":{"type":"Point","coordinates":[139.702083,35.659798]},"properties":{"name":"ビックカメラ","category":"shop:electronics"}},{"type":"Feature","geometry":{"type":"Point","coordinates":[139.703998,35.657544]},"properties":{"name":"ローソン","category":"shop:convenience"}},{"type":"Feature","geometry":{"type":"Point","coordinates":[139.704653,35.657021]},"properties":{"name":"Kinko's","category":"shop:stationery","level":"0"}},{"type":"Feature","geometry":{"type":"Point","coordinates":[139.70616,35.655865]},"properties":{"name":"はなの舞","category":"amenity:pub"}},{"type":"Feature","geometry":{"type":"Point","coordinates":[139.705306,35.656583]},"properties":{"name":"サイゼリヤ","category":"amenity:restaurant"}},{"type":"Feature","geometry":{"type":"Point","coordinates":[139.705478,35.656401]},"properties":{"name":"スターバックス","category":"amenity:cafe"}},{"type":"Feature","geometry":{"type":"Point","coordinates":[139.706618,35.655505]},"properties":{"name":"ターリー屋","category":"amenity:restaurant"}},{"type":"Feature","geometry":{"type":"Point","coordinates":[139.705136,35.656693]},"properties":{"name":"トモズ","category":"shop:chemist"}},{"type":"Feature","geometry":{"type":"Point","coordinates":[139.705594,35.65633]},"properties":{"name":"ファミリーマート","category":"shop:convenience"}},{"type":"Feature","geometry":{"type":"Point","coordinates":[139.705302,35.656538]},"properties":{"name":"上島珈琲店","category":"amenity:cafe"}},{"type":"Feature","geometry":{"type":"Point","coordinates":[139.706552,35.6555]},"properties":{"name":"富士そば","category":"amenity:fast_food"}},{"type":"Feature","geometry":{"type":"Point","coordinates":[139.704911,35.656825]},"properties":{"name":"浜ちゃん","category":"amenity:pub"}},{"type":"Feature","geometry":{"type":"Point","coordinates":[139.706124,35.6559]},"properties":{"name":"渋谷三丁目らあめん","category":"amenity:fast_food"}},{"type":"Feature","geometry":{"type":"Point","coordinates":[139.706442,35.655599]},"properties":{"name":"山頭火","category":"amenity:fast_food"}},{"type":"Feature","geometry":{"type":"Point","coordinates":[139.703144,35.658543]},"properties":{"name":"築地銀だこ","category":"amenity:fast_food"}},{"type":"Feature","geometry":{"type":"Point","coordinates":[139.709039,35.65288]},"properties":{"name":"さわやか信用金庫","category":"amenity:bank"}},{"type":"Feature","geometry":{"type":"Point","coordinates":[139.708988,35.653068]},"properties":{"name":"明治通りワイン食堂","category":"amenity:restaurant"}},{"type":"Feature","geometry":{"type":"Point","coordinates":[139.709116,35.652345]},"properties":{"name":"ファミリーマート","category":"shop:convenience"}},{"type":"Feature","geometry":{"type":"Point","coordinates":[139.709218,35.651466]},"properties":{"name":"フレッシュネスバーガー","category":"amenity:fast_food"}},{"type":"Feature","geometry":{"type":"Point","coordinates":[139.709158,35.652142]},"properties":{"name":"メルセデス・ベンツ","category":"shop:car"}},{"type":"Feature","geometry":{"type":"Point","coordinates":[139.710316,35.648194]},"properties":{"name":"YOSHIHARA","category":"shop:shoes"}},{"type":"Feature","geometry":{"type":"Point","coordinates":[139.71042,35.648294]},"properties":{"name":"えびす飯店","category":"amenity:restaurant"}},{"type":"Feature","geometry":{"type":"Point","coordinates":[139.710319,35.648236]},"properties":{"name":"五右衛門","category":"amenity:restaurant"}},{"type":"Feature","geometry":{"type":"Point","coordinates":[139.69608,35.657638]},"properties":{"name":"セブン-イレブン","category":"shop:convenience","level":"0"}},{"type":"Feature","geometry":{"type":"Point","coordinates":[139.696468,35.657733]},"properties":{"name":"K's BAR","category":"amenity:bar"}},{"type":"Feature","geometry":{"type":"Point","coordinates":[139.700613,35.662071]},"properties":{"name":"日本生活金融公庫","category":"amenity:bank"}},{"type":"Feature","geometry":{"type":"Point","coordinates":[139.700003,35.659073]},"properties":{"name":"auショップ","category":"shop:mobile_phone"}},{"type":"Feature","geometry":{"type":"Point","coordinates":[139.699803,35.660708]},"properties":{"name":"ALAND","category":"shop:clothes","level":"0;1"}},{"type":"Feature","geometry":{"type":"Point","coordinates":[139.699723,35.660498]},"properties":{"name":"白鳳","category":"amenity:restaurant","level":"-1"}},{"type":"Feature","geometry":{"type":"Point","coordinates":[139.699503,35.65791]},"properties":{"name":"博多天神","category":"amenity:fast_food"}},{"type":"Feature","geometry":{"type":"Point","coordinates":[139.701534,35.659854]},"properties":{"name":"渋谷のんべい横丁","category":"amenity:restaurant"}},{"type":"Feature","geometry":{"type":"Point","coordinates":[139.709141,35.663277]},"properties":{"name":"EYES CAFE","category":"amenity:cafe"}},{"type":"Feature","geometry":{"type":"Point","coordinates":[139.706291,35.65518]},"properties":{"name":"魚料理　のじま","category":"amenity:restaurant"}},{"type":"Feature","geometry":{"type":"Point","coordinates":[139.687094,35.657502]},"properties":{"name":"まいばすけっと","category":"shop:supermarket"}},{"type":"Feature","geometry":{"type":"Point","coordinates":[139.68745,35.657439]},"properties":{"name":"STAN","category":"amenity:fast_food"}},{"type":"Feature","geometry":{"type":"Point","coordinates":[139.701349,35.659558]},"properties":{"name":"Pepper Lunch","category":"amenity:fast_food"}},{"type":"Feature","geometry":{"type":"Point","coordinates":[139.701161,35.659561]},"properties":{"name":"SCRAMBLE","category":"amenity:cafe"}},{"type":"Feature","geometry":{"type":"Point","coordinates":[139.701942,35.6596]},"properties":{"name":"Sharro","category":"amenity:restaurant"}},{"type":"Feature","geometry":{"type":"Point","coordinates":[139.701777,35.65968]},"properties":{"name":"みずほ銀行","category":"amenity:bank"}},{"type":"Feature","geometry":{"type":"Point","coordinates":[139.700911,35.659602]},"properties":{"name":"銀座コージーコーナー","category":"shop:confectionery"}},{"type":"Feature","geometry":{"type":"Point","coordinates":[139.700891,35.659705]},"properties":{"name":"星乃珈琲店","category":"amenity:cafe","level":"1"}},{"type":"Feature","geometry":{"type":"Point","coordinates":[139.701244,35.659562]},"properties":{"name":"Tokyo豚骨Base","category":"amenity:restaurant"}},{"type":"Feature","geometry":{"type":"Point","coordinates":[139.698074,35.65899]},"properties":{"name":"らーめん 七志","category":"amenity:fast_food"}},{"type":"Feature","geometry":{"type":"Point","coordinates":[139.698171,35.659015]},"properties":{"name":"イワキメガネ","category":"shop:optician"}},{"type":"Feature","geometry":{"type":"Point","coordinates":[139.697233,35.660291]},"properties":{"name":"ウィルコムプラザ渋谷","category":"shop:mobile_phone"}},{"type":"Feature","geometry":{"type":"Point","coordinates":[139.697157,35.66031]},"properties":{"name":"エーコー","category":"shop:jewelry"}},{"type":"Feature","geometry":{"type":"Point","coordinates":[139.697764,35.659976]},"properties":{"name":"サンチケット販売","category":"shop:yes"}},{"type":"Feature","geometry":{"type":"Point","coordinates":[139.697654,35.659175]},"properties":{"name":"ベビードール","category":"shop:pet"}},{"type":"Feature","geometry":{"type":"Point","coordinates":[139.697126,35.660273]},"properties":{"name":"ホァングン","category":"amenity:restaurant","level":"5"}},{"type":"Feature","geometry":{"type":"Point","coordinates":[139.697865,35.658919]},"properties":{"name":"丸亀製麺所","category":"amenity:fast_food"}},{"type":"Feature","geometry":{"type":"Point","coordinates":[139.697803,35.659522]},"properties":{"name":"つけめん TETSU","category":"amenity:fast_food"}},{"type":"Feature","geometry":{"type":"Point","coordinates":[139.697768,35.659334]},"properties":{"name":"角屋酒店","category":"shop:alcohol"}},{"type":"Feature","geometry":{"type":"Point","coordinates":[139.697587,35.660151]},"properties":{"name":"金の蔵","category":"amenity:pub","level":"-1"}},{"type":"Feature","geometry":{"type":"Point","coordinates":[139.697816,35.659659]},"properties":{"name":"鳥佐","category":"amenity:restaurant"}},{"type":"Feature","geometry":{"type":"Point","coordinates":[139.698517,35.658727]},"properties":{"name":"ミニストップ","category":"shop:convenience"}},{"type":"Feature","geometry":{"type":"Point","coordinates":[139.698391,35.658895]},"properties":{"name":"吉そば","category":"amenity:fast_food"}},{"type":"Feature","geometry":{"type":"Point","coordinates":[139.698427,35.658838]},"properties":{"name":"吉沢利工","category":"shop:hardware"}},{"type":"Feature","geometry":{"type":"Point","coordinates":[139.698553,35.658663]},"properties":{"name":"後楽ラーメン","category":"amenity:fast_food"}},{"type":"Feature","geometry":{"type":"Point","coordinates":[139.698375,35.65893]},"properties":{"name":"油そば 春日亭","category":"amenity:fast_food"}},{"type":"Feature","geometry":{"type":"Point","coordinates":[139.695723,35.663499]},"properties":{"name":"NHK VIDEO SHOP","category":"shop:video"}},{"type":"Feature","geometry":{"type":"Point","coordinates":[139.696035,35.660102]},"properties":{"name":"タリーズコーヒー 渋谷道玄坂店","category":"amenity:cafe","level":"0"}},{"type":"Feature","geometry":{"type":"Point","coordinates":[139.696636,35.660326]},"properties":{"name":"スターバックス","category":"amenity:cafe","level":"0"}},{"type":"Feature","geometry":{"type":"Point","coordinates":[139.696626,35.661096]},"properties":{"name":"うまいもん酒場","category":"amenity:pub"}},{"type":"Feature","geometry":{"type":"Point","coordinates":[139.696698,35.66114]},"properties":{"name":"すしざんまい","category":"amenity:restaurant","level":"0"}},{"type":"Feature","geometry":{"type":"Point","coordinates":[139.696581,35.661074]},"properties":{"name":"わん","category":"amenity:pub","level":"2"}},{"type":"Feature","geometry":{"type":"Point","coordinates":[139.697597,35.661743]},"properties":{"name":"キャンドゥ","category":"shop:variety_store","level":"-1"}},{"type":"Feature","geometry":{"type":"Point","coordinates":[139.696519,35.660305]},"properties":{"name":"ステーキはなて","category":"amenity:restaurant"}},{"type":"Feature","geometry":{"type":"Point","coordinates":[139.696537,35.661043]},"properties":{"name":"メガネスーパー","category":"shop:optician"}},{"type":"Feature","geometry":{"type":"Point","coordinates":[139.696204,35.660192]},"properties":{"name":"匠","category":"amenity:restaurant"}},{"type":"Feature","geometry":{"type":"Point","coordinates":[139.699348,35.659336]},"properties":{"name":"Hatch","category":"shop:optician"}},{"type":"Feature","geometry":{"type":"Point","coordinates":[139.699851,35.659705]},"properties":{"name":"JTB","category":"shop:travel_agency"}},{"type":"Feature","geometry":{"type":"Point","coordinates":[139.699178,35.65981]},"properties":{"name":"Adidas","category":"shop:sports"}},{"type":"Feature","geometry":{"type":"Point","coordinates":[139.698784,35.659158]},"properties":{"name":"miami villa","category":"amenity:cafe"}},{"type":"Feature","geometry":{"type":"Point","coordinates":[139.699935,35.659713]},"properties":{"name":"うなぎ 松川","category":"amenity:restaurant"}},{"type":"Feature","geometry":{"type":"Point","coordinates":[139.701131,35.659652]},"properties":{"name":"にゅう鳥金","category":"amenity:pub"}},{"type":"Feature","geometry":{"type":"Point","coordinates":[139.69842,35.659023]},"properties":{"name":"びんちょうや","category":"amenity:restaurant"}},{"type":"Feature","geometry":{"type":"Point","coordinates":[139.699971,35.659716]},"properties":{"name":"もんじゃ お好み焼き","category":"amenity:restaurant"}},{"type":"Feature","geometry":{"type":"Point","coordinates":[139.701011,35.659605]},"properties":{"name":"アコム","category":"shop:money_lender"}},{"type":"Feature","geometry":{"type":"Point","coordinates":[139.69896,35.659213]},"properties":{"name":"キーフェル","category":"amenity:cafe"}},{"type":"Feature","geometry":{"type":"Point","coordinates":[139.699515,35.65973]},"properties":{"name":"グルメタウン","category":"amenity:restaurant"}},{"type":"Feature","geometry":{"type":"Point","coordinates":[139.699791,35.659705]},"properties":{"name":"マツモトキヨシ","category":"shop:chemist"}},{"type":"Feature","geometry":{"type":"Point","coordinates":[139.699235,35.659308]},"properties":{"name":"吉野家","category":"amenity:fast_food"}},{"type":"Feature","geometry":{"type":"Point","coordinates":[139.698409,35.659051]},"properties":{"name":"炭火焼鳥 手串屋","category":"amenity:restaurant"}},{"type":"Feature","geometry":{"type":"Point","coordinates":[139.698641,35.659114]},"properties":{"name":"甘太郎","category":"amenity:pub"}},{"type":"Feature","geometry":{"type":"Point","coordinates":[139.701132,35.659747]},"properties":{"name":"餃子の王将","category":"amenity:restaurant","level":"3"}},{"type":"Feature","geometry":{"type":"Point","coordinates":[139.698109,35.658511]},"properties":{"name":"Wagyu Hitsumabushi rokueitei","category":"amenity:restaurant","level":"3"}},{"type":"Feature","geometry":{"type":"Point","coordinates":[139.698086,35.658562]},"properties":{"name":"HI-MAWARI","category":"amenity:restaurant"}},{"type":"Feature","geometry":{"type":"Point","coordinates":[139.698117,35.658582]},"properties":{"name":"bee","category":"amenity:bar"}},{"type":"Feature","geometry":{"type":"Point","coordinates":[139.697867,35.659212]},"properties":{"name":"ロイヤルホスト","category":"amenity:restaurant"}},{"type":"Feature","geometry":{"type":"Point","coordinates":[139.698144,35.658553]},"properties":{"name":"あぐり","category":"amenity:restaurant"}},{"type":"Feature","geometry":{"type":"Point","coordinates":[139.6981,35.658536]},"properties":{"name":"くんなまし","category":"amenity:restaurant"}},{"type":"Feature","geometry":{"type":"Point","coordinates":[139.697992,35.65927]},"properties":{"name":"ソフトバンクショップ","category":"shop:mobile_phone"}},{"type":"Feature","geometry":{"type":"Point","coordinates":[139.698061,35.659238]},"properties":{"name":"ファミリーマート","category":"shop:convenience"}},{"type":"Feature","geometry":{"type":"Point","coordinates":[139.697993,35.659212]},"properties":{"name":"ブティック モロ","category":"shop:clothes"}},{"type":"Feature","geometry":{"type":"Point","coordinates":[139.697955,35.65924]},"properties":{"name":"和民","category":"amenity:pub"}},{"type":"Feature","geometry":{"type":"Point","coordinates":[139.69791,35.659194]},"properties":{"name":"土間土間","category":"amenity:pub"}},{"type":"Feature","geometry":{"type":"Point","coordinates":[139.698322,35.658772]},"properties":{"name":"焼肉 寿亭","category":"amenity:restaurant"}},{"type":"Feature","geometry":{"type":"Point","coordinates":[139.69786,35.659241]},"properties":{"name":"白木屋","category":"amenity:pub"}},{"type":"Feature","geometry":{"type":"Point","coordinates":[139.697677,35.658789]},"properties":{"name":"MARUHACHI","category":"amenity:restaurant"}},{"type":"Feature","geometry":{"type":"Point","coordinates":[139.697699,35.658754]},"properties":{"name":"イカセンター","category":"amenity:restaurant"}},{"type":"Feature","geometry":{"type":"Point","coordinates":[139.697749,35.658754]},"properties":{"name":"サワディ","category":"amenity:restaurant"}},{"type":"Feature","geometry":{"type":"Point","coordinates":[139.698061,35.658943]},"properties":{"name":"チャオタイ","category":"amenity:restaurant"}},{"type":"Feature","geometry":{"type":"Point","coordinates":[139.697715,35.65881]},"properties":{"name":"ハヌリ","category":"amenity:restaurant"}},{"type":"Feature","geometry":{"type":"Point","coordinates":[139.697994,35.658956]},"properties":{"name":"天下寿司 Tenkazushi","category":"amenity:restaurant"}},{"type":"Feature","geometry":{"type":"Point","coordinates":[139.697759,35.658826]},"properties":{"name":"朝日屋","category":"amenity:restaurant"}},{"type":"Feature","geometry":{"type":"Point","coordinates":[139.69801,35.658929]},"properties":{"name":"東京チカラメン","category":"amenity:restaurant"}},{"type":"Feature","geometry":{"type":"Point","coordinates":[139.697658,35.659137]},"properties":{"name":"金太郎","category":"shop:video"}},{"type":"Feature","geometry":{"type":"Point","coordinates":[139.697858,35.658686]},"properties":{"name":"鳥将","category":"amenity:pub"}},{"type":"Feature","geometry":{"type":"Point","coordinates":[139.691239,35.65784]},"properties":{"name":"cafe cafe","category":"amenity:cafe"}},{"type":"Feature","geometry":{"type":"Point","coordinates":[139.697852,35.660975]},"properties":{"name":"ファミリーマート","category":"shop:convenience","level":"0"}},{"type":"Feature","geometry":{"type":"Point","coordinates":[139.698048,35.661441]},"properties":{"name":"フランフラン","category":"shop:furniture"}},{"type":"Feature","geometry":{"type":"Point","coordinates":[139.697898,35.661352]},"properties":{"name":"kirin city","category":"amenity:restaurant"}},{"type":"Feature","geometry":{"type":"Point","coordinates":[139.697958,35.661561]},"properties":{"name":"missha","category":"shop:chemist"}},{"type":"Feature","geometry":{"type":"Point","coordinates":[139.697847,35.66142]},"properties":{"name":"ちゅらり","category":"amenity:restaurant","level":"1"}},{"type":"Feature","geometry":{"type":"Point","coordinates":[139.697993,35.661515]},"properties":{"name":"ひもの屋","category":"shop:deli"}},{"type":"Feature","geometry":{"type":"Point","coordinates":[139.698109,35.661369]},"properties":{"name":"クレープ","category":"amenity:fast_food"}},{"type":"Feature","geometry":{"type":"Point","coordinates":[139.698025,35.661479]},"properties":{"name":"サンマルクカフェ","category":"amenity:cafe","level":"0"}},{"type":"Feature","geometry":{"type":"Point","coordinates":[139.697779,35.661003]},"properties":{"name":"シェーキーズ","category":"amenity:restaurant","level":"1"}},{"type":"Feature","geometry":{"type":"Point","coordinates":[139.697923,35.661747]},"properties":{"name":"マンボー","category":"amenity:cafe"}},{"type":"Feature","geometry":{"type":"Point","coordinates":[139.697957,35.661225]},"properties":{"name":"牛角","category":"amenity:restaurant","level":"1"}},{"type":"Feature","geometry":{"type":"Point","coordinates":[139.697973,35.660939]},"properties":{"name":"磯丸水産","category":"amenity:restaurant"}},{"type":"Feature","geometry":{"type":"Point","coordinates":[139.698609,35.660287]},"properties":{"name":"ABCマート","category":"shop:shoes"}},{"type":"Feature","geometry":{"type":"Point","coordinates":[139.699887,35.660129]},"properties":{"name":"mineo 渋谷","category":"shop:mobile_phone"}},{"type":"Feature","geometry":{"type":"Point","coordinates":[139.698297,35.660462]},"properties":{"name":"GEO mobile","category":"shop:mobile_phone"}},{"type":"Feature","geometry":{"type":"Point","coordinates":[139.699017,35.660318]},"properties":{"name":"ファミリーマート","category":"shop:convenience","level":"0"}},{"type":"Feature","geometry":{"type":"Point","coordinates":[139.699219,35.66077]},"properties":{"name":"Levi's","category":"shop:clothes"}},{"type":"Feature","geometry":{"type":"Point","coordinates":[139.698522,35.660492]},"properties":{"name":"マモケバブ","category":"amenity:fast_food","level":"0"}},{"type":"Feature","geometry":{"type":"Point","coordinates":[139.69943,35.660761]},"properties":{"name":"PRONTO","category":"amenity:cafe","level":"0;1"}},{"type":"Feature","geometry":{"type":"Point","coordinates":[139.698111,35.660538]},"properties":{"name":"SALASA","category":"amenity:bar"}},{"type":"Feature","geometry":{"type":"Point","coordinates":[139.699013,35.66081]},"properties":{"name":"SHAZBOY","category":"shop:clothes"}},{"type":"Feature","geometry":{"type":"Point","coordinates":[139.699198,35.660588]},"properties":{"name":"Zara","category":"shop:clothes"}},{"type":"Feature","geometry":{"type":"Point","coordinates":[139.698902,35.660362]},"properties":{"name":"バーガーキング","category":"amenity:fast_food","level":"0;1"}},{"type":"Feature","geometry":{"type":"Point","coordinates":[139.699487,35.660566]},"properties":{"name":"日本油党","category":"amenity:fast_food","level":"0"}},{"type":"Feature","geometry":{"type":"Point","coordinates":[139.699943,35.660081]},"properties":{"name":"C-pla","category":"shop:yes"}},{"type":"Feature","geometry":{"type":"Point","coordinates":[139.699153,35.660278]},"properties":{"name":"野郎ラーメン","category":"amenity:fast_food","level":"0"}},{"type":"Feature","geometry":{"type":"Point","coordinates":[139.698419,35.660317]},"properties":{"name":"威風","category":"amenity:restaurant","level":"0"}},{"type":"Feature","geometry":{"type":"Point","coordinates":[139.699325,35.660238]},"properties":{"name":"Pandora","category":"shop:jewelry"}},{"type":"Feature","geometry":{"type":"Point","coordinates":[139.698939,35.660818]},"properties":{"name":"エクステ市場","category":"shop:hairdresser"}},{"type":"Feature","geometry":{"type":"Point","coordinates":[139.69792,35.660609]},"properties":{"name":"グランサイバーカフェ","category":"amenity:cafe"}},{"type":"Feature","geometry":{"type":"Point","coordinates":[139.69838,35.660254]},"properties":{"name":"ドトールコーヒーショップ","category":"amenity:cafe"}},{"type":"Feature","geometry":{"type":"Point","coordinates":[139.69875,35.661066]},"properties":{"name":"ムラサキスポーツ","category":"shop:sports"}},{"type":"Feature","geometry":{"type":"Point","coordinates":[139.698729,35.661005]},"properties":{"name":"丸亀製麺","category":"amenity:fast_food"}},{"type":"Feature","geometry":{"type":"Point","coordinates":[139.698462,35.66051]},"properties":{"name":"Chicken Time","category":"amenity:fast_food"}},{"type":"Feature","geometry":{"type":"Point","coordinates":[139.69805,35.660714]},"properties":{"name":"天下一品","category":"amenity:restaurant","level":"0"}},{"type":"Feature","geometry":{"type":"Point","coordinates":[139.697873,35.66076]},"properties":{"name":"LITTLE SHEEP","category":"amenity:restaurant","level":"0"}},{"type":"Feature","geometry":{"type":"Point","coordinates":[139.698951,35.660204]},"properties":{"name":"松屋","category":"amenity:fast_food","level":"0"}},{"type":"Feature","geometry":{"type":"Point","coordinates":[139.698175,35.66051]},"properties":{"name":"渋谷 門","category":"amenity:restaurant"}},{"type":"Feature","geometry":{"type":"Point","coordinates":[139.698283,35.660597]},"properties":{"name":"神座","category":"amenity:restaurant","level":"0"}},{"type":"Feature","geometry":{"type":"Point","coordinates":[139.698218,35.660694]},"properties":{"name":"福安","category":"amenity:restaurant"}},{"type":"Feature","geometry":{"type":"Point","coordinates":[139.698808,35.660406]},"properties":{"name":"とりいちず","category":"amenity:pub","level":"-1"}},{"type":"Feature","geometry":{"type":"Point","coordinates":[139.699108,35.660335]},"properties":{"name":"椿屋カフェ","category":"amenity:cafe","level":"1;2"}},{"type":"Feature","geometry":{"type":"Point","coordinates":[139.698822,35.660651]},"properties":{"name":"The Body Shop","category":"shop:cosmetics"}},{"type":"Feature","geometry":{"type":"Point","coordinates":[139.697504,35.662612]},"properties":{"name":"C & K Nail","category":"shop:beauty"}},{"type":"Feature","geometry":{"type":"Point","coordinates":[139.697604,35.662536]},"properties":{"name":"Crow Around","category":"shop:clothes"}},{"type":"Feature","geometry":{"type":"Point","coordinates":[139.697599,35.662403]},"properties":{"name":"Montbell","category":"shop:sports"}},{"type":"Feature","geometry":{"type":"Point","coordinates":[139.697532,35.662615]},"properties":{"name":"Moogom","category":"shop:hairdresser"}},{"type":"Feature","geometry":{"type":"Point","coordinates":[139.697633,35.662517]},"properties":{"name":"モボモガ","category":"amenity:cafe"}},{"type":"Feature","geometry":{"type":"Point","coordinates":[139.697453,35.662542]},"properties":{"name":"139 A Carte Dinner","category":"amenity:cafe"}},{"type":"Feature","geometry":{"type":"Point","coordinates":[139.697342,35.662631]},"properties":{"name":"Rhythm Cafe & Bar","category":"amenity:bar"}},{"type":"Feature","geometry":{"type":"Point","coordinates":[139.697316,35.6625]},"properties":{"name":"Barquinho","category":"amenity:bar"}},{"type":"Feature","geometry":{"type":"Point","coordinates":[139.697412,35.662408]},"properties":{"name":"Bistro Rojura","category":"amenity:restaurant"}},{"type":"Feature","geometry":{"type":"Point","coordinates":[139.697215,35.662738]},"properties":{"name":"Cafe and Dining and People","category":"amenity:bar"}},{"type":"Feature","geometry":{"type":"Point","coordinates":[139.697307,35.662669]},"properties":{"name":"Muse","category":"amenity:cafe"}},{"type":"Feature","geometry":{"type":"Point","coordinates":[139.697397,35.662424]},"properties":{"name":"nano.org","category":"shop:hairdresser"}},{"type":"Feature","geometry":{"type":"Point","coordinates":[139.698358,35.662455]},"properties":{"name":"AVIREX","category":"shop:clothes"}},{"type":"Feature","geometry":{"type":"Point","coordinates":[139.699797,35.661916]},"properties":{"name":"Apple Store","category":"shop:electronics","level":"0;1;2"}},{"type":"Feature","geometry":{"type":"Point","coordinates":[139.699237,35.66389]},"properties":{"name":"CARROT","category":"shop:deli"}},{"type":"Feature","geometry":{"type":"Point","coordinates":[139.699372,35.661872]},"properties":{"name":"Gap","category":"shop:vacant"}},{"type":"Feature","geometry":{"type":"Point","coordinates":[139.698757,35.663652]},"properties":{"name":"Kahemi cafe","category":"amenity:cafe"}},{"type":"Feature","geometry":{"type":"Point","coordinates":[139.699324,35.66363]},"properties":{"name":"Kawara Cafe","category":"amenity:cafe","level":"5"}},{"type":"Feature","geometry":{"type":"Point","coordinates":[139.699345,35.663678]},"properties":{"name":"RIFF hair","category":"shop:hairdresser"}},{"type":"Feature","geometry":{"type":"Point","coordinates":[139.699399,35.663501]},"properties":{"name":"SLӧbe","category":"shop:clothes"}},{"type":"Feature","geometry":{"type":"Point","coordinates":[139.699173,35.664459]},"properties":{"name":"The @ super suits store","category":"shop:clothes"}},{"type":"Feature","geometry":{"type":"Point","coordinates":[139.696893,35.663958]},"properties":{"name":"Zarigzu cafe","category":"amenity:bar"}},{"type":"Feature","geometry":{"type":"Point","coordinates":[139.699405,35.663162]},"properties":{"name":"Aramani Exchange","category":"shop:clothes"}},{"type":"Feature","geometry":{"type":"Point","coordinates":[139.699147,35.664152]},"properties":{"name":"auショップ","category":"shop:mobile_phone"}},{"type":"Feature","geometry":{"type":"Point","coordinates":[139.699422,35.662873]},"properties":{"name":"beauty and youth united arrows","category":"shop:clothes"}},{"type":"Feature","geometry":{"type":"Point","coordinates":[139.696738,35.664182]},"properties":{"name":"belami","category":"amenity:bar"}},{"type":"Feature","geometry":{"type":"Point","coordinates":[139.69992,35.66183]},"properties":{"name":"Chacott","category":"shop:sports"}},{"type":"Feature","geometry":{"type":"Point","coordinates":[139.699324,35.663608]},"properties":{"name":"dinner 868","category":"amenity:bar","level":"1"}},{"type":"Feature","geometry":{"type":"Point","coordinates":[139.699136,35.664256]},"properties":{"name":"Dress Black","category":"shop:clothes"}},{"type":"Feature","geometry":{"type":"Point","coordinates":[139.697167,35.662697]},"properties":{"name":"Face Records","category":"shop:music"}},{"type":"Feature","geometry":{"type":"Point","coordinates":[139.699446,35.662589]},"properties":{"name":"Kurage","category":"amenity:bar"}},{"type":"Feature","geometry":{"type":"Point","coordinates":[139.699629,35.661639]},"properties":{"name":"Miyama","category":"amenity:cafe","level":"-1"}},{"type":"Feature","geometry":{"type":"Point","coordinates":[139.699115,35.662787]},"properties":{"name":"Mono","category":"shop:clothes"}},{"type":"Feature","geometry":{"type":"Point","coordinates":[139.699287,35.663753]},"properties":{"name":"real eiYAAA","category":"shop:mobile_phone"}},{"type":"Feature","geometry":{"type":"Point","coordinates":[139.697211,35.662874]},"properties":{"name":"Regan","category":"amenity:cafe"}},{"type":"Feature","geometry":{"type":"Point","coordinates":[139.697185,35.662606]},"properties":{"name":"Rock a Holic","category":"amenity:bar"}},{"type":"Feature","geometry":{"type":"Point","coordinates":[139.700188,35.661578]},"properties":{"name":"shel'tter","category":"shop:clothes"}},{"type":"Feature","geometry":{"type":"Point","coordinates":[139.699151,35.664172]},"properties":{"name":"shiroichi","category":"amenity:cafe"}},{"type":"Feature","geometry":{"type":"Point","coordinates":[139.697201,35.662617]},"properties":{"name":"smile","category":"amenity:cafe"}},{"type":"Feature","geometry":{"type":"Point","coordinates":[139.69714,35.662572]},"properties":{"name":"Spicy Spicy","category":"amenity:restaurant"}},{"type":"Feature","geometry":{"type":"Point","coordinates":[139.698999,35.662729]},"properties":{"name":"Sunbi","category":"shop:clothes"}},{"type":"Feature","geometry":{"type":"Point","coordinates":[139.699325,35.663586]},"properties":{"name":"Under Bar","category":"amenity:bar","level":"-1"}},{"type":"Feature","geometry":{"type":"Point","coordinates":[139.698809,35.663621]},"properties":{"name":"wowwow渋谷ステーション","category":"shop:yes"}},{"type":"Feature","geometry":{"type":"Point","coordinates":[139.700006,35.661744]},"properties":{"name":"てもみん","category":"shop:massage"}},{"type":"Feature","geometry":{"type":"Point","coordinates":[139.69715,35.662684]},"properties":{"name":"のどか","category":"amenity:bar"}},{"type":"Feature","geometry":{"type":"Point","coordinates":[139.699524,35.662197]},"properties":{"name":"エクセルシオール カフェ","category":"amenity:cafe","level":"0"}},{"type":"Feature","geometry":{"type":"Point","coordinates":[139.699405,35.663532]},"properties":{"name":"ガスト","category":"amenity:restaurant","level":"1"}},{"type":"Feature","geometry":{"type":"Point","coordinates":[139.698976,35.663548]},"properties":{"name":"サンマルクカフェ","category":"amenity:cafe"}},{"type":"Feature","geometry":{"type":"Point","coordinates":[139.699184,35.664038]},"properties":{"name":"スターバックス","category":"amenity:cafe","level":"0"}},{"type":"Feature","geometry":{"type":"Point","coordinates":[139.699188,35.664162]},"properties":{"name":"タパスとタパス","category":"amenity:restaurant"}},{"type":"Feature","geometry":{"type":"Point","coordinates":[139.699402,35.663026]},"properties":{"name":"デニーズ","category":"amenity:restaurant","level":"1"}},{"type":"Feature","geometry":{"type":"Point","coordinates":[139.699301,35.66368]},"properties":{"name":"フレッシュネスバーガー","category":"amenity:fast_food"}},{"type":"Feature","geometry":{"type":"Point","coordinates":[139.699401,35.663054]},"properties":{"name":"ブルヴァール","category":"shop:shoes"}},{"type":"Feature","geometry":{"type":"Point","coordinates":[139.698853,35.663812]},"properties":{"name":"モスバーガー","category":"amenity:fast_food"}},{"type":"Feature","geometry":{"type":"Point","coordinates":[139.699071,35.661684]},"properties":{"name":"ユニクロ","category":"shop:clothes"}},{"type":"Feature","geometry":{"type":"Point","coordinates":[139.699567,35.662242]},"properties":{"name":"牛タン ねぎし","category":"amenity:restaurant"}},{"type":"Feature","geometry":{"type":"Point","coordinates":[139.698826,35.66367]},"properties":{"name":"讃岐うどん","category":"amenity:restaurant"}},{"type":"Feature","geometry":{"type":"Point","coordinates":[139.6994,35.663083]},"properties":{"name":"陳家私菜","category":"amenity:restaurant"}},{"type":"Feature","geometry":{"type":"Point","coordinates":[139.702093,35.660595]},"properties":{"name":"Kura","category":"amenity:restaurant"}},{"type":"Feature","geometry":{"type":"Point","coordinates":[139.702077,35.66053]},"properties":{"name":"Tsukasa","category":"amenity:bar"}},{"type":"Feature","geometry":{"type":"Point","coordinates":[139.702059,35.66059]},"properties":{"name":"おおき","category":"amenity:restaurant"}},{"type":"Feature","geometry":{"type":"Point","coordinates":[139.70212,35.660536]},"properties":{"name":"ととどん","category":"amenity:restaurant"}},{"type":"Feature","geometry":{"type":"Point","coordinates":[139.702127,35.660599]},"properties":{"name":"ササキ理容室","category":"shop:hairdresser"}},{"type":"Feature","geometry":{"type":"Point","coordinates":[139.702105,35.66074]},"properties":{"name":"ファミリーマート","category":"shop:convenience"}},{"type":"Feature","geometry":{"type":"Point","coordinates":[139.701999,35.659663]},"properties":{"name":"プロミス","category":"shop:money_lender"}},{"type":"Feature","geometry":{"type":"Point","coordinates":[139.70213,35.660015]},"properties":{"name":"マクドナルド","category":"amenity:fast_food","level":"1"}},{"type":"Feature","geometry":{"type":"Point","coordinates":[139.702009,35.659682]},"properties":{"name":"中央コンタクト","category":"shop:optician"}},{"type":"Feature","geometry":{"type":"Point","coordinates":[139.702083,35.660262]},"properties":{"name":"北海道","category":"amenity:bar"}},{"type":"Feature","geometry":{"type":"Point","coordinates":[139.70212,35.660782]},"properties":{"name":"山崎伊久江美容室","category":"shop:hairdresser"}},{"type":"Feature","geometry":{"type":"Point","coordinates":[139.702074,35.66055]},"properties":{"name":"竹田","category":"amenity:restaurant"}},{"type":"Feature","geometry":{"type":"Point","coordinates":[139.702532,35.660331]},"properties":{"name":"野村證券","category":"amenity:bank"}},{"type":"Feature","geometry":{"type":"Point","coordinates":[139.702631,35.661514]},"properties":{"name":"Freeman Cafe","category":"amenity:cafe","level":"1"}},{"type":"Feature","geometry":{"type":"Point","coordinates":[139.702509,35.661447]},"properties":{"name":"nijumaru","category":"amenity:restaurant"}},{"type":"Feature","geometry":{"type":"Point","coordinates":[139.702504,35.661125]},"properties":{"name":"Suit Select","category":"shop:clothes","level":"1"}},{"type":"Feature","geometry":{"type":"Point","coordinates":[139.70251,35.66133]},"properties":{"name":"和幸","category":"amenity:restaurant"}},{"type":"Feature","geometry":{"type":"Point","coordinates":[139.702046,35.661074]},"properties":{"name":"きもの学院","category":"shop:clothes"}},{"type":"Feature","geometry":{"type":"Point","coordinates":[139.702098,35.661162]},"properties":{"name":"ばりばり亭","category":"amenity:bar"}},{"type":"Feature","geometry":{"type":"Point","coordinates":[139.702062,35.661169]},"properties":{"name":"もんごろーや","category":"amenity:bar"}},{"type":"Feature","geometry":{"type":"Point","coordinates":[139.702073,35.66128]},"properties":{"name":"アキヘアサロン","category":"shop:hairdresser"}},{"type":"Feature","geometry":{"type":"Point","coordinates":[139.702098,35.66111]},"properties":{"name":"オグラ眼鏡店","category":"shop:optician"}},{"type":"Feature","geometry":{"type":"Point","coordinates":[139.702521,35.660975]},"properties":{"name":"カミムラ文具店","category":"shop:stationery"}},{"type":"Feature","geometry":{"type":"Point","coordinates":[139.702509,35.661091]},"properties":{"name":"クロサワバイオリン","category":"shop:musical_instrument","level":"-1"}},{"type":"Feature","geometry":{"type":"Point","coordinates":[139.702661,35.661445]},"properties":{"name":"セブン銀行","category":"amenity:bank"}},{"type":"Feature","geometry":{"type":"Point","coordinates":[139.702641,35.661362]},"properties":{"name":"ルノアール","category":"amenity:cafe","level":"1"}},{"type":"Feature","geometry":{"type":"Point","coordinates":[139.702498,35.661522]},"properties":{"name":"丸亀製麺","category":"amenity:fast_food"}},{"type":"Feature","geometry":{"type":"Point","coordinates":[139.702509,35.660852]},"properties":{"name":"京都きもの友禅","category":"shop:clothes"}},{"type":"Feature","geometry":{"type":"Point","coordinates":[139.702096,35.661187]},"properties":{"name":"八虎","category":"amenity:bar"}},{"type":"Feature","geometry":{"type":"Point","coordinates":[139.702079,35.660909]},"properties":{"name":"呑つ道場","category":"amenity:bar"}},{"type":"Feature","geometry":{"type":"Point","coordinates":[139.702651,35.661522]},"properties":{"name":"てんや","category":"amenity:fast_food"}},{"type":"Feature","geometry":{"type":"Point","coordinates":[139.70211,35.660915]},"properties":{"name":"日高屋","category":"amenity:fast_food"}},{"type":"Feature","geometry":{"type":"Point","coordinates":[139.702094,35.661281]},"properties":{"name":"永山本店","category":"amenity:bar"}},{"type":"Feature","geometry":{"type":"Point","coordinates":[139.702099,35.661136]},"properties":{"name":"渋谷一蔵","category":"amenity:bar"}},{"type":"Feature","geometry":{"type":"Point","coordinates":[139.702598,35.659927]},"properties":{"name":"エイチ・アイ・エス","category":"shop:travel_agency"}},{"type":"Feature","geometry":{"type":"Point","coordinates":[139.702506,35.660647]},"properties":{"name":"JAM DINNING","category":"amenity:bar"}},{"type":"Feature","geometry":{"type":"Point","coordinates":[139.702664,35.659771]},"properties":{"name":"Top 1","category":"shop:mobile_phone"}},{"type":"Feature","geometry":{"type":"Point","coordinates":[139.703743,35.659889]},"properties":{"name":"ちくちく CAFE","category":"amenity:fast_food"}},{"type":"Feature","geometry":{"type":"Point","coordinates":[139.702933,35.65977]},"properties":{"name":"かつや","category":"amenity:fast_food","level":"0"}},{"type":"Feature","geometry":{"type":"Point","coordinates":[139.70257,35.660647]},"properties":{"name":"しばらく","category":"amenity:bar"}},{"type":"Feature","geometry":{"type":"Point","coordinates":[139.702517,35.660186]},"properties":{"name":"だしや","category":"amenity:bar"}},{"type":"Feature","geometry":{"type":"Point","coordinates":[139.703745,35.659947]},"properties":{"name":"ちくちく","category":"amenity:cafe","level":"2"}},{"type":"Feature","geometry":{"type":"Point","coordinates":[139.702998,35.659779]},"properties":{"name":"エクセルシオール","category":"amenity:cafe"}},{"type":"Feature","geometry":{"type":"Point","coordinates":[139.703092,35.659495]},"properties":{"name":"センタースポーツ","category":"shop:sports"}},{"type":"Feature","geometry":{"type":"Point","coordinates":[139.703195,35.659858]},"properties":{"name":"タパス＆タパス","category":"amenity:restaurant"}},{"type":"Feature","geometry":{"type":"Point","coordinates":[139.702758,35.660725]},"properties":{"name":"トート音楽室","category":"shop:musical_instrument"}},{"type":"Feature","geometry":{"type":"Point","coordinates":[139.702624,35.660186]},"properties":{"name":"ドトールコーヒーショップ","category":"amenity:cafe"}},{"type":"Feature","geometry":{"type":"Point","coordinates":[139.702516,35.660477]},"properties":{"name":"LACOSTE","category":"shop:clothes"}},{"type":"Feature","geometry":{"type":"Point","coordinates":[139.702739,35.660815]},"properties":{"name":"リーブ21","category":"shop:hairdresser"}},{"type":"Feature","geometry":{"type":"Point","coordinates":[139.703084,35.659524]},"properties":{"name":"大戸屋","category":"amenity:restaurant"}},{"type":"Feature","geometry":{"type":"Point","coordinates":[139.70263,35.659792]},"properties":{"name":"宝くじ","category":"shop:lottery"}},{"type":"Feature","geometry":{"type":"Point","coordinates":[139.702568,35.660181]},"properties":{"name":"富士そば","category":"amenity:fast_food"}},{"type":"Feature","geometry":{"type":"Point","coordinates":[139.702606,35.66056]},"properties":{"name":"焚火屋","category":"amenity:restaurant"}},{"type":"Feature","geometry":{"type":"Point","coordinates":[139.702863,35.659743]},"properties":{"name":"真希","category":"amenity:bar"}},{"type":"Feature","geometry":{"type":"Point","coordinates":[139.702539,35.660283]},"properties":{"name":"菜な","category":"amenity:bar"}},{"type":"Feature","geometry":{"type":"Point","coordinates":[139.702678,35.659751]},"properties":{"name":"金の蔵","category":"amenity:pub"}},{"type":"Feature","geometry":{"type":"Point","coordinates":[139.703386,35.659864]},"properties":{"name":"集","category":"amenity:cafe"}},{"type":"Feature","geometry":{"type":"Point","coordinates":[139.702778,35.660484]},"properties":{"name":"風月","category":"amenity:bar"}},{"type":"Feature","geometry":{"type":"Point","coordinates":[139.703274,35.659827]},"properties":{"name":"鳥ぎん","category":"amenity:bar"}},{"type":"Feature","geometry":{"type":"Point","coordinates":[139.702603,35.660645]},"properties":{"name":"4","category":"amenity:bar"}},{"type":"Feature","geometry":{"type":"Point","coordinates":[139.70121,35.656854]},"properties":{"name":"IKEBE JUNGLE GUITARS","category":"shop:musical_instrument"}},{"type":"Feature","geometry":{"type":"Point","coordinates":[139.701419,35.656736]},"properties":{"name":"Kirin City","category":"amenity:restaurant"}},{"type":"Feature","geometry":{"type":"Point","coordinates":[139.701158,35.656888]},"properties":{"name":"Music Lnad Key","category":"shop:musical_instrument"}},{"type":"Feature","geometry":{"type":"Point","coordinates":[139.701485,35.656717]},"properties":{"name":"あしびな～","category":"amenity:restaurant"}},{"type":"Feature","geometry":{"type":"Point","coordinates":[139.700888,35.656976]},"properties":{"name":"ファミリーマート","category":"shop:convenience"}},{"type":"Feature","geometry":{"type":"Point","coordinates":[139.701272,35.656841]},"properties":{"name":"金の蔵","category":"amenity:pub"}},{"type":"Feature","geometry":{"type":"Point","coordinates":[139.701327,35.656785]},"properties":{"name":"黒豚庵","category":"amenity:restaurant"}},{"type":"Feature","geometry":{"type":"Point","coordinates":[139.701709,35.65636]},"properties":{"name":"和泉鮨","category":"amenity:restaurant"}},{"type":"Feature","geometry":{"type":"Point","coordinates":[139.70195,35.656223]},"properties":{"name":"咲La Dinning","category":"amenity:restaurant"}},{"type":"Feature","geometry":{"type":"Point","coordinates":[139.701365,35.656139]},"properties":{"name":"BULERIA","category":"amenity:bar"}},{"type":"Feature","geometry":{"type":"Point","coordinates":[139.700912,35.656323]},"properties":{"name":"NALU","category":"amenity:bar"}},{"type":"Feature","geometry":{"type":"Point","coordinates":[139.701122,35.656361]},"properties":{"name":"TIOTIO","category":"amenity:bar"}},{"type":"Feature","geometry":{"type":"Point","coordinates":[139.701138,35.656235]},"properties":{"name":"あいびき","category":"amenity:bar"}},{"type":"Feature","geometry":{"type":"Point","coordinates":[139.701031,35.656397]},"properties":{"name":"ちょいマス","category":"amenity:bar"}},{"type":"Feature","geometry":{"type":"Point","coordinates":[139.700976,35.656281]},"properties":{"name":"ほんじん","category":"amenity:bar"}},{"type":"Feature","geometry":{"type":"Point","coordinates":[139.697373,35.6614]},"properties":{"name":"アニメイト","category":"shop:hobby","level":"3"}},{"type":"Feature","geometry":{"type":"Point","coordinates":[139.701085,35.656378]},"properties":{"name":"トォンテジ","category":"amenity:bar"}},{"type":"Feature","geometry":{"type":"Point","coordinates":[139.700809,35.656218]},"properties":{"name":"ハノイのホイさん","category":"amenity:bar"}},{"type":"Feature","geometry":{"type":"Point","coordinates":[139.701394,35.656272]},"properties":{"name":"兵衛","category":"amenity:restaurant"}},{"type":"Feature","geometry":{"type":"Point","coordinates":[139.701308,35.656296]},"properties":{"name":"和泉鮨","category":"amenity:restaurant"}},{"type":"Feature","geometry":{"type":"Point","coordinates":[139.701311,35.656159]},"properties":{"name":"月光","category":"amenity:bar"}},{"type":"Feature","geometry":{"type":"Point","coordinates":[139.701082,35.656249]},"properties":{"name":"櫻坂","category":"amenity:restaurant"}},{"type":"Feature","geometry":{"type":"Point","coordinates":[139.701227,35.656324]},"properties":{"name":"海浜食堂","category":"amenity:restaurant"}},{"type":"Feature","geometry":{"type":"Point","coordinates":[139.701009,35.656278]},"properties":{"name":"白秋","category":"amenity:bar"}},{"type":"Feature","geometry":{"type":"Point","coordinates":[139.701344,35.656175]},"properties":{"name":"秋吉","category":"amenity:bar"}},{"type":"Feature","geometry":{"type":"Point","coordinates":[139.699246,35.655479]},"properties":{"name":"MIRAPOLIS","category":"amenity:bar"}},{"type":"Feature","geometry":{"type":"Point","coordinates":[139.700436,35.65599]},"properties":{"name":"PARCO GIOCHI","category":"amenity:bar"}},{"type":"Feature","geometry":{"type":"Point","coordinates":[139.700477,35.656066]},"properties":{"name":"TOMMY'S ROOM","category":"amenity:bar"}},{"type":"Feature","geometry":{"type":"Point","coordinates":[139.700863,35.656819]},"properties":{"name":"belmare","category":"amenity:bar"}},{"type":"Feature","geometry":{"type":"Point","coordinates":[139.69995,35.655972]},"properties":{"name":"daylight kitchen","category":"amenity:bar"}},{"type":"Feature","geometry":{"type":"Point","coordinates":[139.699409,35.655075]},"properties":{"name":"okazaki","category":"amenity:bar"}},{"type":"Feature","geometry":{"type":"Point","coordinates":[139.700956,35.656573]},"properties":{"name":"shibuya cage","category":"amenity:cafe"}},{"type":"Feature","geometry":{"type":"Point","coordinates":[139.699362,35.655107]},"properties":{"name":"takei","category":"shop:hairdresser"}},{"type":"Feature","geometry":{"type":"Point","coordinates":[139.699538,35.655797]},"properties":{"name":"パップハウス","category":"amenity:restaurant"}},{"type":"Feature","geometry":{"type":"Point","coordinates":[139.700902,35.656457]},"properties":{"name":"桜ん坊","category":"amenity:restaurant"}},{"type":"Feature","geometry":{"type":"Point","coordinates":[139.700946,35.656511]},"properties":{"name":"桜丘ワヱン酒場","category":"amenity:bar"}},{"type":"Feature","geometry":{"type":"Point","coordinates":[139.699447,35.655763]},"properties":{"name":"紅池","category":"amenity:restaurant"}},{"type":"Feature","geometry":{"type":"Point","coordinates":[139.70091,35.656439]},"properties":{"name":"羅針","category":"amenity:bar"}},{"type":"Feature","geometry":{"type":"Point","coordinates":[139.700983,35.656611]},"properties":{"name":"若鮨","category":"amenity:restaurant"}},{"type":"Feature","geometry":{"type":"Point","coordinates":[139.699258,35.65554]},"properties":{"name":"高太郎","category":"amenity:bar"}},{"type":"Feature","geometry":{"type":"Point","coordinates":[139.699151,35.658145]},"properties":{"name":"IZAKAYA　VIN","category":"amenity:bar"}},{"type":"Feature","geometry":{"type":"Point","coordinates":[139.699901,35.657984]},"properties":{"name":"corn barley","category":"amenity:bar"}},{"type":"Feature","geometry":{"type":"Point","coordinates":[139.699444,35.658196]},"properties":{"name":"suzuki","category":"amenity:bar"}},{"type":"Feature","geometry":{"type":"Point","coordinates":[139.699639,35.65767]},"properties":{"name":"きざみ","category":"amenity:bar","level":"2"}},{"type":"Feature","geometry":{"type":"Point","coordinates":[139.69971,35.65831]},"properties":{"name":"さくらさくら","category":"amenity:bar"}},{"type":"Feature","geometry":{"type":"Point","coordinates":[139.699964,35.658014]},"properties":{"name":"ちゃんぽん","category":"amenity:bar"}},{"type":"Feature","geometry":{"type":"Point","coordinates":[139.699104,35.657965]},"properties":{"name":"はなこ","category":"amenity:bar"}},{"type":"Feature","geometry":{"type":"Point","coordinates":[139.699275,35.657861]},"properties":{"name":"むつ湊","category":"amenity:bar"}},{"type":"Feature","geometry":{"type":"Point","coordinates":[139.699353,35.65802]},"properties":{"name":"もへい","category":"amenity:bar"}},{"type":"Feature","geometry":{"type":"Point","coordinates":[139.699747,35.658315]},"properties":{"name":"わさび","category":"amenity:bar"}},{"type":"Feature","geometry":{"type":"Point","coordinates":[139.699427,35.657775]},"properties":{"name":"ギン酒場","category":"amenity:bar"}},{"type":"Feature","geometry":{"type":"Point","coordinates":[139.69937,35.657992]},"properties":{"name":"タイ 王国 ラーメン","category":"amenity:restaurant"}},{"type":"Feature","geometry":{"type":"Point","coordinates":[139.700017,35.65843]},"properties":{"name":"フレッシュ大和田","category":"shop:supermarket"}},{"type":"Feature","geometry":{"type":"Point","coordinates":[139.699624,35.658266]},"properties":{"name":"一番","category":"amenity:restaurant"}},{"type":"Feature","geometry":{"type":"Point","coordinates":[139.700112,35.658009]},"properties":{"name":"八吉","category":"amenity:bar"}},{"type":"Feature","geometry":{"type":"Point","coordinates":[139.699425,35.657964]},"properties":{"name":"凹 KUNI","category":"amenity:bar"}},{"type":"Feature","geometry":{"type":"Point","coordinates":[139.699612,35.65829]},"properties":{"name":"塚田農場","category":"amenity:restaurant"}},{"type":"Feature","geometry":{"type":"Point","coordinates":[139.699178,35.657921]},"properties":{"name":"多古菊","category":"amenity:bar"}},{"type":"Feature","geometry":{"type":"Point","coordinates":[139.69964,35.65788]},"properties":{"name":"天下鳥","category":"amenity:bar"}},{"type":"Feature","geometry":{"type":"Point","coordinates":[139.699048,35.658018]},"properties":{"name":"天松","category":"amenity:bar"}},{"type":"Feature","geometry":{"type":"Point","coordinates":[139.699278,35.658085]},"properties":{"name":"天狗","category":"amenity:bar"}},{"type":"Feature","geometry":{"type":"Point","coordinates":[139.699585,35.657867]},"properties":{"name":"富士そば","category":"amenity:fast_food"}},{"type":"Feature","geometry":{"type":"Point","coordinates":[139.69919,35.658094]},"properties":{"name":"山家","category":"amenity:bar"}},{"type":"Feature","geometry":{"type":"Point","coordinates":[139.699213,35.658181]},"properties":{"name":"山家","category":"amenity:bar"}},{"type":"Feature","geometry":{"type":"Point","coordinates":[139.699324,35.658205]},"properties":{"name":"山家","category":"amenity:bar"}},{"type":"Feature","geometry":{"type":"Point","coordinates":[139.699279,35.658197]},"properties":{"name":"東京ホルモン","category":"amenity:bar"}},{"type":"Feature","geometry":{"type":"Point","coordinates":[139.699437,35.65823]},"properties":{"name":"河童","category":"amenity:bar"}},{"type":"Feature","geometry":{"type":"Point","coordinates":[139.699543,35.657713]},"properties":{"name":"渋谷 bar FIVE","category":"amenity:bar"}},{"type":"Feature","geometry":{"type":"Point","coordinates":[139.699353,35.657825]},"properties":{"name":"渋谷古書センター","category":"shop:books"}},{"type":"Feature","geometry":{"type":"Point","coordinates":[139.699595,35.657657]},"properties":{"name":"白木屋","category":"amenity:pub","level":"3"}},{"type":"Feature","geometry":{"type":"Point","coordinates":[139.699266,35.658066]},"properties":{"name":"神楽屋","category":"amenity:bar"}},{"type":"Feature","geometry":{"type":"Point","coordinates":[139.699946,35.657993]},"properties":{"name":"笑笑","category":"amenity:pub"}},{"type":"Feature","geometry":{"type":"Point","coordinates":[139.699546,35.657643]},"properties":{"name":"隠れ野","category":"amenity:bar"}},{"type":"Feature","geometry":{"type":"Point","coordinates":[139.699729,35.658283]},"properties":{"name":"魚民","category":"amenity:pub"}},{"type":"Feature","geometry":{"type":"Point","coordinates":[139.698988,35.658048]},"properties":{"name":"鳥竹","category":"amenity:bar"}},{"type":"Feature","geometry":{"type":"Point","coordinates":[139.699726,35.658334]},"properties":{"name":"黄金の蔵","category":"amenity:bar"}},{"type":"Feature","geometry":{"type":"Point","coordinates":[139.698804,35.657881]},"properties":{"name":"guinness bar","category":"amenity:bar"}},{"type":"Feature","geometry":{"type":"Point","coordinates":[139.699513,35.658116]},"properties":{"name":"sede tharros","category":"amenity:bar"}},{"type":"Feature","geometry":{"type":"Point","coordinates":[139.698901,35.657739]},"properties":{"name":"マドリート","category":"amenity:restaurant"}},{"type":"Feature","geometry":{"type":"Point","coordinates":[139.69911,35.657742]},"properties":{"name":"㐂久","category":"amenity:bar","level":"1"}},{"type":"Feature","geometry":{"type":"Point","coordinates":[139.699091,35.657667]},"properties":{"name":"千両","category":"amenity:pub"}},{"type":"Feature","geometry":{"type":"Point","coordinates":[139.699031,35.657778]},"properties":{"name":"老湯火鍋房","category":"amenity:pub"}},{"type":"Feature","geometry":{"type":"Point","coordinates":[139.699053,35.657726]},"properties":{"name":"龍","category":"amenity:restaurant"}},{"type":"Feature","geometry":{"type":"Point","coordinates":[139.696094,35.657673]},"properties":{"name":"ガスト","category":"amenity:restaurant"}},{"type":"Feature","geometry":{"type":"Point","coordinates":[139.698135,35.66021]},"properties":{"name":"auショップ","category":"shop:mobile_phone"}},{"type":"Feature","geometry":{"type":"Point","coordinates":[139.698625,35.660094]},"properties":{"name":"ソフトバンクショップ","category":"shop:mobile_phone"}},{"type":"Feature","geometry":{"type":"Point","coordinates":[139.698867,35.659931]},"properties":{"name":"ファミリーマート","category":"shop:convenience"}},{"type":"Feature","geometry":{"type":"Point","coordinates":[139.698014,35.660272]},"properties":{"name":"三井住友銀行","category":"amenity:bank"}},{"type":"Feature","geometry":{"type":"Point","coordinates":[139.699051,35.659856]},"properties":{"name":"不二家レストラン","category":"amenity:restaurant","level":"1"}},{"type":"Feature","geometry":{"type":"Point","coordinates":[139.701057,35.660519]},"properties":{"name":"三井住友信託銀行","category":"amenity:bank"}},{"type":"Feature","geometry":{"type":"Point","coordinates":[139.700004,35.649283]},"properties":{"name":"IVY PLACE","category":"amenity:restaurant"}},{"type":"Feature","geometry":{"type":"Point","coordinates":[139.699963,35.649045]},"properties":{"name":"スターバックス","category":"amenity:cafe","level":"0"}},{"type":"Feature","geometry":{"type":"Point","coordinates":[139.700221,35.649229]},"properties":{"name":"Motovelo","category":"shop:bicycle"}},{"type":"Feature","geometry":{"type":"Point","coordinates":[139.699489,35.648948]},"properties":{"name":"蔦屋書店","category":"shop:books","level":"0;1"}},{"type":"Feature","geometry":{"type":"Point","coordinates":[139.700253,35.645911]},"properties":{"name":"KARTE","category":"shop:hairdresser"}},{"type":"Feature","geometry":{"type":"Point","coordinates":[139.699144,35.657516]},"properties":{"name":"MAMIDOO","category":"amenity:restaurant","level":"1"}},{"type":"Feature","geometry":{"type":"Point","coordinates":[139.698966,35.657877]},"properties":{"name":"ずくなし","category":"amenity:bar"}},{"type":"Feature","geometry":{"type":"Point","coordinates":[139.698976,35.657858]},"properties":{"name":"チャガルチ市場","category":"amenity:pub"}},{"type":"Feature","geometry":{"type":"Point","coordinates":[139.699131,35.657541]},"properties":{"name":"ヒラル","category":"amenity:restaurant","level":"2"}},{"type":"Feature","geometry":{"type":"Point","coordinates":[139.70037,35.656894]},"properties":{"name":"富士そば","category":"amenity:fast_food"}},{"type":"Feature","geometry":{"type":"Point","coordinates":[139.700401,35.656908]},"properties":{"name":"庄や","category":"amenity:pub"}},{"type":"Feature","geometry":{"type":"Point","coordinates":[139.699011,35.657812]},"properties":{"name":"日比谷Bar","category":"amenity:bar","level":"2"}},{"type":"Feature","geometry":{"type":"Point","coordinates":[139.700475,35.656931]},"properties":{"name":"桜亭","category":"amenity:pub"}},{"type":"Feature","geometry":{"type":"Point","coordinates":[139.700443,35.656906]},"properties":{"name":"麹町咖喱","category":"amenity:restaurant"}},{"type":"Feature","geometry":{"type":"Point","coordinates":[139.703804,35.655483]},"properties":{"name":"渋谷珈琲研究所","category":"amenity:cafe","level":"3"}},{"type":"Feature","geometry":{"type":"Point","coordinates":[139.686628,35.652076]},"properties":{"name":"昭和信用金庫","category":"amenity:bank"}},{"type":"Feature","geometry":{"type":"Point","coordinates":[139.704259,35.669246]},"properties":{"name":"ソフトバンクショップ","category":"shop:mobile_phone","level":"0"}},{"type":"Feature","geometry":{"type":"Point","coordinates":[139.702103,35.661011]},"properties":{"name":"ソフトバンクショップ","category":"shop:mobile_phone"}},{"type":"Feature","geometry":{"type":"Point","coordinates":[139.705453,35.660247]},"properties":{"name":"ソフトバンクショップ","category":"shop:mobile_phone"}},{"type":"Feature","geometry":{"type":"Point","coordinates":[139.69986,35.657285]},"properties":{"name":"ソフトバンクショップ","category":"shop:mobile_phone","level":"0"}},{"type":"Feature","geometry":{"type":"Point","coordinates":[139.70923,35.647864]},"properties":{"name":"ソフトバンクショップ","category":"shop:mobile_phone"}},{"type":"Feature","geometry":{"type":"Point","coordinates":[139.706941,35.66176]},"properties":{"name":"Beacon","category":"amenity:restaurant"}},{"type":"Feature","geometry":{"type":"Point","coordinates":[139.699888,35.662835]},"properties":{"name":"個室DININGダイニング　一粋","category":"amenity:pub","level":"-1"}},{"type":"Feature","geometry":{"type":"Point","coordinates":[139.696182,35.646662]},"properties":{"name":"セブン-イレブン","category":"shop:convenience","level":"0"}},{"type":"Feature","geometry":{"type":"Point","coordinates":[139.686455,35.65196]},"properties":{"name":"セブン-イレブン","category":"shop:convenience","level":"0"}},{"type":"Feature","geometry":{"type":"Point","coordinates":[139.687002,35.655236]},"properties":{"name":"セブン-イレブン","category":"shop:convenience"}},{"type":"Feature","geometry":{"type":"Point","coordinates":[139.692755,35.653464]},"properties":{"name":"セブン-イレブン","category":"shop:convenience","level":"0"}},{"type":"Feature","geometry":{"type":"Point","coordinates":[139.698831,35.657854]},"properties":{"name":"Abbot Choice","category":"amenity:pub"}},{"type":"Feature","geometry":{"type":"Point","coordinates":[139.699645,35.658237]},"properties":{"name":"ホブゴブリン","category":"amenity:pub"}},{"type":"Feature","geometry":{"type":"Point","coordinates":[139.694426,35.655639]},"properties":{"name":"カレーハウス","category":"amenity:fast_food"}},{"type":"Feature","geometry":{"type":"Point","coordinates":[139.694913,35.656024]},"properties":{"name":"ファミリーマート","category":"shop:convenience"}},{"type":"Feature","geometry":{"type":"Point","coordinates":[139.694675,35.655862]},"properties":{"name":"MORIVA COFFEE","category":"amenity:cafe"}},{"type":"Feature","geometry":{"type":"Point","coordinates":[139.694481,35.655707]},"properties":{"name":"モスバーガー","category":"amenity:fast_food"}},{"type":"Feature","geometry":{"type":"Point","coordinates":[139.694535,35.65576]},"properties":{"name":"すき家","category":"amenity:fast_food"}},{"type":"Feature","geometry":{"type":"Point","coordinates":[139.695458,35.655994]},"properties":{"name":"FabCafe","category":"amenity:cafe"}},{"type":"Feature","geometry":{"type":"Point","coordinates":[139.695561,35.65696]},"properties":{"name":"カフェ・ド・クリエ","category":"amenity:cafe"}},{"type":"Feature","geometry":{"type":"Point","coordinates":[139.699095,35.659248]},"properties":{"name":"エクセルシオール カフェ","category":"amenity:cafe","level":"0"}},{"type":"Feature","geometry":{"type":"Point","coordinates":[139.697482,35.657697]},"properties":{"name":"エクセルシオール カフェ","category":"amenity:cafe","level":"0"}},{"type":"Feature","geometry":{"type":"Point","coordinates":[139.699326,35.660562]},"properties":{"name":"エクセルシオール カフェ","category":"amenity:cafe","level":"0;1;2"}},{"type":"Feature","geometry":{"type":"Point","coordinates":[139.705207,35.646187]},"properties":{"name":"セブン-イレブン","category":"shop:convenience","level":"0"}},{"type":"Feature","geometry":{"type":"Point","coordinates":[139.703281,35.65055]},"properties":{"name":"セブン-イレブン","category":"shop:convenience","level":"0"}},{"type":"Feature","geometry":{"type":"Point","coordinates":[139.709159,35.6508]},"properties":{"name":"セブン-イレブン","category":"shop:convenience","level":"0"}},{"type":"Feature","geometry":{"type":"Point","coordinates":[139.713606,35.655522]},"properties":{"name":"セブン-イレブン","category":"shop:convenience","level":"0"}},{"type":"Feature","geometry":{"type":"Point","coordinates":[139.699346,35.658934]},"properties":{"name":"Yamashiro-ya","category":"amenity:restaurant"}},{"type":"Feature","geometry":{"type":"Point","coordinates":[139.687922,35.662693]},"properties":{"name":"セブン-イレブン","category":"shop:convenience","level":"0"}},{"type":"Feature","geometry":{"type":"Point","coordinates":[139.686899,35.665016]},"properties":{"name":"セブン-イレブン","category":"shop:convenience","level":"0"}},{"type":"Feature","geometry":{"type":"Point","coordinates":[139.692085,35.665868]},"properties":{"name":"セブン-イレブン","category":"shop:convenience","level":"0"}},{"type":"Feature","geometry":{"type":"Point","coordinates":[139.711198,35.664077]},"properties":{"name":"ケンタッキーフライドチキン","category":"amenity:fast_food","level":"0"}},{"type":"Feature","geometry":{"type":"Point","coordinates":[139.700425,35.661443]},"properties":{"name":"ケンタッキーフライドチキン","category":"amenity:fast_food"}},{"type":"Feature","geometry":{"type":"Point","coordinates":[139.700847,35.659053]},"properties":{"name":"シュマンケル","category":"shop:deli"}},{"type":"Feature","geometry":{"type":"Point","coordinates":[139.715674,35.660799]},"properties":{"name":"SNTORII SHOES","category":"shop:shoes"}},{"type":"Feature","geometry":{"type":"Point","coordinates":[139.715905,35.660678]},"properties":{"name":"つけめん てんまる","category":"amenity:fast_food"}},{"type":"Feature","geometry":{"type":"Point","coordinates":[139.712469,35.662049]},"properties":{"name":"Bio C' Bon","category":"shop:supermarket"}},{"type":"Feature","geometry":{"type":"Point","coordinates":[139.711963,35.661293]},"properties":{"name":"ファミリーマート","category":"shop:convenience"}},{"type":"Feature","geometry":{"type":"Point","coordinates":[139.710932,35.662811]},"properties":{"name":"Kuwa'aina Aoyama Honten","category":"amenity:fast_food"}},{"type":"Feature","geometry":{"type":"Point","coordinates":[139.713269,35.661909]},"properties":{"name":"ローソン","category":"shop:convenience","level":"0"}},{"type":"Feature","geometry":{"type":"Point","coordinates":[139.714165,35.661192]},"properties":{"name":"Smoky","category":"amenity:restaurant","level":"0"}},{"type":"Feature","geometry":{"type":"Point","coordinates":[139.715213,35.660972]},"properties":{"name":"Matori","category":"amenity:restaurant","level":"0"}},{"type":"Feature","geometry":{"type":"Point","coordinates":[139.711972,35.662767]},"properties":{"name":"ファミリーマート","category":"shop:convenience"}},{"type":"Feature","geometry":{"type":"Point","coordinates":[139.712003,35.662796]},"properties":{"name":"東京ご飯","category":"amenity:restaurant"}},{"type":"Feature","geometry":{"type":"Point","coordinates":[139.712027,35.662824]},"properties":{"name":"Trattoria Monstera","category":"amenity:restaurant"}},{"type":"Feature","geometry":{"type":"Point","coordinates":[139.711785,35.663083]},"properties":{"name":"だるまや","category":"amenity:restaurant"}},{"type":"Feature","geometry":{"type":"Point","coordinates":[139.712214,35.662719]},"properties":{"name":"Cafe Madu","category":"amenity:cafe"}},{"type":"Feature","geometry":{"type":"Point","coordinates":[139.71196,35.662802]},"properties":{"name":"みな瀬","category":"amenity:restaurant"}},{"type":"Feature","geometry":{"type":"Point","coordinates":[139.711753,35.66336]},"properties":{"name":"Nakanishi 中西","category":"amenity:restaurant"}},{"type":"Feature","geometry":{"type":"Point","coordinates":[139.711826,35.662619]},"properties":{"name":"傳八","category":"amenity:restaurant"}},{"type":"Feature","geometry":{"type":"Point","coordinates":[139.712596,35.661971]},"properties":{"name":"Pinko","category":"shop:clothes"}},{"type":"Feature","geometry":{"type":"Point","coordinates":[139.711067,35.662759]},"properties":{"name":"TO THE HERBS","category":"amenity:restaurant"}},{"type":"Feature","geometry":{"type":"Point","coordinates":[139.711131,35.662728]},"properties":{"name":"スターバックス","category":"amenity:cafe"}},{"type":"Feature","geometry":{"type":"Point","coordinates":[139.710726,35.663881]},"properties":{"name":"紀伊国屋","category":"shop:supermarket"}},{"type":"Feature","geometry":{"type":"Point","coordinates":[139.711179,35.663391]},"properties":{"name":"ドトールコーヒーショップ","category":"amenity:cafe"}},{"type":"Feature","geometry":{"type":"Point","coordinates":[139.711866,35.664079]},"properties":{"name":"青山　かまはち","category":"amenity:restaurant"}},{"type":"Feature","geometry":{"type":"Point","coordinates":[139.71082,35.663709]},"properties":{"name":"Two Rooms Bar & Grill","category":"amenity:restaurant"}},{"type":"Feature","geometry":{"type":"Point","coordinates":[139.711601,35.662746]},"properties":{"name":"Farol Bar","category":"amenity:bar"}},{"type":"Feature","geometry":{"type":"Point","coordinates":[139.71288,35.662314]},"properties":{"name":"ふーみん","category":"amenity:restaurant"}},{"type":"Feature","geometry":{"type":"Point","coordinates":[139.712864,35.662249]},"properties":{"name":"ザ・マジェスティック","category":"amenity:restaurant"}},{"type":"Feature","geometry":{"type":"Point","coordinates":[139.712848,35.662183]},"properties":{"name":"SITAARA","category":"amenity:restaurant","level":"-1"}},{"type":"Feature","geometry":{"type":"Point","coordinates":[139.712656,35.661882]},"properties":{"name":"Idol","category":"amenity:restaurant"}},{"type":"Feature","geometry":{"type":"Point","coordinates":[139.713325,35.661486]},"properties":{"name":"とし緒","category":"amenity:restaurant","level":"-1"}},{"type":"Feature","geometry":{"type":"Point","coordinates":[139.713953,35.661216]},"properties":{"name":"DEN AQUAROOM","category":"amenity:restaurant"}},{"type":"Feature","geometry":{"type":"Point","coordinates":[139.71362,35.661386]},"properties":{"name":"たかの家","category":"amenity:restaurant"}},{"type":"Feature","geometry":{"type":"Point","coordinates":[139.713475,35.661451]},"properties":{"name":"江戸平","category":"amenity:restaurant"}},{"type":"Feature","geometry":{"type":"Point","coordinates":[139.7131,35.662118]},"properties":{"name":"隠れ房","category":"amenity:restaurant"}},{"type":"Feature","geometry":{"type":"Point","coordinates":[139.713835,35.661761]},"properties":{"name":"うすけぼー","category":"amenity:restaurant","level":"-1"}},{"type":"Feature","geometry":{"type":"Point","coordinates":[139.714118,35.661704]},"properties":{"name":"レ・クリスタリーン","category":"amenity:restaurant"}},{"type":"Feature","geometry":{"type":"Point","coordinates":[139.71487,35.661277]},"properties":{"name":"リストランテコルテージア","category":"amenity:restaurant"}},{"type":"Feature","geometry":{"type":"Point","coordinates":[139.71369,35.659076]},"properties":{"name":"IL PACIOCCONE","category":"amenity:restaurant"}},{"type":"Feature","geometry":{"type":"Point","coordinates":[139.715251,35.659908]},"properties":{"name":"志度","category":"amenity:restaurant"}},{"type":"Feature","geometry":{"type":"Point","coordinates":[139.713433,35.662284]},"properties":{"name":"フラミンゴ","category":"amenity:restaurant"}},{"type":"Feature","geometry":{"type":"Point","coordinates":[139.712851,35.663078]},"properties":{"name":"Nomu","category":"amenity:cafe"}},{"type":"Feature","geometry":{"type":"Point","coordinates":[139.710643,35.662767]},"properties":{"name":"ファーイーストカフェ","category":"amenity:cafe"}},{"type":"Feature","geometry":{"type":"Point","coordinates":[139.709564,35.662807]},"properties":{"name":"cafe table TERRACE","category":"amenity:cafe","level":"0"}},{"type":"Feature","geometry":{"type":"Point","coordinates":[139.709962,35.663177]},"properties":{"name":"MERCER CAFE TERRACE HOUSE","category":"amenity:restaurant"}},{"type":"Feature","geometry":{"type":"Point","coordinates":[139.711866,35.663835]},"properties":{"name":"アラトゥルカ青山","category":"amenity:restaurant","level":"1"}},{"type":"Feature","geometry":{"type":"Point","coordinates":[139.713882,35.665848]},"properties":{"name":"そばうどんしまだ","category":"amenity:restaurant"}},{"type":"Feature","geometry":{"type":"Point","coordinates":[139.712385,35.665551]},"properties":{"name":"サブウェイ","category":"amenity:fast_food"}},{"type":"Feature","geometry":{"type":"Point","coordinates":[139.712496,35.665573]},"properties":{"name":"Red Pepper","category":"amenity:restaurant"}},{"type":"Feature","geometry":{"type":"Point","coordinates":[139.71244,35.66474]},"properties":{"name":"ティーヌン","category":"amenity:restaurant"}},{"type":"Feature","geometry":{"type":"Point","coordinates":[139.712231,35.664306]},"properties":{"name":"青山さささ","category":"amenity:restaurant","level":"1"}},{"type":"Feature","geometry":{"type":"Point","coordinates":[139.712288,35.663738]},"properties":{"name":"廻船呑屋","category":"amenity:restaurant","level":"-1"}},{"type":"Feature","geometry":{"type":"Point","coordinates":[139.711681,35.663299]},"properties":{"name":"tanta","category":"amenity:restaurant"}},{"type":"Feature","geometry":{"type":"Point","coordinates":[139.712043,35.662985]},"properties":{"name":"とし家庭料理店","category":"amenity:restaurant"}},{"type":"Feature","geometry":{"type":"Point","coordinates":[139.711366,35.662522]},"properties":{"name":"焼鳥ク楽部","category":"amenity:restaurant"}},{"type":"Feature","geometry":{"type":"Point","coordinates":[139.71207,35.662508]},"properties":{"name":"ル・ドンジョン","category":"amenity:restaurant"}},{"type":"Feature","geometry":{"type":"Point","coordinates":[139.711969,35.662594]},"properties":{"name":"Dune Rarete","category":"shop:bakery"}},{"type":"Feature","geometry":{"type":"Point","coordinates":[139.712138,35.66208]},"properties":{"name":"和乃匠","category":"amenity:restaurant"}},{"type":"Feature","geometry":{"type":"Point","coordinates":[139.712098,35.662119]},"properties":{"name":"絲綢路","category":"amenity:restaurant","level":"-1"}},{"type":"Feature","geometry":{"type":"Point","coordinates":[139.711468,35.662252]},"properties":{"name":"のぼりふじ","category":"amenity:restaurant","level":"0"}},{"type":"Feature","geometry":{"type":"Point","coordinates":[139.711545,35.661799]},"properties":{"name":"蔦珈琲店","category":"amenity:cafe"}},{"type":"Feature","geometry":{"type":"Point","coordinates":[139.712369,35.661629]},"properties":{"name":"Chez Soma Aoyama","category":"amenity:restaurant","level":"-1"}},{"type":"Feature","geometry":{"type":"Point","coordinates":[139.713924,35.661727]},"properties":{"name":"青山バル ジョイーレ","category":"amenity:restaurant","level":"-1"}},{"type":"Feature","geometry":{"type":"Point","coordinates":[139.715016,35.661119]},"properties":{"name":"レヴアリー","category":"amenity:restaurant"}},{"type":"Feature","geometry":{"type":"Point","coordinates":[139.716722,35.660389]},"properties":{"name":"寿司屋のくま川","category":"amenity:restaurant","level":"1"}},{"type":"Feature","geometry":{"type":"Point","coordinates":[139.712806,35.659227]},"properties":{"name":"ミュージアム 1999 ロアラブッシュ","category":"amenity:restaurant"}},{"type":"Feature","geometry":{"type":"Point","coordinates":[139.712517,35.658957]},"properties":{"name":"Kaiona Cafe","category":"amenity:restaurant"}},{"type":"Feature","geometry":{"type":"Point","coordinates":[139.713365,35.659524]},"properties":{"name":"アントニオ 南青山本店","category":"amenity:restaurant"}},{"type":"Feature","geometry":{"type":"Point","coordinates":[139.715679,35.658786]},"properties":{"name":"セブン-イレブン","category":"shop:convenience","level":"0"}},{"type":"Feature","geometry":{"type":"Point","coordinates":[139.707608,35.647092]},"properties":{"name":"VEGa Wine Cafe Bar","category":"shop:beverages"}},{"type":"Feature","geometry":{"type":"Point","coordinates":[139.705911,35.655592]},"properties":{"name":"ほっかほっか亭","category":"amenity:fast_food","level":"0"}},{"type":"Feature","geometry":{"type":"Point","coordinates":[139.708796,35.651711]},"properties":{"name":"本家かまどや","category":"amenity:fast_food","level":"0"}},{"type":"Feature","geometry":{"type":"Point","coordinates":[139.699659,35.659784]},"properties":{"name":"みずほ銀行","category":"amenity:bank"}},{"type":"Feature","geometry":{"type":"Point","coordinates":[139.696946,35.65815]},"properties":{"name":"Y'sロード","category":"shop:bicycle"}},{"type":"Feature","geometry":{"type":"Point","coordinates":[139.686451,35.657644]},"properties":{"name":"かどや","category":"shop:bakery"}},{"type":"Feature","geometry":{"type":"Point","coordinates":[139.685957,35.657584]},"properties":{"name":"さわやか","category":"amenity:bar"}},{"type":"Feature","geometry":{"type":"Point","coordinates":[139.684494,35.657995]},"properties":{"name":"みしま","category":"shop:deli"}},{"type":"Feature","geometry":{"type":"Point","coordinates":[139.685661,35.657668]},"properties":{"name":"キッチン南海","category":"amenity:restaurant"}},{"type":"Feature","geometry":{"type":"Point","coordinates":[139.684968,35.657843]},"properties":{"name":"株式会社三栄コピー","category":"shop:stationery"}},{"type":"Feature","geometry":{"type":"Point","coordinates":[139.687334,35.657478]},"properties":{"name":"居酒屋かこ","category":"amenity:bar"}},{"type":"Feature","geometry":{"type":"Point","coordinates":[139.686828,35.657537]},"properties":{"name":"ライン","category":"shop:hairdresser"}},{"type":"Feature","geometry":{"type":"Point","coordinates":[139.685864,35.657662]},"properties":{"name":"菱田屋","category":"amenity:restaurant"}},{"type":"Feature","geometry":{"type":"Point","coordinates":[139.686787,35.657672]},"properties":{"name":"MUSKAN","category":"amenity:restaurant"}},{"type":"Feature","geometry":{"type":"Point","coordinates":[139.685152,35.657782]},"properties":{"name":"Kiitii","category":"shop:hairdresser"}},{"type":"Feature","geometry":{"type":"Point","coordinates":[139.684654,35.657948]},"properties":{"name":"PAR BLEU","category":"shop:hairdresser"}},{"type":"Feature","geometry":{"type":"Point","coordinates":[139.685783,35.65766]},"properties":{"name":"太田屋","category":"shop:butcher"}},{"type":"Feature","geometry":{"type":"Point","coordinates":[139.686927,35.657634]},"properties":{"name":"東大電気","category":"shop:electronics"}},{"type":"Feature","geometry":{"type":"Point","coordinates":[139.686703,35.657566]},"properties":{"name":"菱田屋酒場","category":"amenity:restaurant"}},{"type":"Feature","geometry":{"type":"Point","coordinates":[139.689376,35.653745]},"properties":{"name":"Barbizon41","category":"amenity:restaurant"}},{"type":"Feature","geometry":{"type":"Point","coordinates":[139.689342,35.650928]},"properties":{"name":"みらべる","category":"shop:supermarket"}},{"type":"Feature","geometry":{"type":"Point","coordinates":[139.689372,35.653836]},"properties":{"name":"MIRANDA BLUE","category":"amenity:restaurant"}},{"type":"Feature","geometry":{"type":"Point","coordinates":[139.689441,35.65127]},"properties":{"name":"カーコンビニ倶楽部","category":"shop:car_repair"}},{"type":"Feature","geometry":{"type":"Point","coordinates":[139.6899,35.655128]},"properties":{"name":"マツミ","category":"amenity:restaurant"}},{"type":"Feature","geometry":{"type":"Point","coordinates":[139.692968,35.648155]},"properties":{"name":"AUX BACCHANALES","category":"amenity:restaurant"}},{"type":"Feature","geometry":{"type":"Point","coordinates":[139.693593,35.647764]},"properties":{"name":"ファミリーマート","category":"shop:convenience"}},{"type":"Feature","geometry":{"type":"Point","coordinates":[139.690019,35.650296]},"properties":{"name":"いこい","category":"shop:hairdresser"}},{"type":"Feature","geometry":{"type":"Point","coordinates":[139.691105,35.649312]},"properties":{"name":"カフェフレンド　シュプール","category":"amenity:cafe"}},{"type":"Feature","geometry":{"type":"Point","coordinates":[139.692839,35.648259]},"properties":{"name":"シンエイ","category":"shop:second_hand"}},{"type":"Feature","geometry":{"type":"Point","coordinates":[139.689789,35.650526]},"properties":{"name":"坂本整体","category":"shop:massage"}},{"type":"Feature","geometry":{"type":"Point","coordinates":[139.689706,35.650603]},"properties":{"name":"支那そば　八雲","category":"amenity:restaurant"}},{"type":"Feature","geometry":{"type":"Point","coordinates":[139.69088,35.649491]},"properties":{"name":"東邦電材","category":"shop:electronics"}},{"type":"Feature","geometry":{"type":"Point","coordinates":[139.691414,35.649087]},"properties":{"name":"2・3・4","category":"amenity:cafe"}},{"type":"Feature","geometry":{"type":"Point","coordinates":[139.69402,35.647527]},"properties":{"name":"フレッシュネスバーガー","category":"amenity:fast_food"}},{"type":"Feature","geometry":{"type":"Point","coordinates":[139.693975,35.647551]},"properties":{"name":"ディップパレス","category":"amenity:restaurant"}},{"type":"Feature","geometry":{"type":"Point","coordinates":[139.697638,35.645728]},"properties":{"name":"ワイモバイル","category":"shop:mobile_phone"}},{"type":"Feature","geometry":{"type":"Point","coordinates":[139.694402,35.647307]},"properties":{"name":"おしゃれ共和国","category":"shop:dry_cleaning"}},{"type":"Feature","geometry":{"type":"Point","coordinates":[139.695649,35.64655]},"properties":{"name":"カクヤス","category":"shop:alcohol"}},{"type":"Feature","geometry":{"type":"Point","coordinates":[139.694367,35.647329]},"properties":{"name":"リサイクルショップ　サイ","category":"shop:second_hand"}},{"type":"Feature","geometry":{"type":"Point","coordinates":[139.694475,35.647265]},"properties":{"name":"天竺屋台","category":"amenity:restaurant"}},{"type":"Feature","geometry":{"type":"Point","coordinates":[139.694264,35.647394]},"properties":{"name":"焼き鳥　栃木屋","category":"amenity:bar"}},{"type":"Feature","geometry":{"type":"Point","coordinates":[139.695378,35.646714]},"properties":{"name":"珠苑","category":"amenity:restaurant"}},{"type":"Feature","geometry":{"type":"Point","coordinates":[139.696224,35.646189]},"properties":{"name":"築地　すし好","category":"amenity:restaurant"}},{"type":"Feature","geometry":{"type":"Point","coordinates":[139.696671,35.645937]},"properties":{"name":"西部信用金庫","category":"amenity:bank"}},{"type":"Feature","geometry":{"type":"Point","coordinates":[139.692069,35.648702]},"properties":{"name":"チャンピオン　NAKAME","category":"amenity:restaurant"}},{"type":"Feature","geometry":{"type":"Point","coordinates":[139.695818,35.646839]},"properties":{"name":"叙々苑","category":"amenity:restaurant"}},{"type":"Feature","geometry":{"type":"Point","coordinates":[139.692117,35.64848]},"properties":{"name":"宗楽","category":"amenity:restaurant"}},{"type":"Feature","geometry":{"type":"Point","coordinates":[139.692166,35.648544]},"properties":{"name":"食品　となみや","category":"shop:greengrocer"}},{"type":"Feature","geometry":{"type":"Point","coordinates":[139.713918,35.66493]},"properties":{"name":"ファミリーマート","category":"shop:convenience"}},{"type":"Feature","geometry":{"type":"Point","coordinates":[139.698525,35.661534]},"properties":{"name":"Columbia","category":"shop:clothes"}},{"type":"Feature","geometry":{"type":"Point","coordinates":[139.697653,35.661439]},"properties":{"name":"Recoファン ビーム店","category":"shop:yes"}},{"type":"Feature","geometry":{"type":"Point","coordinates":[139.699577,35.662074]},"properties":{"name":"Swarovski","category":"shop:jewelry"}},{"type":"Feature","geometry":{"type":"Point","coordinates":[139.697895,35.66125]},"properties":{"name":"かにチャーハンの店","category":"amenity:restaurant","level":"2"}},{"type":"Feature","geometry":{"type":"Point","coordinates":[139.697367,35.661365]},"properties":{"name":"イシバシ楽器","category":"shop:musical_instrument","level":"2"}},{"type":"Feature","geometry":{"type":"Point","coordinates":[139.698355,35.661425]},"properties":{"name":"カリカチュア・ジャパン","category":"shop:variety_store"}},{"type":"Feature","geometry":{"type":"Point","coordinates":[139.698414,35.661442]},"properties":{"name":"デイリーヤマザキ","category":"shop:convenience"}},{"type":"Feature","geometry":{"type":"Point","coordinates":[139.69792,35.661267]},"properties":{"name":"半兵衛","category":"amenity:pub","level":"1"}},{"type":"Feature","geometry":{"type":"Point","coordinates":[139.697851,35.661333]},"properties":{"name":"鳥貴族","category":"amenity:pub","level":"2"}},{"type":"Feature","geometry":{"type":"Point","coordinates":[139.703563,35.658375]},"properties":{"name":"B&D","category":"shop:shoes","level":"0"}},{"type":"Feature","geometry":{"type":"Point","coordinates":[139.71444,35.663774]},"properties":{"name":"Prada","category":"shop:clothes"}},{"type":"Feature","geometry":{"type":"Point","coordinates":[139.697822,35.661763]},"properties":{"name":"サムラート","category":"amenity:restaurant"}},{"type":"Feature","geometry":{"type":"Point","coordinates":[139.697642,35.661533]},"properties":{"name":"博多水炊き","category":"amenity:restaurant"}},{"type":"Feature","geometry":{"type":"Point","coordinates":[139.710054,35.666573]},"properties":{"name":"モスカフェ","category":"amenity:cafe","level":"1"}},{"type":"Feature","geometry":{"type":"Point","coordinates":[139.70003,35.66174]},"properties":{"name":"先斗入ル","category":"amenity:restaurant"}},{"type":"Feature","geometry":{"type":"Point","coordinates":[139.700053,35.661695]},"properties":{"name":"大戸屋","category":"amenity:restaurant"}},{"type":"Feature","geometry":{"type":"Point","coordinates":[139.700215,35.661193]},"properties":{"name":"Disney store","category":"shop:toys"}},{"type":"Feature","geometry":{"type":"Point","coordinates":[139.700268,35.661162]},"properties":{"name":"かに道楽","category":"amenity:restaurant"}},{"type":"Feature","geometry":{"type":"Point","coordinates":[139.701007,35.661213]},"properties":{"name":"東日本銀行","category":"amenity:bank"}},{"type":"Feature","geometry":{"type":"Point","coordinates":[139.701001,35.661182]},"properties":{"name":"珈琲館","category":"amenity:cafe"}},{"type":"Feature","geometry":{"type":"Point","coordinates":[139.700984,35.660304]},"properties":{"name":"大和証券","category":"amenity:bank"}},{"type":"Feature","geometry":{"type":"Point","coordinates":[139.700901,35.659866]},"properties":{"name":"三菱UFJ銀行","category":"amenity:bank"}},{"type":"Feature","geometry":{"type":"Point","coordinates":[139.700892,35.659762]},"properties":{"name":"109 MEN'S","category":"shop:vacant"}},{"type":"Feature","geometry":{"type":"Point","coordinates":[139.699552,35.655667]},"properties":{"name":"アクオリーナ","category":"amenity:restaurant"}},{"type":"Feature","geometry":{"type":"Point","coordinates":[139.700608,35.654181]},"properties":{"name":"ローソン","category":"shop:convenience"}},{"type":"Feature","geometry":{"type":"Point","coordinates":[139.696425,35.657407]},"properties":{"name":"わたみん家","category":"amenity:restaurant","level":"-1"}},{"type":"Feature","geometry":{"type":"Point","coordinates":[139.696495,35.657298]},"properties":{"name":"Happy Pancake","category":"amenity:restaurant"}},{"type":"Feature","geometry":{"type":"Point","coordinates":[139.697229,35.657561]},"properties":{"name":"ナチュラルローソン","category":"shop:convenience"}},{"type":"Feature","geometry":{"type":"Point","coordinates":[139.696398,35.657384]},"properties":{"name":"松屋","category":"amenity:fast_food"}},{"type":"Feature","geometry":{"type":"Point","coordinates":[139.696538,35.657263]},"properties":{"name":"華泰茶荘","category":"amenity:restaurant"}},{"type":"Feature","geometry":{"type":"Point","coordinates":[139.696769,35.658439]},"properties":{"name":"ケンタッキーフライドチキン","category":"amenity:fast_food"}},{"type":"Feature","geometry":{"type":"Point","coordinates":[139.696533,35.658168]},"properties":{"name":"パク森","category":"amenity:restaurant","level":"-1"}},{"type":"Feature","geometry":{"type":"Point","coordinates":[139.697052,35.65869]},"properties":{"name":"八千代銀行渋谷支店","category":"amenity:bank"}},{"type":"Feature","geometry":{"type":"Point","coordinates":[139.696848,35.658525]},"properties":{"name":"幸楽苑","category":"amenity:fast_food"}},{"type":"Feature","geometry":{"type":"Point","coordinates":[139.696684,35.657916]},"properties":{"name":"餃子の王将","category":"amenity:restaurant"}},{"type":"Feature","geometry":{"type":"Point","coordinates":[139.695753,35.656694]},"properties":{"name":"ファミリーマート","category":"shop:convenience"}},{"type":"Feature","geometry":{"type":"Point","coordinates":[139.704467,35.656223]},"properties":{"name":"やよい軒","category":"amenity:restaurant"}},{"type":"Feature","geometry":{"type":"Point","coordinates":[139.705083,35.656213]},"properties":{"name":"山水","category":"shop:outdoor"}},{"type":"Feature","geometry":{"type":"Point","coordinates":[139.715639,35.663321]},"properties":{"name":"Minotti","category":"shop:jewelry"}},{"type":"Feature","geometry":{"type":"Point","coordinates":[139.715107,35.663387]},"properties":{"name":"Yoku Moku","category":"shop:pastry"}},{"type":"Feature","geometry":{"type":"Point","coordinates":[139.714608,35.663973]},"properties":{"name":"Moncler","category":"shop:clothes"}},{"type":"Feature","geometry":{"type":"Point","coordinates":[139.698622,35.662463]},"properties":{"name":"SOCCER SHOP KAMO","category":"shop:sports"}},{"type":"Feature","geometry":{"type":"Point","coordinates":[139.698617,35.662518]},"properties":{"name":"ESTADIO","category":"amenity:pub"}},{"type":"Feature","geometry":{"type":"Point","coordinates":[139.69874,35.662514]},"properties":{"name":"SUZU CAFE","category":"amenity:cafe"}},{"type":"Feature","geometry":{"type":"Point","coordinates":[139.698743,35.662459]},"properties":{"name":"BEAVER","category":"shop:clothes"}},{"type":"Feature","geometry":{"type":"Point","coordinates":[139.698262,35.662497]},"properties":{"name":"Royal Garden Cafe","category":"amenity:cafe"}},{"type":"Feature","geometry":{"type":"Point","coordinates":[139.698722,35.662489]},"properties":{"name":"MIRACLE FARM","category":"shop:hairdresser"}},{"type":"Feature","geometry":{"type":"Point","coordinates":[139.698927,35.661569]},"properties":{"name":"Under Babydoll","category":"shop:clothes"}},{"type":"Feature","geometry":{"type":"Point","coordinates":[139.7046,35.660049]},"properties":{"name":"AOKI","category":"shop:clothes"}},{"type":"Feature","geometry":{"type":"Point","coordinates":[139.705663,35.660295]},"properties":{"name":"ドトールコーヒーショップ","category":"amenity:cafe"}},{"type":"Feature","geometry":{"type":"Point","coordinates":[139.704121,35.659959]},"properties":{"name":"ローソン","category":"shop:convenience"}},{"type":"Feature","geometry":{"type":"Point","coordinates":[139.705306,35.660553]},"properties":{"name":"KUA`AINA","category":"amenity:fast_food","level":"0"}},{"type":"Feature","geometry":{"type":"Point","coordinates":[139.705599,35.660266]},"properties":{"name":"松屋","category":"amenity:fast_food","level":"0"}},{"type":"Feature","geometry":{"type":"Point","coordinates":[139.703178,35.664167]},"properties":{"name":"ファミリーマート","category":"shop:convenience"}},{"type":"Feature","geometry":{"type":"Point","coordinates":[139.703619,35.66405]},"properties":{"name":"Huit","category":"amenity:restaurant"}},{"type":"Feature","geometry":{"type":"Point","coordinates":[139.703685,35.664453]},"properties":{"name":"Madosh Cafe","category":"amenity:restaurant"}},{"type":"Feature","geometry":{"type":"Point","coordinates":[139.70324,35.664804]},"properties":{"name":"Burberry","category":"shop:clothes"}},{"type":"Feature","geometry":{"type":"Point","coordinates":[139.702463,35.663471]},"properties":{"name":"Momotaro Jeans","category":"shop:clothes"}},{"type":"Feature","geometry":{"type":"Point","coordinates":[139.702758,35.664043]},"properties":{"name":"reric渋谷","category":"shop:clothes","level":"1"}},{"type":"Feature","geometry":{"type":"Point","coordinates":[139.702884,35.664506]},"properties":{"name":"フレッシュネスバーガー","category":"amenity:fast_food"}},{"type":"Feature","geometry":{"type":"Point","coordinates":[139.703444,35.664716]},"properties":{"name":"Freaks Store","category":"shop:clothes"}},{"type":"Feature","geometry":{"type":"Point","coordinates":[139.703597,35.665182]},"properties":{"name":"Patagonia","category":"shop:clothes"}},{"type":"Feature","geometry":{"type":"Point","coordinates":[139.7041,35.665432]},"properties":{"name":"Gregory","category":"shop:clothes"}},{"type":"Feature","geometry":{"type":"Point","coordinates":[139.704174,35.665478]},"properties":{"name":"±0","category":"shop:gift"}},{"type":"Feature","geometry":{"type":"Point","coordinates":[139.70425,35.665511]},"properties":{"name":"R.Newbold","category":"shop:clothes"}},{"type":"Feature","geometry":{"type":"Point","coordinates":[139.704529,35.665487]},"properties":{"name":"inhabitant","category":"shop:clothes"}},{"type":"Feature","geometry":{"type":"Point","coordinates":[139.705085,35.665959]},"properties":{"name":"Adidas","category":"shop:sports"}},{"type":"Feature","geometry":{"type":"Point","coordinates":[139.705676,35.666356]},"properties":{"name":"Ragtag","category":"shop:clothes"}},{"type":"Feature","geometry":{"type":"Point","coordinates":[139.702994,35.664941]},"properties":{"name":"Paul Smith","category":"shop:clothes"}},{"type":"Feature","geometry":{"type":"Point","coordinates":[139.702868,35.66483]},"properties":{"name":"Burberry","category":"shop:clothes"}},{"type":"Feature","geometry":{"type":"Point","coordinates":[139.705982,35.66628]},"properties":{"name":"DKNY","category":"shop:clothes"}},{"type":"Feature","geometry":{"type":"Point","coordinates":[139.70588,35.666221]},"properties":{"name":"Oakley","category":"shop:clothes"}},{"type":"Feature","geometry":{"type":"Point","coordinates":[139.706537,35.66772]},"properties":{"name":"Kiddy Land","category":"shop:toys"}},{"type":"Feature","geometry":{"type":"Point","coordinates":[139.696714,35.667225]},"properties":{"name":"Tokyo flea market 21 jan","category":"shop:kiosk"}},{"type":"Feature","geometry":{"type":"Point","coordinates":[139.704828,35.665594]},"properties":{"name":"Ralph Lauren Denim","category":"shop:clothes","level":"0"}},{"type":"Feature","geometry":{"type":"Point","coordinates":[139.706024,35.666388]},"properties":{"name":"Burton","category":"shop:clothes"}},{"type":"Feature","geometry":{"type":"Point","coordinates":[139.706099,35.666528]},"properties":{"name":"Columbia","category":"shop:clothes"}},{"type":"Feature","geometry":{"type":"Point","coordinates":[139.704259,35.666504]},"properties":{"name":"Audi","category":"shop:car"}},{"type":"Feature","geometry":{"type":"Point","coordinates":[139.707269,35.670439]},"properties":{"name":"The Terminal","category":"amenity:cafe"}},{"type":"Feature","geometry":{"type":"Point","coordinates":[139.715621,35.65929]},"properties":{"name":"KURA","category":"amenity:bar"}},{"type":"Feature","geometry":{"type":"Point","coordinates":[139.712702,35.658986]},"properties":{"name":"家紋","category":"shop:art"}},{"type":"Feature","geometry":{"type":"Point","coordinates":[139.70831,35.658611]},"properties":{"name":"セブン-イレブン","category":"shop:convenience","level":"0"}},{"type":"Feature","geometry":{"type":"Point","coordinates":[139.708172,35.658603]},"properties":{"name":"すき家","category":"amenity:fast_food"}},{"type":"Feature","geometry":{"type":"Point","coordinates":[139.706995,35.657993]},"properties":{"name":"食幹","category":"amenity:restaurant"}},{"type":"Feature","geometry":{"type":"Point","coordinates":[139.705187,35.657932]},"properties":{"name":"ローソン","category":"shop:convenience"}},{"type":"Feature","geometry":{"type":"Point","coordinates":[139.705003,35.65797]},"properties":{"name":"ドトールコーヒーショップ","category":"amenity:cafe"}},{"type":"Feature","geometry":{"type":"Point","coordinates":[139.704822,35.657932]},"properties":{"name":"セブン-イレブン","category":"shop:convenience","level":"0"}},{"type":"Feature","geometry":{"type":"Point","coordinates":[139.704621,35.657899]},"properties":{"name":"ラーメン 凪 煮干王","category":"amenity:fast_food"}},{"type":"Feature","geometry":{"type":"Point","coordinates":[139.704626,35.65784]},"properties":{"name":"赤頭巾","category":"amenity:pub"}},{"type":"Feature","geometry":{"type":"Point","coordinates":[139.7048,35.657781]},"properties":{"name":"とろとろ房","category":"amenity:fast_food"}},{"type":"Feature","geometry":{"type":"Point","coordinates":[139.704814,35.657692]},"properties":{"name":"Bistro 渋谷","category":"amenity:pub"}},{"type":"Feature","geometry":{"type":"Point","coordinates":[139.704819,35.657587]},"properties":{"name":"バチBAR","category":"amenity:pub"}},{"type":"Feature","geometry":{"type":"Point","coordinates":[139.7048,35.657603]},"properties":{"name":"BisCafe","category":"amenity:cafe"}},{"type":"Feature","geometry":{"type":"Point","coordinates":[139.704653,35.657587]},"properties":{"name":"うたごえ酒場 季味","category":"amenity:pub"}},{"type":"Feature","geometry":{"type":"Point","coordinates":[139.704396,35.657916]},"properties":{"name":"ファミリーマート","category":"shop:convenience"}},{"type":"Feature","geometry":{"type":"Point","coordinates":[139.694313,35.656985]},"properties":{"name":"ひしゅうや","category":"amenity:pub"}},{"type":"Feature","geometry":{"type":"Point","coordinates":[139.690113,35.669162]},"properties":{"name":"青山シューズファクトリー","category":"shop:shoes"}},{"type":"Feature","geometry":{"type":"Point","coordinates":[139.689285,35.668885]},"properties":{"name":"てんや","category":"amenity:fast_food"}},{"type":"Feature","geometry":{"type":"Point","coordinates":[139.689273,35.668862]},"properties":{"name":"武道具 八光堂","category":"shop:sports"}},{"type":"Feature","geometry":{"type":"Point","coordinates":[139.689235,35.668904]},"properties":{"name":"茶月（寿司）","category":"shop:deli"}},{"type":"Feature","geometry":{"type":"Point","coordinates":[139.689068,35.668629]},"properties":{"name":"クリスチアノ","category":"amenity:restaurant"}},{"type":"Feature","geometry":{"type":"Point","coordinates":[139.689095,35.668722]},"properties":{"name":"郷土料理 熊吉","category":"amenity:restaurant"}},{"type":"Feature","geometry":{"type":"Point","coordinates":[139.707331,35.660426]},"properties":{"name":"Addu Mamma","category":"amenity:restaurant"}},{"type":"Feature","geometry":{"type":"Point","coordinates":[139.706189,35.667562]},"properties":{"name":"原宿餃子樓","category":"amenity:restaurant"}},{"type":"Feature","geometry":{"type":"Point","coordinates":[139.704411,35.649547]},"properties":{"name":"BULB","category":"shop:hairdresser","level":"1"}},{"type":"Feature","geometry":{"type":"Point","coordinates":[139.704327,35.649166]},"properties":{"name":"Belveder","category":"shop:clothes"}},{"type":"Feature","geometry":{"type":"Point","coordinates":[139.704423,35.649608]},"properties":{"name":"F.i.n.t","category":"shop:clothes"}},{"type":"Feature","geometry":{"type":"Point","coordinates":[139.704419,35.649458]},"properties":{"name":"GUITAR TRADER","category":"shop:musical_instrument","level":"-1"}},{"type":"Feature","geometry":{"type":"Point","coordinates":[139.704425,35.649633]},"properties":{"name":"PASHA","category":"amenity:cafe","level":"1"}},{"type":"Feature","geometry":{"type":"Point","coordinates":[139.70432,35.649143]},"properties":{"name":"kyogo","category":"amenity:cafe"}},{"type":"Feature","geometry":{"type":"Point","coordinates":[139.699177,35.660042]},"properties":{"name":"ANAP","category":"shop:clothes"}},{"type":"Feature","geometry":{"type":"Point","coordinates":[139.699389,35.660381]},"properties":{"name":"元気寿司","category":"shop:vacant"}},{"type":"Feature","geometry":{"type":"Point","coordinates":[139.699441,35.660498]},"properties":{"name":"HAI GARDEN","category":"amenity:restaurant"}},{"type":"Feature","geometry":{"type":"Point","coordinates":[139.699428,35.660433]},"properties":{"name":"ITALIAN TOMATO Cafe Jr","category":"amenity:cafe"}},{"type":"Feature","geometry":{"type":"Point","coordinates":[139.699141,35.659971]},"properties":{"name":"もつ楽","category":"amenity:restaurant"}},{"type":"Feature","geometry":{"type":"Point","coordinates":[139.699228,35.660328]},"properties":{"name":"テング酒場","category":"amenity:pub","level":"-1"}},{"type":"Feature","geometry":{"type":"Point","coordinates":[139.69918,35.660114]},"properties":{"name":"The Smash Scramble","category":"amenity:pub"}},{"type":"Feature","geometry":{"type":"Point","coordinates":[139.69913,35.659948]},"properties":{"name":"ヨコハマチケットサービス","category":"shop:ticket"}},{"type":"Feature","geometry":{"type":"Point","coordinates":[139.699254,35.660385]},"properties":{"name":"金のとりから","category":"shop:deli"}},{"type":"Feature","geometry":{"type":"Point","coordinates":[139.703751,35.658459]},"properties":{"name":"村さ来","category":"amenity:pub"}},{"type":"Feature","geometry":{"type":"Point","coordinates":[139.70386,35.658493]},"properties":{"name":"The Griffon","category":"amenity:pub"}},{"type":"Feature","geometry":{"type":"Point","coordinates":[139.703778,35.658411]},"properties":{"name":"サンスイ 渋谷本店 海釣り館","category":"shop:fishing","level":"0"}},{"type":"Feature","geometry":{"type":"Point","coordinates":[139.703872,35.658465]},"properties":{"name":"唐そば","category":"amenity:fast_food"}},{"type":"Feature","geometry":{"type":"Point","coordinates":[139.704178,35.658583]},"properties":{"name":"東京スター銀行","category":"amenity:bank"}},{"type":"Feature","geometry":{"type":"Point","coordinates":[139.699603,35.658638]},"properties":{"name":"スターバックス","category":"amenity:cafe","level":"2"}},{"type":"Feature","geometry":{"type":"Point","coordinates":[139.699504,35.658136]},"properties":{"name":"車","category":"amenity:restaurant"}},{"type":"Feature","geometry":{"type":"Point","coordinates":[139.704413,35.661102]},"properties":{"name":"セコ","category":"amenity:bar"}},{"type":"Feature","geometry":{"type":"Point","coordinates":[139.704537,35.660816]},"properties":{"name":"セブン-イレブン","category":"shop:convenience"}},{"type":"Feature","geometry":{"type":"Point","coordinates":[139.686436,35.659815]},"properties":{"name":"生協食堂","category":"amenity:restaurant"}},{"type":"Feature","geometry":{"type":"Point","coordinates":[139.701457,35.648572]},"properties":{"name":"メゾン ichi","category":"amenity:cafe"}},{"type":"Feature","geometry":{"type":"Point","coordinates":[139.701423,35.647822]},"properties":{"name":"Via Bus Stop","category":"shop:clothes"}},{"type":"Feature","geometry":{"type":"Point","coordinates":[139.701205,35.647968]},"properties":{"name":"Via bus stop","category":"shop:clothes"}},{"type":"Feature","geometry":{"type":"Point","coordinates":[139.701039,35.648078]},"properties":{"name":"5351","category":"shop:clothes"}},{"type":"Feature","geometry":{"type":"Point","coordinates":[139.700903,35.648148]},"properties":{"name":"HOLLYWOOD RANCH MARKET","category":"shop:clothes"}},{"type":"Feature","geometry":{"type":"Point","coordinates":[139.700686,35.649527]},"properties":{"name":"シェリュイ","category":"amenity:restaurant"}},{"type":"Feature","geometry":{"type":"Point","coordinates":[139.701306,35.649088]},"properties":{"name":"Okura","category":"shop:clothes"}},{"type":"Feature","geometry":{"type":"Point","coordinates":[139.701294,35.649074]},"properties":{"name":"Okura","category":"shop:clothes"}},{"type":"Feature","geometry":{"type":"Point","coordinates":[139.701182,35.649081]},"properties":{"name":"Plural","category":"shop:clothes"}},{"type":"Feature","geometry":{"type":"Point","coordinates":[139.70153,35.648891]},"properties":{"name":"末ぜん","category":"amenity:restaurant"}},{"type":"Feature","geometry":{"type":"Point","coordinates":[139.703799,35.651315]},"properties":{"name":"Urth Caffe","category":"amenity:cafe"}},{"type":"Feature","geometry":{"type":"Point","coordinates":[139.703676,35.651327]},"properties":{"name":"ナチュラルローソン","category":"shop:convenience"}},{"type":"Feature","geometry":{"type":"Point","coordinates":[139.706066,35.659921]},"properties":{"name":"カフェ・ベローチェ","category":"amenity:cafe","level":"0"}},{"type":"Feature","geometry":{"type":"Point","coordinates":[139.703385,35.659832]},"properties":{"name":"サブウェイ","category":"amenity:fast_food"}},{"type":"Feature","geometry":{"type":"Point","coordinates":[139.705435,35.660242]},"properties":{"name":"タパスタパス","category":"amenity:restaurant"}},{"type":"Feature","geometry":{"type":"Point","coordinates":[139.705505,35.660274]},"properties":{"name":"Conceal cafe","category":"amenity:restaurant"}},{"type":"Feature","geometry":{"type":"Point","coordinates":[139.697548,35.661483]},"properties":{"name":"まんだらけ","category":"shop:hobby","level":"-2"}},{"type":"Feature","geometry":{"type":"Point","coordinates":[139.706459,35.670132]},"properties":{"name":"スターバックス","category":"amenity:cafe","level":"0"}},{"type":"Feature","geometry":{"type":"Point","coordinates":[139.698865,35.663581]},"properties":{"name":"はなまるうどん","category":"amenity:restaurant","level":"0"}},{"type":"Feature","geometry":{"type":"Point","coordinates":[139.701704,35.647663]},"properties":{"name":"メゾン・イチ 代官山","category":"shop:bakery","level":"-1"}},{"type":"Feature","geometry":{"type":"Point","coordinates":[139.701355,35.647584]},"properties":{"name":"Petit Bateau","category":"shop:hairdresser"}},{"type":"Feature","geometry":{"type":"Point","coordinates":[139.701352,35.647569]},"properties":{"name":"パッション","category":"amenity:restaurant","level":"-1"}},{"type":"Feature","geometry":{"type":"Point","coordinates":[139.701438,35.647517]},"properties":{"name":"Salon Vega","category":"shop:hairdresser"}},{"type":"Feature","geometry":{"type":"Point","coordinates":[139.701308,35.647573]},"properties":{"name":"Petit Bateau","category":"shop:clothes"}},{"type":"Feature","geometry":{"type":"Point","coordinates":[139.701434,35.647883]},"properties":{"name":"LE CORDON BLEU","category":"amenity:restaurant"}},{"type":"Feature","geometry":{"type":"Point","coordinates":[139.700618,35.648018]},"properties":{"name":"greeniche","category":"shop:furniture"}},{"type":"Feature","geometry":{"type":"Point","coordinates":[139.700542,35.648077]},"properties":{"name":"lab.LABAR","category":"amenity:cafe"}},{"type":"Feature","geometry":{"type":"Point","coordinates":[139.699427,35.648562]},"properties":{"name":"Caffè Michelangelo","category":"amenity:cafe"}},{"type":"Feature","geometry":{"type":"Point","coordinates":[139.702707,35.646752]},"properties":{"name":"とんかつ ぽん太","category":"amenity:restaurant"}},{"type":"Feature","geometry":{"type":"Point","coordinates":[139.704186,35.64632]},"properties":{"name":"Egawa","category":"shop:florist"}},{"type":"Feature","geometry":{"type":"Point","coordinates":[139.702862,35.6477]},"properties":{"name":"ファミリーマート","category":"shop:convenience"}},{"type":"Feature","geometry":{"type":"Point","coordinates":[139.701782,35.647741]},"properties":{"name":"heliopole","category":"shop:clothes"}},{"type":"Feature","geometry":{"type":"Point","coordinates":[139.702197,35.647316]},"properties":{"name":"サルサマーレ","category":"amenity:restaurant"}},{"type":"Feature","geometry":{"type":"Point","coordinates":[139.700761,35.647892]},"properties":{"name":"Christmas company","category":"shop:gift"}},{"type":"Feature","geometry":{"type":"Point","coordinates":[139.699927,35.648632]},"properties":{"name":"Florist IGUSA","category":"shop:florist"}},{"type":"Feature","geometry":{"type":"Point","coordinates":[139.701548,35.64745]},"properties":{"name":"ル・コントワール・オクシタン","category":"amenity:restaurant"}},{"type":"Feature","geometry":{"type":"Point","coordinates":[139.701462,35.64737]},"properties":{"name":"アート・フロント・ギャラリー","category":"shop:art"}},{"type":"Feature","geometry":{"type":"Point","coordinates":[139.700528,35.647906]},"properties":{"name":"Tom's sandwich","category":"amenity:fast_food"}},{"type":"Feature","geometry":{"type":"Point","coordinates":[139.716887,35.658957]},"properties":{"name":"開化亭","category":"amenity:restaurant"}},{"type":"Feature","geometry":{"type":"Point","coordinates":[139.708159,35.657632]},"properties":{"name":"ラーメン凪","category":"amenity:fast_food"}},{"type":"Feature","geometry":{"type":"Point","coordinates":[139.707459,35.65644]},"properties":{"name":"ANTIVINO","category":"amenity:restaurant"}},{"type":"Feature","geometry":{"type":"Point","coordinates":[139.706423,35.655621]},"properties":{"name":"ととしぐれ","category":"amenity:pub"}},{"type":"Feature","geometry":{"type":"Point","coordinates":[139.700652,35.660864]},"properties":{"name":"眼鏡市場","category":"shop:optician"}},{"type":"Feature","geometry":{"type":"Point","coordinates":[139.694455,35.653169]},"properties":{"name":"俺流塩らーめん","category":"amenity:restaurant"}},{"type":"Feature","geometry":{"type":"Point","coordinates":[139.694403,35.652753]},"properties":{"name":"叙々苑","category":"amenity:restaurant"}},{"type":"Feature","geometry":{"type":"Point","coordinates":[139.695783,35.651498]},"properties":{"name":"Ristorante Yagi","category":"amenity:restaurant"}},{"type":"Feature","geometry":{"type":"Point","coordinates":[139.695891,35.651342]},"properties":{"name":"Monsoon Cafe","category":"amenity:restaurant"}},{"type":"Feature","geometry":{"type":"Point","coordinates":[139.69664,35.65054]},"properties":{"name":"Green Cafe Saigoyama","category":"amenity:cafe"}},{"type":"Feature","geometry":{"type":"Point","coordinates":[139.702858,35.650091]},"properties":{"name":"HOLLYWOOD BURGER","category":"amenity:fast_food"}},{"type":"Feature","geometry":{"type":"Point","coordinates":[139.702848,35.650111]},"properties":{"name":"HOLLYWOOD BURGER","category":"amenity:fast_food"}},{"type":"Feature","geometry":{"type":"Point","coordinates":[139.696721,35.650966]},"properties":{"name":"Pent House Olive Spa","category":"shop:beauty"}},{"type":"Feature","geometry":{"type":"Point","coordinates":[139.69676,35.651108]},"properties":{"name":"MS. REIKO","category":"shop:clothes"}},{"type":"Feature","geometry":{"type":"Point","coordinates":[139.697075,35.650811]},"properties":{"name":"Madame Toki","category":"amenity:restaurant"}},{"type":"Feature","geometry":{"type":"Point","coordinates":[139.69718,35.650689]},"properties":{"name":"Bonpoint","category":"shop:clothes"}},{"type":"Feature","geometry":{"type":"Point","coordinates":[139.698134,35.649369]},"properties":{"name":"Bistro Favori","category":"amenity:restaurant"}},{"type":"Feature","geometry":{"type":"Point","coordinates":[139.699231,35.648628]},"properties":{"name":"Lotus baquette","category":"shop:bakery"}},{"type":"Feature","geometry":{"type":"Point","coordinates":[139.700089,35.648202]},"properties":{"name":"Cherry Terrace","category":"shop:household"}},{"type":"Feature","geometry":{"type":"Point","coordinates":[139.700295,35.648202]},"properties":{"name":"Matsunosuke N.Y.","category":"amenity:cafe"}},{"type":"Feature","geometry":{"type":"Point","coordinates":[139.700027,35.648497]},"properties":{"name":"Greeniche","category":"shop:household"}},{"type":"Feature","geometry":{"type":"Point","coordinates":[139.700653,35.647996]},"properties":{"name":"Christmas Company","category":"shop:toys"}},{"type":"Feature","geometry":{"type":"Point","coordinates":[139.700674,35.647961]},"properties":{"name":"The boutique de Laurent","category":"shop:clothes"}},{"type":"Feature","geometry":{"type":"Point","coordinates":[139.700833,35.647895]},"properties":{"name":"Caramel baby&child","category":"shop:clothes"}},{"type":"Feature","geometry":{"type":"Point","coordinates":[139.704136,35.651407]},"properties":{"name":"OGAWAKEN","category":"amenity:restaurant"}},{"type":"Feature","geometry":{"type":"Point","coordinates":[139.703903,35.647786]},"properties":{"name":"tao","category":"amenity:cafe"}},{"type":"Feature","geometry":{"type":"Point","coordinates":[139.703947,35.647815]},"properties":{"name":"Ronfan. 龍坊","category":"amenity:restaurant"}},{"type":"Feature","geometry":{"type":"Point","coordinates":[139.69898,35.649209]},"properties":{"name":"アロハ テーブル","category":"amenity:cafe"}},{"type":"Feature","geometry":{"type":"Point","coordinates":[139.700772,35.649405]},"properties":{"name":"Acebuddy","category":"shop:bag"}},{"type":"Feature","geometry":{"type":"Point","coordinates":[139.698679,35.659722]},"properties":{"name":"元祖くじら屋","category":"amenity:restaurant"}},{"type":"Feature","geometry":{"type":"Point","coordinates":[139.695966,35.660075]},"properties":{"name":"Tucano トゥッカーノ","category":"amenity:restaurant"}},{"type":"Feature","geometry":{"type":"Point","coordinates":[139.705237,35.658681]},"properties":{"name":"珈琲館","category":"amenity:cafe"}},{"type":"Feature","geometry":{"type":"Point","coordinates":[139.709986,35.648046]},"properties":{"name":"サンマルクカフェ","category":"amenity:cafe","level":"0;2"}},{"type":"Feature","geometry":{"type":"Point","coordinates":[139.697167,35.646048]},"properties":{"name":"ファミリーマート","category":"shop:convenience"}},{"type":"Feature","geometry":{"type":"Point","coordinates":[139.696069,35.646718]},"properties":{"name":"マルカワ","category":"shop:clothes"}},{"type":"Feature","geometry":{"type":"Point","coordinates":[139.694559,35.647585]},"properties":{"name":"大福楼","category":"amenity:restaurant"}},{"type":"Feature","geometry":{"type":"Point","coordinates":[139.695657,35.646925]},"properties":{"name":"オリジン弁当","category":"amenity:fast_food"}},{"type":"Feature","geometry":{"type":"Point","coordinates":[139.711525,35.667975]},"properties":{"name":"とんかつ まい泉","category":"amenity:restaurant"}},{"type":"Feature","geometry":{"type":"Point","coordinates":[139.711099,35.667559]},"properties":{"name":"ファミリーマート","category":"shop:convenience"}},{"type":"Feature","geometry":{"type":"Point","coordinates":[139.707043,35.67028]},"properties":{"name":"香取屋","category":"shop:alcohol"}},{"type":"Feature","geometry":{"type":"Point","coordinates":[139.707354,35.670487]},"properties":{"name":"ジャンク堂","category":"amenity:fast_food"}},{"type":"Feature","geometry":{"type":"Point","coordinates":[139.70732,35.670586]},"properties":{"name":"Stay Real","category":"shop:clothes"}},{"type":"Feature","geometry":{"type":"Point","coordinates":[139.707546,35.670768]},"properties":{"name":"ファミリーマート","category":"shop:convenience"}},{"type":"Feature","geometry":{"type":"Point","coordinates":[139.707364,35.670628]},"properties":{"name":"Mekan","category":"amenity:fast_food"}},{"type":"Feature","geometry":{"type":"Point","coordinates":[139.715308,35.663848]},"properties":{"name":"INTERSECT BY LEXUS - TOKYO","category":"amenity:cafe"}},{"type":"Feature","geometry":{"type":"Point","coordinates":[139.701137,35.659376]},"properties":{"name":"カレー厨房","category":"amenity:restaurant"}},{"type":"Feature","geometry":{"type":"Point","coordinates":[139.701269,35.659382]},"properties":{"name":"千代松","category":"amenity:restaurant"}},{"type":"Feature","geometry":{"type":"Point","coordinates":[139.701357,35.659386]},"properties":{"name":"Kawakei","category":"amenity:restaurant"}},{"type":"Feature","geometry":{"type":"Point","coordinates":[139.698518,35.660767]},"properties":{"name":"ちふれ","category":"shop:cosmetics","level":"0"}},{"type":"Feature","geometry":{"type":"Point","coordinates":[139.698659,35.660719]},"properties":{"name":"Swatch","category":"shop:watches"}},{"type":"Feature","geometry":{"type":"Point","coordinates":[139.69799,35.66123]},"properties":{"name":"やんなはれ","category":"amenity:pub","level":"-1"}},{"type":"Feature","geometry":{"type":"Point","coordinates":[139.700411,35.659792]},"properties":{"name":"スターバックス","category":"amenity:cafe","level":"0"}},{"type":"Feature","geometry":{"type":"Point","coordinates":[139.698085,35.660909]},"properties":{"name":"ディスクユニオン","category":"shop:music","level":"4-5"}},{"type":"Feature","geometry":{"type":"Point","coordinates":[139.697281,35.66209]},"properties":{"name":"ルノアール","category":"amenity:cafe","level":"1"}},{"type":"Feature","geometry":{"type":"Point","coordinates":[139.697504,35.661906]},"properties":{"name":"金のとりから","category":"shop:deli"}},{"type":"Feature","geometry":{"type":"Point","coordinates":[139.697973,35.661236]},"properties":{"name":"魚や","category":"amenity:restaurant"}},{"type":"Feature","geometry":{"type":"Point","coordinates":[139.69558,35.663346]},"properties":{"name":"JTBトラベランド","category":"shop:travel_agency"}},{"type":"Feature","geometry":{"type":"Point","coordinates":[139.692081,35.667216]},"properties":{"name":"Natty Curry","category":"amenity:cafe"}},{"type":"Feature","geometry":{"type":"Point","coordinates":[139.692417,35.666831]},"properties":{"name":"Bondi Café","category":"amenity:cafe"}},{"type":"Feature","geometry":{"type":"Point","coordinates":[139.699098,35.662966]},"properties":{"name":"ファミリーマート","category":"shop:convenience","level":"0"}},{"type":"Feature","geometry":{"type":"Point","coordinates":[139.698819,35.663629]},"properties":{"name":"セブン-イレブン","category":"shop:convenience"}},{"type":"Feature","geometry":{"type":"Point","coordinates":[139.699373,35.664604]},"properties":{"name":"デイリーヤマザキ","category":"shop:convenience"}},{"type":"Feature","geometry":{"type":"Point","coordinates":[139.695507,35.657159]},"properties":{"name":"Tokyo Eyelash Extensions Crazy Beauty","category":"shop:beauty"}},{"type":"Feature","geometry":{"type":"Point","coordinates":[139.707113,35.667057]},"properties":{"name":"オリエンタルバザール","category":"shop:department_store"}},{"type":"Feature","geometry":{"type":"Point","coordinates":[139.704813,35.665495]},"properties":{"name":"The Roastery by Nozy Coffee","category":"amenity:cafe","level":"0"}},{"type":"Feature","geometry":{"type":"Point","coordinates":[139.695466,35.657574]},"properties":{"name":"権八 渋谷","category":"amenity:restaurant"}},{"type":"Feature","geometry":{"type":"Point","coordinates":[139.692426,35.666644]},"properties":{"name":"Fuglen Tokyo","category":"amenity:cafe"}},{"type":"Feature","geometry":{"type":"Point","coordinates":[139.714016,35.6647]},"properties":{"name":"ナラカミーチェ","category":"shop:clothes"}},{"type":"Feature","geometry":{"type":"Point","coordinates":[139.712527,35.665492]},"properties":{"name":"山陽堂書店","category":"shop:books"}},{"type":"Feature","geometry":{"type":"Point","coordinates":[139.712668,35.664199]},"properties":{"name":"鳥良","category":"amenity:pub"}},{"type":"Feature","geometry":{"type":"Point","coordinates":[139.711778,35.664736]},"properties":{"name":"スターバックス","category":"amenity:cafe"}},{"type":"Feature","geometry":{"type":"Point","coordinates":[139.712571,35.66574]},"properties":{"name":"𠮷川質店","category":"shop:pawnbroker"}},{"type":"Feature","geometry":{"type":"Point","coordinates":[139.710831,35.666587]},"properties":{"name":"スターバックス","category":"amenity:cafe"}},{"type":"Feature","geometry":{"type":"Point","coordinates":[139.712643,35.665607]},"properties":{"name":"Harada Florist","category":"shop:florist"}},{"type":"Feature","geometry":{"type":"Point","coordinates":[139.711087,35.667513]},"properties":{"name":"Magia di farina","category":"amenity:cafe","level":"-1"}},{"type":"Feature","geometry":{"type":"Point","coordinates":[139.713302,35.665279]},"properties":{"name":"おそば 古道","category":"amenity:restaurant"}},{"type":"Feature","geometry":{"type":"Point","coordinates":[139.713077,35.666139]},"properties":{"name":"麺菜家 北斗","category":"amenity:restaurant"}},{"type":"Feature","geometry":{"type":"Point","coordinates":[139.712824,35.665833]},"properties":{"name":"GaGa Mirano","category":"shop:yes"}},{"type":"Feature","geometry":{"type":"Point","coordinates":[139.700905,35.654166]},"properties":{"name":"なぎ食堂","category":"amenity:restaurant"}},{"type":"Feature","geometry":{"type":"Point","coordinates":[139.713761,35.666978]},"properties":{"name":"くるり","category":"shop:clothes"}},{"type":"Feature","geometry":{"type":"Point","coordinates":[139.712765,35.665745]},"properties":{"name":"FURLA","category":"shop:bag"}},{"type":"Feature","geometry":{"type":"Point","coordinates":[139.714703,35.664571]},"properties":{"name":"LOVELESS","category":"shop:clothes"}},{"type":"Feature","geometry":{"type":"Point","coordinates":[139.712861,35.665881]},"properties":{"name":"ブラッセリー トゥール","category":"amenity:restaurant"}},{"type":"Feature","geometry":{"type":"Point","coordinates":[139.715414,35.664859]},"properties":{"name":"La grande aquagirl","category":"shop:clothes"}},{"type":"Feature","geometry":{"type":"Point","coordinates":[139.713742,35.664739]},"properties":{"name":"Super A Market","category":"shop:clothes"}},{"type":"Feature","geometry":{"type":"Point","coordinates":[139.713292,35.666445]},"properties":{"name":"Sangria","category":"amenity:restaurant"}},{"type":"Feature","geometry":{"type":"Point","coordinates":[139.708438,35.658631]},"properties":{"name":"Dime","category":"amenity:pub"}},{"type":"Feature","geometry":{"type":"Point","coordinates":[139.713355,35.663586]},"properties":{"name":"嶋田洋書","category":"shop:books"}},{"type":"Feature","geometry":{"type":"Point","coordinates":[139.713094,35.663169]},"properties":{"name":"Summerbird","category":"amenity:cafe"}},{"type":"Feature","geometry":{"type":"Point","coordinates":[139.711866,35.662297]},"properties":{"name":"The 3rd Burger","category":"amenity:fast_food"}},{"type":"Feature","geometry":{"type":"Point","coordinates":[139.713457,35.663784]},"properties":{"name":"HYSTERICS","category":"shop:clothes"}},{"type":"Feature","geometry":{"type":"Point","coordinates":[139.713489,35.665883]},"properties":{"name":"花市場","category":"shop:florist"}},{"type":"Feature","geometry":{"type":"Point","coordinates":[139.715152,35.664593]},"properties":{"name":"リヴァ デリ エトゥルスキ","category":"amenity:restaurant"}},{"type":"Feature","geometry":{"type":"Point","coordinates":[139.712116,35.663031]},"properties":{"name":"kakimoto arms","category":"shop:hairdresser"}},{"type":"Feature","geometry":{"type":"Point","coordinates":[139.71335,35.663844]},"properties":{"name":"JAMES PERSE","category":"shop:clothes"}},{"type":"Feature","geometry":{"type":"Point","coordinates":[139.713017,35.663657]},"properties":{"name":"ASTRAET","category":"shop:clothes"}},{"type":"Feature","geometry":{"type":"Point","coordinates":[139.714455,35.663522]},"properties":{"name":"Marc Jacobs","category":"shop:clothes"}},{"type":"Feature","geometry":{"type":"Point","coordinates":[139.713705,35.663516]},"properties":{"name":"Stella McCartney","category":"shop:clothes"}},{"type":"Feature","geometry":{"type":"Point","coordinates":[139.713217,35.663663]},"properties":{"name":"TILA MARCH","category":"shop:bag"}},{"type":"Feature","geometry":{"type":"Point","coordinates":[139.713082,35.663627]},"properties":{"name":"RESTORANTE HiRo","category":"amenity:restaurant"}},{"type":"Feature","geometry":{"type":"Point","coordinates":[139.713778,35.663599]},"properties":{"name":"theory","category":"shop:clothes"}},{"type":"Feature","geometry":{"type":"Point","coordinates":[139.713616,35.663692]},"properties":{"name":"Roberto Cavalli","category":"shop:clothes"}},{"type":"Feature","geometry":{"type":"Point","coordinates":[139.713376,35.665756]},"properties":{"name":"Liko","category":"shop:hairdresser"}},{"type":"Feature","geometry":{"type":"Point","coordinates":[139.693721,35.658648]},"properties":{"name":"Sato","category":"shop:hairdresser"}},{"type":"Feature","geometry":{"type":"Point","coordinates":[139.693763,35.657334]},"properties":{"name":"TANA","category":"amenity:pub"}},{"type":"Feature","geometry":{"type":"Point","coordinates":[139.693864,35.6576]},"properties":{"name":"まいばすけっと","category":"shop:supermarket"}},{"type":"Feature","geometry":{"type":"Point","coordinates":[139.693688,35.658316]},"properties":{"name":"ゆいまぁる食堂","category":"amenity:restaurant"}},{"type":"Feature","geometry":{"type":"Point","coordinates":[139.693682,35.658259]},"properties":{"name":"サトウ","category":"amenity:restaurant"}},{"type":"Feature","geometry":{"type":"Point","coordinates":[139.694432,35.659347]},"properties":{"name":"BASE","category":"amenity:bar"}},{"type":"Feature","geometry":{"type":"Point","coordinates":[139.694283,35.659249]},"properties":{"name":"LIQUOR SHOP MATSUMOTO","category":"shop:alcohol"}},{"type":"Feature","geometry":{"type":"Point","coordinates":[139.694187,35.659181]},"properties":{"name":"八百宗青果","category":"shop:greengrocer"}},{"type":"Feature","geometry":{"type":"Point","coordinates":[139.695288,35.65986]},"properties":{"name":"Bloom!","category":"amenity:bar","level":"1"}},{"type":"Feature","geometry":{"type":"Point","coordinates":[139.695289,35.659845]},"properties":{"name":"mr kanso","category":"amenity:bar","level":"2"}},{"type":"Feature","geometry":{"type":"Point","coordinates":[139.696361,35.660232]},"properties":{"name":"あか・なす家","category":"amenity:restaurant"}},{"type":"Feature","geometry":{"type":"Point","coordinates":[139.695769,35.660029]},"properties":{"name":"まーさんの家","category":"amenity:restaurant"}},{"type":"Feature","geometry":{"type":"Point","coordinates":[139.695231,35.659818]},"properties":{"name":"セブン-イレブン","category":"shop:convenience","level":"0"}},{"type":"Feature","geometry":{"type":"Point","coordinates":[139.695048,35.659704]},"properties":{"name":"大和田","category":"amenity:restaurant"}},{"type":"Feature","geometry":{"type":"Point","coordinates":[139.695559,35.659911]},"properties":{"name":"道玄家","category":"amenity:fast_food"}},{"type":"Feature","geometry":{"type":"Point","coordinates":[139.695286,35.659873]},"properties":{"name":"麺屋 黒琥","category":"amenity:fast_food"}},{"type":"Feature","geometry":{"type":"Point","coordinates":[139.712896,35.665148]},"properties":{"name":"Origami","category":"amenity:bar"}},{"type":"Feature","geometry":{"type":"Point","coordinates":[139.711771,35.668168]},"properties":{"name":"文房具カフェ","category":"amenity:cafe"}},{"type":"Feature","geometry":{"type":"Point","coordinates":[139.713647,35.666069]},"properties":{"name":"Gallery Rare","category":"shop:second_hand"}},{"type":"Feature","geometry":{"type":"Point","coordinates":[139.714998,35.664593]},"properties":{"name":"すし居酒屋 八兵衛","category":"amenity:pub"}},{"type":"Feature","geometry":{"type":"Point","coordinates":[139.710848,35.666184]},"properties":{"name":"Apple Store","category":"shop:electronics"}},{"type":"Feature","geometry":{"type":"Point","coordinates":[139.711682,35.664769]},"properties":{"name":"アクセス","category":"shop:computer"}},{"type":"Feature","geometry":{"type":"Point","coordinates":[139.713861,35.664832]},"properties":{"name":"Visée","category":"shop:hairdresser"}},{"type":"Feature","geometry":{"type":"Point","coordinates":[139.713156,35.664655]},"properties":{"name":"Alexander Mqueen","category":"shop:clothes"}},{"type":"Feature","geometry":{"type":"Point","coordinates":[139.713024,35.66473]},"properties":{"name":"Balenciaga","category":"shop:clothes"}},{"type":"Feature","geometry":{"type":"Point","coordinates":[139.713784,35.664788]},"properties":{"name":"Super A Market Bar & Grill","category":"amenity:restaurant"}},{"type":"Feature","geometry":{"type":"Point","coordinates":[139.714095,35.664759]},"properties":{"name":"Yoke Hair","category":"shop:hairdresser"}},{"type":"Feature","geometry":{"type":"Point","coordinates":[139.71008,35.6633]},"properties":{"name":"THREE AOYAMA","category":"shop:beauty"}},{"type":"Feature","geometry":{"type":"Point","coordinates":[139.69279,35.654979]},"properties":{"name":"ナチュラルローソン","category":"shop:convenience"}},{"type":"Feature","geometry":{"type":"Point","coordinates":[139.695165,35.656461]},"properties":{"name":"ローソン","category":"shop:convenience"}},{"type":"Feature","geometry":{"type":"Point","coordinates":[139.713135,35.665435]},"properties":{"name":"よなよなビアワークス","category":"amenity:pub","level":"-1"}},{"type":"Feature","geometry":{"type":"Point","coordinates":[139.713045,35.665275]},"properties":{"name":"Belle Dolce","category":"shop:hairdresser"}},{"type":"Feature","geometry":{"type":"Point","coordinates":[139.712879,35.665099]},"properties":{"name":"ひごの屋","category":"amenity:pub"}},{"type":"Feature","geometry":{"type":"Point","coordinates":[139.713531,35.665869]},"properties":{"name":"Nid Cafe","category":"amenity:cafe"}},{"type":"Feature","geometry":{"type":"Point","coordinates":[139.715177,35.665186]},"properties":{"name":"esper.","category":"shop:hairdresser"}},{"type":"Feature","geometry":{"type":"Point","coordinates":[139.713951,35.664973]},"properties":{"name":"Dot + LIM","category":"shop:hairdresser"}},{"type":"Feature","geometry":{"type":"Point","coordinates":[139.713549,35.664635]},"properties":{"name":"ISSEY MIYAKE","category":"shop:clothes"}},{"type":"Feature","geometry":{"type":"Point","coordinates":[139.713653,35.664577]},"properties":{"name":"ISSEY MIYAKE MEN","category":"shop:clothes"}},{"type":"Feature","geometry":{"type":"Point","coordinates":[139.713102,35.666454]},"properties":{"name":"Le café BERTHOLLET","category":"amenity:cafe"}},{"type":"Feature","geometry":{"type":"Point","coordinates":[139.712349,35.665596]},"properties":{"name":"鮨あら政","category":"amenity:restaurant"}},{"type":"Feature","geometry":{"type":"Point","coordinates":[139.713159,35.666189]},"properties":{"name":"blinc vase","category":"shop:optician"}},{"type":"Feature","geometry":{"type":"Point","coordinates":[139.713214,35.666263]},"properties":{"name":"Comptoir Des Cotonniers","category":"shop:clothes"}},{"type":"Feature","geometry":{"type":"Point","coordinates":[139.714505,35.665819]},"properties":{"name":"青山 川上庵","category":"amenity:restaurant"}},{"type":"Feature","geometry":{"type":"Point","coordinates":[139.714305,35.66592]},"properties":{"name":"鶏味座","category":"amenity:restaurant"}},{"type":"Feature","geometry":{"type":"Point","coordinates":[139.714752,35.665888]},"properties":{"name":"Rougy","category":"shop:hairdresser"}},{"type":"Feature","geometry":{"type":"Point","coordinates":[139.713461,35.666575]},"properties":{"name":"Lithmatic","category":"shop:copyshop"}},{"type":"Feature","geometry":{"type":"Point","coordinates":[139.713958,35.665794]},"properties":{"name":"famille","category":"shop:hairdresser"}},{"type":"Feature","geometry":{"type":"Point","coordinates":[139.712626,35.665613]},"properties":{"name":"Paperdoll","category":"shop:hairdresser"}},{"type":"Feature","geometry":{"type":"Point","coordinates":[139.7125,35.665644]},"properties":{"name":"表参道ワイン食堂Den","category":"amenity:pub"}},{"type":"Feature","geometry":{"type":"Point","coordinates":[139.71256,35.665664]},"properties":{"name":"Suntory Molt Bar Den","category":"amenity:pub","level":"-1"}},{"type":"Feature","geometry":{"type":"Point","coordinates":[139.712547,35.665708]},"properties":{"name":"Minx","category":"shop:hairdresser"}},{"type":"Feature","geometry":{"type":"Point","coordinates":[139.712258,35.665632]},"properties":{"name":"Family Mart","category":"shop:supermarket"}},{"type":"Feature","geometry":{"type":"Point","coordinates":[139.7123,35.665603]},"properties":{"name":"Adriano Goldschmied","category":"shop:clothes"}},{"type":"Feature","geometry":{"type":"Point","coordinates":[139.713176,35.666215]},"properties":{"name":"Mint","category":"shop:hairdresser"}},{"type":"Feature","geometry":{"type":"Point","coordinates":[139.71442,35.664986]},"properties":{"name":"OASIS","category":"shop:hairdresser"}},{"type":"Feature","geometry":{"type":"Point","coordinates":[139.712685,35.665647]},"properties":{"name":"Premio Abiste","category":"shop:yes"}},{"type":"Feature","geometry":{"type":"Point","coordinates":[139.71289,35.665869]},"properties":{"name":"Felice Towako Cosme","category":"shop:chemist"}},{"type":"Feature","geometry":{"type":"Point","coordinates":[139.712946,35.665953]},"properties":{"name":"L'Occitane","category":"shop:cosmetics"}},{"type":"Feature","geometry":{"type":"Point","coordinates":[139.712885,35.666052]},"properties":{"name":"炭火焼肉トラジ","category":"amenity:restaurant"}},{"type":"Feature","geometry":{"type":"Point","coordinates":[139.716052,35.662791]},"properties":{"name":"Chez Figaro","category":"amenity:cafe"}},{"type":"Feature","geometry":{"type":"Point","coordinates":[139.711966,35.668149]},"properties":{"name":"Mr. Farmer","category":"amenity:restaurant"}},{"type":"Feature","geometry":{"type":"Point","coordinates":[139.712152,35.668332]},"properties":{"name":"Efes","category":"amenity:restaurant"}},{"type":"Feature","geometry":{"type":"Point","coordinates":[139.711929,35.668328]},"properties":{"name":"gokan","category":"shop:hairdresser"}},{"type":"Feature","geometry":{"type":"Point","coordinates":[139.711406,35.666849]},"properties":{"name":"La Fiorita","category":"amenity:restaurant"}},{"type":"Feature","geometry":{"type":"Point","coordinates":[139.711458,35.667554]},"properties":{"name":"Saladstop!","category":"amenity:cafe"}},{"type":"Feature","geometry":{"type":"Point","coordinates":[139.711851,35.668064]},"properties":{"name":"もくち","category":"amenity:restaurant"}},{"type":"Feature","geometry":{"type":"Point","coordinates":[139.711641,35.667043]},"properties":{"name":"Opportunity Hair","category":"shop:hairdresser"}},{"type":"Feature","geometry":{"type":"Point","coordinates":[139.71139,35.667058]},"properties":{"name":"そば処 仙波","category":"amenity:restaurant"}},{"type":"Feature","geometry":{"type":"Point","coordinates":[139.711302,35.667643]},"properties":{"name":"76 Cafe","category":"amenity:cafe"}},{"type":"Feature","geometry":{"type":"Point","coordinates":[139.711727,35.66355]},"properties":{"name":"Spiral Café","category":"amenity:cafe"}},{"type":"Feature","geometry":{"type":"Point","coordinates":[139.711423,35.663613]},"properties":{"name":"Smoke Cigar Shop","category":"shop:tobacco"}},{"type":"Feature","geometry":{"type":"Point","coordinates":[139.711273,35.663475]},"properties":{"name":"玉川屋","category":"amenity:restaurant"}},{"type":"Feature","geometry":{"type":"Point","coordinates":[139.71214,35.664125]},"properties":{"name":"Pier's Cafe","category":"amenity:cafe","level":"1"}},{"type":"Feature","geometry":{"type":"Point","coordinates":[139.711733,35.663807]},"properties":{"name":"Restaurant Bar Cay","category":"amenity:pub"}},{"type":"Feature","geometry":{"type":"Point","coordinates":[139.711472,35.663629]},"properties":{"name":"とりじ","category":"amenity:restaurant"}},{"type":"Feature","geometry":{"type":"Point","coordinates":[139.700988,35.661129]},"properties":{"name":"一蘭","category":"amenity:restaurant","level":"-1"}},{"type":"Feature","geometry":{"type":"Point","coordinates":[139.703924,35.663453]},"properties":{"name":"Streamer Coffee Company","category":"amenity:cafe"}},{"type":"Feature","geometry":{"type":"Point","coordinates":[139.708954,35.662739]},"properties":{"name":"ナマステインドアジアンダイニング","category":"amenity:restaurant","level":"-1"}},{"type":"Feature","geometry":{"type":"Point","coordinates":[139.702408,35.649018]},"properties":{"name":"Chez Lui","category":"amenity:cafe"}},{"type":"Feature","geometry":{"type":"Point","coordinates":[139.70155,35.648588]},"properties":{"name":"Chocolate café","category":"amenity:cafe"}},{"type":"Feature","geometry":{"type":"Point","coordinates":[139.705254,35.649671]},"properties":{"name":"Love and peace","category":"amenity:cafe"}},{"type":"Feature","geometry":{"type":"Point","coordinates":[139.701237,35.648755]},"properties":{"name":"Moccha coffee","category":"amenity:cafe"}},{"type":"Feature","geometry":{"type":"Point","coordinates":[139.707286,35.647585]},"properties":{"name":"Mother earth","category":"amenity:cafe"}},{"type":"Feature","geometry":{"type":"Point","coordinates":[139.7026,35.65025]},"properties":{"name":"アシエンダ デル シエロ","category":"amenity:restaurant","level":"8"}},{"type":"Feature","geometry":{"type":"Point","coordinates":[139.70401,35.648975]},"properties":{"name":"カフェクラッセ","category":"amenity:cafe"}},{"type":"Feature","geometry":{"type":"Point","coordinates":[139.70504,35.653542]},"properties":{"name":"俺流塩らーめん","category":"amenity:restaurant"}},{"type":"Feature","geometry":{"type":"Point","coordinates":[139.705185,35.653508]},"properties":{"name":"526","category":"amenity:restaurant"}},{"type":"Feature","geometry":{"type":"Point","coordinates":[139.701984,35.649]},"properties":{"name":"Chez Lui","category":"shop:bakery"}},{"type":"Feature","geometry":{"type":"Point","coordinates":[139.703159,35.648718]},"properties":{"name":"ウエルシア薬局","category":"shop:chemist","level":"0"}},{"type":"Feature","geometry":{"type":"Point","coordinates":[139.70316,35.648954]},"properties":{"name":"ピーコックストア","category":"shop:supermarket","level":"-1"}},{"type":"Feature","geometry":{"type":"Point","coordinates":[139.711227,35.667094]},"properties":{"name":"七代目寅","category":"amenity:restaurant"}},{"type":"Feature","geometry":{"type":"Point","coordinates":[139.713521,35.665888]},"properties":{"name":"Ism","category":"shop:hairdresser"}},{"type":"Feature","geometry":{"type":"Point","coordinates":[139.711082,35.666571]},"properties":{"name":"Of Cosmetics","category":"shop:cosmetics"}},{"type":"Feature","geometry":{"type":"Point","coordinates":[139.711879,35.668028]},"properties":{"name":"Un jour","category":"shop:hairdresser"}},{"type":"Feature","geometry":{"type":"Point","coordinates":[139.71097,35.667085]},"properties":{"name":"アフタヌーンティー・ラブアンドテーブル 表参道","category":"amenity:cafe"}},{"type":"Feature","geometry":{"type":"Point","coordinates":[139.710968,35.666399]},"properties":{"name":"セブン-イレブン","category":"shop:convenience"}},{"type":"Feature","geometry":{"type":"Point","coordinates":[139.71101,35.666905]},"properties":{"name":"Barbacoa Grill","category":"amenity:restaurant"}},{"type":"Feature","geometry":{"type":"Point","coordinates":[139.714122,35.666558]},"properties":{"name":"DIFFERENCE","category":"shop:clothes"}},{"type":"Feature","geometry":{"type":"Point","coordinates":[139.712173,35.66836]},"properties":{"name":"Brilliant","category":"shop:hairdresser"}},{"type":"Feature","geometry":{"type":"Point","coordinates":[139.711146,35.667272]},"properties":{"name":"ギャラリー川野","category":"shop:clothes"}},{"type":"Feature","geometry":{"type":"Point","coordinates":[139.711019,35.666484]},"properties":{"name":"Edit. For Lulu","category":"shop:clothes"}},{"type":"Feature","geometry":{"type":"Point","coordinates":[139.711284,35.667168]},"properties":{"name":"nest Robe","category":"amenity:restaurant"}},{"type":"Feature","geometry":{"type":"Point","coordinates":[139.713704,35.666092]},"properties":{"name":"H.R.Higgins","category":"shop:tea"}},{"type":"Feature","geometry":{"type":"Point","coordinates":[139.711225,35.667343]},"properties":{"name":"ammicco","category":"shop:beauty"}},{"type":"Feature","geometry":{"type":"Point","coordinates":[139.71084,35.666718]},"properties":{"name":"patina","category":"shop:beauty"}},{"type":"Feature","geometry":{"type":"Point","coordinates":[139.702972,35.650669]},"properties":{"name":"Y.S. Park","category":"shop:hairdresser"}},{"type":"Feature","geometry":{"type":"Point","coordinates":[139.698428,35.66041]},"properties":{"name":"すずめのおやど","category":"amenity:pub"}},{"type":"Feature","geometry":{"type":"Point","coordinates":[139.697519,35.659189]},"properties":{"name":"天狗","category":"amenity:pub"}},{"type":"Feature","geometry":{"type":"Point","coordinates":[139.702752,35.659357]},"properties":{"name":"天狗","category":"amenity:pub"}},{"type":"Feature","geometry":{"type":"Point","coordinates":[139.696731,35.658395]},"properties":{"name":"リンガーハット","category":"amenity:restaurant"}},{"type":"Feature","geometry":{"type":"Point","coordinates":[139.712133,35.663789]},"properties":{"name":"麦工房","category":"shop:bakery"}},{"type":"Feature","geometry":{"type":"Point","coordinates":[139.713094,35.66379]},"properties":{"name":"やんも","category":"amenity:restaurant"}},{"type":"Feature","geometry":{"type":"Point","coordinates":[139.713416,35.663593]},"properties":{"name":"Mikako Nakamura","category":"shop:clothes"}},{"type":"Feature","geometry":{"type":"Point","coordinates":[139.714296,35.66457]},"properties":{"name":"mod's hair","category":"shop:hairdresser"}},{"type":"Feature","geometry":{"type":"Point","coordinates":[139.712137,35.663835]},"properties":{"name":"きどぐち","category":"amenity:restaurant"}},{"type":"Feature","geometry":{"type":"Point","coordinates":[139.713096,35.663739]},"properties":{"name":"alain mikli","category":"shop:optician"}},{"type":"Feature","geometry":{"type":"Point","coordinates":[139.712763,35.663451]},"properties":{"name":"Pure Café","category":"amenity:cafe"}},{"type":"Feature","geometry":{"type":"Point","coordinates":[139.713229,35.6639]},"properties":{"name":"Stair","category":"amenity:restaurant"}},{"type":"Feature","geometry":{"type":"Point","coordinates":[139.71323,35.663713]},"properties":{"name":"gallé","category":"shop:jewelry"}},{"type":"Feature","geometry":{"type":"Point","coordinates":[139.713291,35.663507]},"properties":{"name":"Cafe Icho","category":"amenity:cafe"}},{"type":"Feature","geometry":{"type":"Point","coordinates":[139.712702,35.663392]},"properties":{"name":"Aveda","category":"shop:beauty"}},{"type":"Feature","geometry":{"type":"Point","coordinates":[139.713178,35.663862]},"properties":{"name":"Dress Camp","category":"shop:clothes"}},{"type":"Feature","geometry":{"type":"Point","coordinates":[139.713319,35.663455]},"properties":{"name":"Hair Salon Mani","category":"shop:hairdresser"}},{"type":"Feature","geometry":{"type":"Point","coordinates":[139.709702,35.666956]},"properties":{"name":"静香庵","category":"amenity:restaurant"}},{"type":"Feature","geometry":{"type":"Point","coordinates":[139.709998,35.666675]},"properties":{"name":"MUSE de Deuxième Classe","category":"shop:clothes"}},{"type":"Feature","geometry":{"type":"Point","coordinates":[139.684095,35.658185]},"properties":{"name":"マスール","category":"shop:hairdresser"}},{"type":"Feature","geometry":{"type":"Point","coordinates":[139.684401,35.658004]},"properties":{"name":"IL BIGNE","category":"shop:bakery"}},{"type":"Feature","geometry":{"type":"Point","coordinates":[139.685837,35.65745]},"properties":{"name":"青木理容室","category":"shop:hairdresser"}},{"type":"Feature","geometry":{"type":"Point","coordinates":[139.688181,35.667376]},"properties":{"name":"肉のハナマサ","category":"shop:supermarket"}},{"type":"Feature","geometry":{"type":"Point","coordinates":[139.688554,35.657432]},"properties":{"name":"ファミリーショップ もりおかや","category":"shop:supermarket"}},{"type":"Feature","geometry":{"type":"Point","coordinates":[139.691633,35.658245]},"properties":{"name":"saika","category":"shop:hairdresser"}},{"type":"Feature","geometry":{"type":"Point","coordinates":[139.693616,35.658942]},"properties":{"name":"ShuShu","category":"shop:clothes"}},{"type":"Feature","geometry":{"type":"Point","coordinates":[139.693741,35.658984]},"properties":{"name":"LE BOUCHON OGASAWARA","category":"amenity:restaurant"}},{"type":"Feature","geometry":{"type":"Point","coordinates":[139.694376,35.659117]},"properties":{"name":"TOMBOY","category":"amenity:restaurant"}},{"type":"Feature","geometry":{"type":"Point","coordinates":[139.694995,35.658904]},"properties":{"name":"あじくら","category":"amenity:restaurant"}},{"type":"Feature","geometry":{"type":"Point","coordinates":[139.695129,35.658771]},"properties":{"name":"naught","category":"shop:hairdresser"}},{"type":"Feature","geometry":{"type":"Point","coordinates":[139.695811,35.658873]},"properties":{"name":"友喜","category":"amenity:restaurant"}},{"type":"Feature","geometry":{"type":"Point","coordinates":[139.696259,35.659054]},"properties":{"name":"日本酒バル","category":"amenity:bar"}},{"type":"Feature","geometry":{"type":"Point","coordinates":[139.696265,35.659045]},"properties":{"name":"FRIEND ","category":"amenity:cafe"}},{"type":"Feature","geometry":{"type":"Point","coordinates":[139.696585,35.658953]},"properties":{"name":"ムルギー","category":"amenity:restaurant"}},{"type":"Feature","geometry":{"type":"Point","coordinates":[139.696749,35.658946]},"properties":{"name":"ガブリチキン","category":"amenity:restaurant"}},{"type":"Feature","geometry":{"type":"Point","coordinates":[139.697233,35.658868]},"properties":{"name":"Todos","category":"amenity:restaurant"}},{"type":"Feature","geometry":{"type":"Point","coordinates":[139.709046,35.667271]},"properties":{"name":"はせがわ酒店","category":"shop:alcohol"}},{"type":"Feature","geometry":{"type":"Point","coordinates":[139.709762,35.647866]},"properties":{"name":"博多満月","category":"amenity:restaurant"}},{"type":"Feature","geometry":{"type":"Point","coordinates":[139.699078,35.658484]},"properties":{"name":"umegaoka sushi no midori sohonten shibuya","category":"amenity:restaurant","level":"3"}},{"type":"Feature","geometry":{"type":"Point","coordinates":[139.706394,35.668695]},"properties":{"name":"RESCUE SQUAD","category":"shop:clothes"}},{"type":"Feature","geometry":{"type":"Point","coordinates":[139.713302,35.666405]},"properties":{"name":"上島珈琲店","category":"amenity:cafe"}},{"type":"Feature","geometry":{"type":"Point","coordinates":[139.711971,35.668364]},"properties":{"name":"Bon Marche","category":"shop:florist"}},{"type":"Feature","geometry":{"type":"Point","coordinates":[139.712007,35.668417]},"properties":{"name":"Hm*glamour","category":"shop:hairdresser"}},{"type":"Feature","geometry":{"type":"Point","coordinates":[139.699125,35.658535]},"properties":{"name":"Curry Shop C & C","category":"amenity:fast_food","level":"0"}},{"type":"Feature","geometry":{"type":"Point","coordinates":[139.710615,35.648401]},"properties":{"name":"TADAMI陶器","category":"shop:hardware"}},{"type":"Feature","geometry":{"type":"Point","coordinates":[139.71056,35.648332]},"properties":{"name":"村さ来","category":"amenity:pub"}},{"type":"Feature","geometry":{"type":"Point","coordinates":[139.710059,35.648049]},"properties":{"name":"せいれん舎","category":"shop:dry_cleaning"}},{"type":"Feature","geometry":{"type":"Point","coordinates":[139.699887,35.663478]},"properties":{"name":"URBAN RESEARCH","category":"shop:clothes"}},{"type":"Feature","geometry":{"type":"Point","coordinates":[139.699325,35.663597]},"properties":{"name":"すき家","category":"amenity:fast_food"}},{"type":"Feature","geometry":{"type":"Point","coordinates":[139.699879,35.663353]},"properties":{"name":"CLISP","category":"shop:clothes"}},{"type":"Feature","geometry":{"type":"Point","coordinates":[139.699872,35.663163]},"properties":{"name":"RAGTAG","category":"shop:clothes"}},{"type":"Feature","geometry":{"type":"Point","coordinates":[139.700429,35.662564]},"properties":{"name":"RINKAN","category":"shop:clothes"}},{"type":"Feature","geometry":{"type":"Point","coordinates":[139.699877,35.663327]},"properties":{"name":"アナログ渋谷","category":"amenity:cafe","level":"1"}},{"type":"Feature","geometry":{"type":"Point","coordinates":[139.701062,35.661344]},"properties":{"name":"JIMBLE STORE","category":"shop:clothes"}},{"type":"Feature","geometry":{"type":"Point","coordinates":[139.70098,35.661311]},"properties":{"name":"LOSCABOS","category":"amenity:bar","level":"1"}},{"type":"Feature","geometry":{"type":"Point","coordinates":[139.700978,35.6615]},"properties":{"name":"Perfect Suit FActory","category":"shop:clothes"}},{"type":"Feature","geometry":{"type":"Point","coordinates":[139.701032,35.66129]},"properties":{"name":"WHO'S FOOD'S","category":"amenity:restaurant","level":"-1"}},{"type":"Feature","geometry":{"type":"Point","coordinates":[139.700979,35.661477]},"properties":{"name":"かまどか","category":"amenity:pub","level":"1"}},{"type":"Feature","geometry":{"type":"Point","coordinates":[139.701087,35.661468]},"properties":{"name":"光","category":"amenity:pub","level":"2"}},{"type":"Feature","geometry":{"type":"Point","coordinates":[139.700979,35.661449]},"properties":{"name":"土間土間","category":"amenity:pub","level":"-1"}},{"type":"Feature","geometry":{"type":"Point","coordinates":[139.701089,35.661439]},"properties":{"name":"暖家","category":"amenity:restaurant","level":"6"}},{"type":"Feature","geometry":{"type":"Point","coordinates":[139.700979,35.66143]},"properties":{"name":"海峡","category":"amenity:pub","level":"3"}},{"type":"Feature","geometry":{"type":"Point","coordinates":[139.700985,35.661353]},"properties":{"name":"温野菜","category":"amenity:restaurant","level":"-2"}},{"type":"Feature","geometry":{"type":"Point","coordinates":[139.700987,35.661373]},"properties":{"name":"牛角","category":"amenity:restaurant","level":"-1"}},{"type":"Feature","geometry":{"type":"Point","coordinates":[139.701116,35.661137]},"properties":{"name":"ANKH CROSS","category":"shop:beauty","level":"4"}},{"type":"Feature","geometry":{"type":"Point","coordinates":[139.701014,35.660838]},"properties":{"name":"Serina","category":"shop:vacant","level":"6"}},{"type":"Feature","geometry":{"type":"Point","coordinates":[139.700886,35.659672]},"properties":{"name":"五右衛門","category":"amenity:restaurant","level":"-2"}},{"type":"Feature","geometry":{"type":"Point","coordinates":[139.700803,35.659693]},"properties":{"name":"天津甘栗","category":"shop:confectionery"}},{"type":"Feature","geometry":{"type":"Point","coordinates":[139.70251,35.662126]},"properties":{"name":"KAPELMUUR","category":"shop:bicycle","level":"1"}},{"type":"Feature","geometry":{"type":"Point","coordinates":[139.7116,35.663058]},"properties":{"name":"家具蔵","category":"shop:furniture"}},{"type":"Feature","geometry":{"type":"Point","coordinates":[139.711496,35.663249]},"properties":{"name":"権兵エ","category":"amenity:restaurant"}},{"type":"Feature","geometry":{"type":"Point","coordinates":[139.711355,35.663395]},"properties":{"name":"珈琲舎 表参道","category":"amenity:cafe"}},{"type":"Feature","geometry":{"type":"Point","coordinates":[139.711612,35.663106]},"properties":{"name":"Hair Taya","category":"shop:hairdresser"}},{"type":"Feature","geometry":{"type":"Point","coordinates":[139.711392,35.663372]},"properties":{"name":"ローソン","category":"shop:convenience"}},{"type":"Feature","geometry":{"type":"Point","coordinates":[139.71186,35.663002]},"properties":{"name":"Ghungroo","category":"amenity:restaurant"}},{"type":"Feature","geometry":{"type":"Point","coordinates":[139.711389,35.663234]},"properties":{"name":"Hayato","category":"shop:hairdresser"}},{"type":"Feature","geometry":{"type":"Point","coordinates":[139.711423,35.663318]},"properties":{"name":"煙石","category":"amenity:restaurant"}},{"type":"Feature","geometry":{"type":"Point","coordinates":[139.71052,35.663401]},"properties":{"name":"PRONTO","category":"amenity:cafe"}},{"type":"Feature","geometry":{"type":"Point","coordinates":[139.709856,35.665216]},"properties":{"name":"クレヨンハウス","category":"shop:books","level":"-1;0;1;2"}},{"type":"Feature","geometry":{"type":"Point","coordinates":[139.710362,35.664917]},"properties":{"name":"セブン-イレブン","category":"shop:convenience","level":"0"}},{"type":"Feature","geometry":{"type":"Point","coordinates":[139.71011,35.665095]},"properties":{"name":"Bacchus","category":"amenity:cafe","level":"0"}},{"type":"Feature","geometry":{"type":"Point","coordinates":[139.709872,35.665318]},"properties":{"name":"オーガニックレストラン「広場」","category":"amenity:restaurant"}},{"type":"Feature","geometry":{"type":"Point","coordinates":[139.695509,35.65722]},"properties":{"name":"alcatraz-er","category":"amenity:restaurant"}},{"type":"Feature","geometry":{"type":"Point","coordinates":[139.713923,35.66631]},"properties":{"name":"ポルシェセンター青山","category":"shop:car"}},{"type":"Feature","geometry":{"type":"Point","coordinates":[139.708889,35.65422]},"properties":{"name":"Inspiration Cult","category":"amenity:bar"}},{"type":"Feature","geometry":{"type":"Point","coordinates":[139.701002,35.662572]},"properties":{"name":"ABCマート","category":"shop:shoes"}},{"type":"Feature","geometry":{"type":"Point","coordinates":[139.701192,35.66309]},"properties":{"name":"Stormy","category":"shop:sports"}},{"type":"Feature","geometry":{"type":"Point","coordinates":[139.701248,35.663145]},"properties":{"name":"Stormy","category":"shop:clothes"}},{"type":"Feature","geometry":{"type":"Point","coordinates":[139.701028,35.662269]},"properties":{"name":"rosebullet","category":"shop:clothes"}},{"type":"Feature","geometry":{"type":"Point","coordinates":[139.701104,35.663609]},"properties":{"name":"スターバックス","category":"amenity:cafe"}},{"type":"Feature","geometry":{"type":"Point","coordinates":[139.700997,35.662647]},"properties":{"name":"セブン-イレブン","category":"shop:convenience"}},{"type":"Feature","geometry":{"type":"Point","coordinates":[139.701042,35.662841]},"properties":{"name":"ドトールコーヒーショップ","category":"amenity:cafe"}},{"type":"Feature","geometry":{"type":"Point","coordinates":[139.701114,35.663698]},"properties":{"name":"ファミリーマート","category":"shop:convenience"}},{"type":"Feature","geometry":{"type":"Point","coordinates":[139.701111,35.663017]},"properties":{"name":"南国亭","category":"amenity:restaurant"}},{"type":"Feature","geometry":{"type":"Point","coordinates":[139.701019,35.662674]},"properties":{"name":"地鶏坊主","category":"amenity:restaurant","level":"-1"}},{"type":"Feature","geometry":{"type":"Point","coordinates":[139.701108,35.662957]},"properties":{"name":"華園","category":"amenity:restaurant"}},{"type":"Feature","geometry":{"type":"Point","coordinates":[139.701371,35.663545]},"properties":{"name":"Clarks","category":"shop:shoes"}},{"type":"Feature","geometry":{"type":"Point","coordinates":[139.701557,35.66494]},"properties":{"name":"FLAME bike","category":"shop:bicycle"}},{"type":"Feature","geometry":{"type":"Point","coordinates":[139.701442,35.664145]},"properties":{"name":"Orobianco","category":"amenity:cafe","level":"1"}},{"type":"Feature","geometry":{"type":"Point","coordinates":[139.701447,35.66417]},"properties":{"name":"Orobianco","category":"shop:clothes"}},{"type":"Feature","geometry":{"type":"Point","coordinates":[139.701423,35.663964]},"properties":{"name":"Shoe&Co.","category":"shop:shoes"}},{"type":"Feature","geometry":{"type":"Point","coordinates":[139.70152,35.664648]},"properties":{"name":"TROVE","category":"shop:clothes"}},{"type":"Feature","geometry":{"type":"Point","coordinates":[139.701425,35.664004]},"properties":{"name":"WONDERBOWL","category":"amenity:cafe"}},{"type":"Feature","geometry":{"type":"Point","coordinates":[139.701497,35.664535]},"properties":{"name":"YourStyle","category":"shop:tailor"}},{"type":"Feature","geometry":{"type":"Point","coordinates":[139.701379,35.663642]},"properties":{"name":"大畠ビル","category":"shop:clothes"}},{"type":"Feature","geometry":{"type":"Point","coordinates":[139.701498,35.664574]},"properties":{"name":"酒田商事","category":"shop:estate_agent"}},{"type":"Feature","geometry":{"type":"Point","coordinates":[139.702888,35.669321]},"properties":{"name":"南国酒家 迎賓館","category":"amenity:restaurant"}},{"type":"Feature","geometry":{"type":"Point","coordinates":[139.713795,35.666243]},"properties":{"name":"みよた","category":"amenity:fast_food"}},{"type":"Feature","geometry":{"type":"Point","coordinates":[139.693815,35.665681]},"properties":{"name":"寅や","category":"amenity:restaurant"}},{"type":"Feature","geometry":{"type":"Point","coordinates":[139.709905,35.666806]},"properties":{"name":"食楽園","category":"amenity:restaurant"}},{"type":"Feature","geometry":{"type":"Point","coordinates":[139.696719,35.647244]},"properties":{"name":"SEO","category":"amenity:restaurant"}},{"type":"Feature","geometry":{"type":"Point","coordinates":[139.694968,35.647822]},"properties":{"name":"福砂屋","category":"shop:bakery"}},{"type":"Feature","geometry":{"type":"Point","coordinates":[139.696511,35.657271]},"properties":{"name":"中国茶専門店 華泰茶荘","category":"shop:tea"}},{"type":"Feature","geometry":{"type":"Point","coordinates":[139.702009,35.654089]},"properties":{"name":"キッチンロメル","category":"amenity:restaurant"}},{"type":"Feature","geometry":{"type":"Point","coordinates":[139.701364,35.65413]},"properties":{"name":"ハクヨークリーナース","category":"shop:dry_cleaning"}},{"type":"Feature","geometry":{"type":"Point","coordinates":[139.701448,35.654069]},"properties":{"name":"マルエツプチ","category":"shop:supermarket"}},{"type":"Feature","geometry":{"type":"Point","coordinates":[139.701103,35.654164]},"properties":{"name":"京香","category":"shop:deli"}},{"type":"Feature","geometry":{"type":"Point","coordinates":[139.708886,35.649641]},"properties":{"name":"MESSAGE","category":"shop:beauty","level":"1"}},{"type":"Feature","geometry":{"type":"Point","coordinates":[139.708891,35.649615]},"properties":{"name":"車","category":"amenity:pub"}},{"type":"Feature","geometry":{"type":"Point","coordinates":[139.697748,35.657252]},"properties":{"name":"nossa","category":"amenity:restaurant"}},{"type":"Feature","geometry":{"type":"Point","coordinates":[139.715312,35.664775]},"properties":{"name":"Cafe Kitsune","category":"amenity:cafe"}},{"type":"Feature","geometry":{"type":"Point","coordinates":[139.71321,35.665574]},"properties":{"name":"金子眼鏡店","category":"shop:optician"}},{"type":"Feature","geometry":{"type":"Point","coordinates":[139.714959,35.664702]},"properties":{"name":"Maison Kitsune","category":"shop:clothes"}},{"type":"Feature","geometry":{"type":"Point","coordinates":[139.699143,35.657911]},"properties":{"name":"ラニカイ","category":"amenity:bar"}},{"type":"Feature","geometry":{"type":"Point","coordinates":[139.717093,35.659002]},"properties":{"name":"Toramangen","category":"amenity:restaurant"}},{"type":"Feature","geometry":{"type":"Point","coordinates":[139.716192,35.661218]},"properties":{"name":"Blue Note Tokyo","category":"amenity:bar"}},{"type":"Feature","geometry":{"type":"Point","coordinates":[139.716527,35.660648]},"properties":{"name":"ことりカフェ","category":"amenity:cafe"}},{"type":"Feature","geometry":{"type":"Point","coordinates":[139.704391,35.659726]},"properties":{"name":"ドコモショップ","category":"shop:mobile_phone","level":"1"}},{"type":"Feature","geometry":{"type":"Point","coordinates":[139.697949,35.658909]},"properties":{"name":"じゃんぱら","category":"shop:computer","level":"0"}},{"type":"Feature","geometry":{"type":"Point","coordinates":[139.703528,35.659587]},"properties":{"name":"auショップ","category":"shop:mobile_phone","level":"0"}},{"type":"Feature","geometry":{"type":"Point","coordinates":[139.703468,35.666264]},"properties":{"name":"auショップ","category":"shop:mobile_phone","level":"0"}},{"type":"Feature","geometry":{"type":"Point","coordinates":[139.699531,35.664753]},"properties":{"name":"LADMUSICIAN","category":"shop:clothes"}},{"type":"Feature","geometry":{"type":"Point","coordinates":[139.69969,35.664762]},"properties":{"name":"FROM BONUM","category":"shop:clothes"}},{"type":"Feature","geometry":{"type":"Point","coordinates":[139.699819,35.664777]},"properties":{"name":"JOURNAL STANDARD","category":"shop:clothes"}},{"type":"Feature","geometry":{"type":"Point","coordinates":[139.699824,35.664522]},"properties":{"name":"MIDWEST MEN","category":"shop:clothes"}},{"type":"Feature","geometry":{"type":"Point","coordinates":[139.699803,35.664322]},"properties":{"name":"FILBERT STEPS","category":"amenity:cafe"}},{"type":"Feature","geometry":{"type":"Point","coordinates":[139.699531,35.664799]},"properties":{"name":"HAIR Shampoo","category":"shop:hairdresser"}},{"type":"Feature","geometry":{"type":"Point","coordinates":[139.699662,35.664803]},"properties":{"name":"journal standard luxe","category":"shop:clothes"}},{"type":"Feature","geometry":{"type":"Point","coordinates":[139.699625,35.664762]},"properties":{"name":"神南カリー","category":"shop:deli"}},{"type":"Feature","geometry":{"type":"Point","coordinates":[139.699772,35.664594]},"properties":{"name":"atelier Head Porter","category":"shop:clothes"}},{"type":"Feature","geometry":{"type":"Point","coordinates":[139.700021,35.664769]},"properties":{"name":"STUDIOUS","category":"shop:clothes"}},{"type":"Feature","geometry":{"type":"Point","coordinates":[139.699818,35.66444]},"properties":{"name":"MIDWEST WEMEN","category":"shop:clothes"}},{"type":"Feature","geometry":{"type":"Point","coordinates":[139.699967,35.664293]},"properties":{"name":"NEIGHBORHOOD","category":"shop:clothes"}},{"type":"Feature","geometry":{"type":"Point","coordinates":[139.699919,35.663807]},"properties":{"name":"Kenyan 紅茶の店","category":"amenity:cafe"}},{"type":"Feature","geometry":{"type":"Point","coordinates":[139.699923,35.663858]},"properties":{"name":"MODESCAPE","category":"shop:variety_store"}},{"type":"Feature","geometry":{"type":"Point","coordinates":[139.699743,35.663802]},"properties":{"name":"ビームス","category":"shop:clothes"}},{"type":"Feature","geometry":{"type":"Point","coordinates":[139.699933,35.663654]},"properties":{"name":"ビームス","category":"shop:clothes"}},{"type":"Feature","geometry":{"type":"Point","coordinates":[139.705486,35.66816]},"properties":{"name":"ジョナサン","category":"amenity:restaurant"}},{"type":"Feature","geometry":{"type":"Point","coordinates":[139.705435,35.668146]},"properties":{"name":"ロッテリア","category":"amenity:fast_food"}},{"type":"Feature","geometry":{"type":"Point","coordinates":[139.705214,35.668796]},"properties":{"name":"八千代銀行","category":"amenity:bank"}},{"type":"Feature","geometry":{"type":"Point","coordinates":[139.70348,35.665521]},"properties":{"name":"スターバックス","category":"amenity:cafe"}},{"type":"Feature","geometry":{"type":"Point","coordinates":[139.705871,35.668768]},"properties":{"name":"スターバックス","category":"amenity:cafe"}},{"type":"Feature","geometry":{"type":"Point","coordinates":[139.707032,35.660553]},"properties":{"name":"スターバックス","category":"amenity:cafe"}},{"type":"Feature","geometry":{"type":"Point","coordinates":[139.700655,35.662845]},"properties":{"name":"タリーズコーヒー 渋谷ファイヤー通り店","category":"amenity:cafe"}},{"type":"Feature","geometry":{"type":"Point","coordinates":[139.708644,35.667289]},"properties":{"name":"タリーズコーヒー","category":"amenity:cafe","level":"-1"}},{"type":"Feature","geometry":{"type":"Point","coordinates":[139.710249,35.648612]},"properties":{"name":"ドトールコーヒーショップ","category":"amenity:cafe"}},{"type":"Feature","geometry":{"type":"Point","coordinates":[139.703382,35.67158]},"properties":{"name":"ドトールコーヒーショップ","category":"amenity:cafe","level":"2"}},{"type":"Feature","geometry":{"type":"Point","coordinates":[139.697418,35.661977]},"properties":{"name":"ドトールコーヒーショップ","category":"amenity:cafe"}},{"type":"Feature","geometry":{"type":"Point","coordinates":[139.704189,35.669303]},"properties":{"name":"Lush","category":"shop:cosmetics"}},{"type":"Feature","geometry":{"type":"Point","coordinates":[139.708812,35.662732]},"properties":{"name":"サンマルクカフェ","category":"amenity:cafe","level":"-1"}},{"type":"Feature","geometry":{"type":"Point","coordinates":[139.708625,35.647239]},"properties":{"name":"サンマルクカフェ","category":"amenity:cafe"}},{"type":"Feature","geometry":{"type":"Point","coordinates":[139.697903,35.656041]},"properties":{"name":"カフェ・ベローチェ","category":"amenity:cafe","level":"0"}},{"type":"Feature","geometry":{"type":"Point","coordinates":[139.695538,35.661877]},"properties":{"name":"カフェ・ベローチェ","category":"amenity:cafe","level":"0"}},{"type":"Feature","geometry":{"type":"Point","coordinates":[139.705372,35.660243]},"properties":{"name":"glitter","category":"shop:shoes","level":"0"}},{"type":"Feature","geometry":{"type":"Point","coordinates":[139.705507,35.660265]},"properties":{"name":"澤乃井","category":"amenity:restaurant","level":"0"}},{"type":"Feature","geometry":{"type":"Point","coordinates":[139.709884,35.647944]},"properties":{"name":"モスバーガー","category":"amenity:fast_food"}},{"type":"Feature","geometry":{"type":"Point","coordinates":[139.709019,35.653352]},"properties":{"name":"KITSUNE","category":"amenity:restaurant"}},{"type":"Feature","geometry":{"type":"Point","coordinates":[139.696971,35.659167]},"properties":{"name":"ローソン","category":"shop:convenience"}},{"type":"Feature","geometry":{"type":"Point","coordinates":[139.695532,35.662222]},"properties":{"name":"セブン-イレブン","category":"shop:convenience","level":"0"}},{"type":"Feature","geometry":{"type":"Point","coordinates":[139.697658,35.65979]},"properties":{"name":"セブン-イレブン","category":"shop:convenience","level":"0"}},{"type":"Feature","geometry":{"type":"Point","coordinates":[139.696952,35.658685]},"properties":{"name":"セブン-イレブン","category":"shop:convenience","level":"0"}},{"type":"Feature","geometry":{"type":"Point","coordinates":[139.699805,35.658317]},"properties":{"name":"セブン-イレブン","category":"shop:convenience","level":"0"}},{"type":"Feature","geometry":{"type":"Point","coordinates":[139.699092,35.656396]},"properties":{"name":"セブン-イレブン","category":"shop:convenience","level":"1"}},{"type":"Feature","geometry":{"type":"Point","coordinates":[139.694744,35.654991]},"properties":{"name":"セブン-イレブン","category":"shop:convenience","level":"0"}},{"type":"Feature","geometry":{"type":"Point","coordinates":[139.700767,35.655887]},"properties":{"name":"セブン-イレブン","category":"shop:convenience","level":"0"}},{"type":"Feature","geometry":{"type":"Point","coordinates":[139.708462,35.654635]},"properties":{"name":"セブン-イレブン","category":"shop:convenience","level":"0"}},{"type":"Feature","geometry":{"type":"Point","coordinates":[139.706366,35.655759]},"properties":{"name":"セブン-イレブン","category":"shop:convenience","level":"0"}},{"type":"Feature","geometry":{"type":"Point","coordinates":[139.706492,35.660188]},"properties":{"name":"セブン-イレブン","category":"shop:convenience","level":"0"}},{"type":"Feature","geometry":{"type":"Point","coordinates":[139.692643,35.655831]},"properties":{"name":"三百屋","category":"amenity:restaurant"}},{"type":"Feature","geometry":{"type":"Point","coordinates":[139.692566,35.65532]},"properties":{"name":"たもいやんせ","category":"amenity:restaurant"}},{"type":"Feature","geometry":{"type":"Point","coordinates":[139.692105,35.655767]},"properties":{"name":"喜道庵","category":"amenity:restaurant"}},{"type":"Feature","geometry":{"type":"Point","coordinates":[139.692074,35.656161]},"properties":{"name":"ミネバル","category":"amenity:restaurant"}},{"type":"Feature","geometry":{"type":"Point","coordinates":[139.691562,35.656861]},"properties":{"name":"pioppino","category":"amenity:restaurant"}},{"type":"Feature","geometry":{"type":"Point","coordinates":[139.691398,35.657161]},"properties":{"name":"麺の坊 砦","category":"amenity:restaurant"}},{"type":"Feature","geometry":{"type":"Point","coordinates":[139.691457,35.657069]},"properties":{"name":"いちのや","category":"amenity:restaurant"}},{"type":"Feature","geometry":{"type":"Point","coordinates":[139.691335,35.657329]},"properties":{"name":"永秀","category":"amenity:restaurant"}},{"type":"Feature","geometry":{"type":"Point","coordinates":[139.692711,35.655787]},"properties":{"name":"酒とさか菜","category":"amenity:restaurant"}},{"type":"Feature","geometry":{"type":"Point","coordinates":[139.692263,35.655833]},"properties":{"name":"遠藤利三郎商店","category":"amenity:restaurant"}},{"type":"Feature","geometry":{"type":"Point","coordinates":[139.692985,35.655553]},"properties":{"name":"うせがたん","category":"amenity:restaurant"}},{"type":"Feature","geometry":{"type":"Point","coordinates":[139.693001,35.655609]},"properties":{"name":"大村庵","category":"amenity:restaurant"}},{"type":"Feature","geometry":{"type":"Point","coordinates":[139.693478,35.655841]},"properties":{"name":"いまここ","category":"amenity:restaurant"}},{"type":"Feature","geometry":{"type":"Point","coordinates":[139.694203,35.656711]},"properties":{"name":"開花屋","category":"amenity:restaurant"}},{"type":"Feature","geometry":{"type":"Point","coordinates":[139.6935,35.655712]},"properties":{"name":"うさぎ","category":"amenity:restaurant"}},{"type":"Feature","geometry":{"type":"Point","coordinates":[139.693974,35.656094]},"properties":{"name":"メリ プリンチペッサ","category":"amenity:restaurant"}},{"type":"Feature","geometry":{"type":"Point","coordinates":[139.693611,35.655794]},"properties":{"name":"アリーナ ヴィーノ トラットリア","category":"amenity:restaurant"}},{"type":"Feature","geometry":{"type":"Point","coordinates":[139.694167,35.656559]},"properties":{"name":"魚魚権","category":"amenity:restaurant"}},{"type":"Feature","geometry":{"type":"Point","coordinates":[139.694362,35.65682]},"properties":{"name":"kitchen hasegawa","category":"amenity:restaurant"}},{"type":"Feature","geometry":{"type":"Point","coordinates":[139.695738,35.657121]},"properties":{"name":"せんきち","category":"amenity:restaurant"}},{"type":"Feature","geometry":{"type":"Point","coordinates":[139.6944,35.658204]},"properties":{"name":"あじくら","category":"amenity:restaurant"}},{"type":"Feature","geometry":{"type":"Point","coordinates":[139.69376,35.657561]},"properties":{"name":"かしわビストロバンバン","category":"amenity:restaurant"}},{"type":"Feature","geometry":{"type":"Point","coordinates":[139.697944,35.659319]},"properties":{"name":"サンマルクカフェ","category":"amenity:cafe"}},{"type":"Feature","geometry":{"type":"Point","coordinates":[139.708153,35.670572]},"properties":{"name":"デザインフェスタギャラリーWEST","category":"shop:art"}},{"type":"Feature","geometry":{"type":"Point","coordinates":[139.708454,35.670499]},"properties":{"name":"デザインフェスタギャラリーEAST","category":"shop:art"}},{"type":"Feature","geometry":{"type":"Point","coordinates":[139.702105,35.647403]},"properties":{"name":"HENRY'S BURGER","category":"amenity:restaurant"}},{"type":"Feature","geometry":{"type":"Point","coordinates":[139.702965,35.660514]},"properties":{"name":"Bar Moon Walk","category":"amenity:bar"}},{"type":"Feature","geometry":{"type":"Point","coordinates":[139.697379,35.661047]},"properties":{"name":"6年4組","category":"amenity:pub","level":"3"}},{"type":"Feature","geometry":{"type":"Point","coordinates":[139.697378,35.661122]},"properties":{"name":"ローソン","category":"shop:convenience"}},{"type":"Feature","geometry":{"type":"Point","coordinates":[139.703156,35.647693]},"properties":{"name":"楚々","category":"amenity:restaurant"}},{"type":"Feature","geometry":{"type":"Point","coordinates":[139.703177,35.647869]},"properties":{"name":"Haco Cafe","category":"amenity:cafe","level":"1"}},{"type":"Feature","geometry":{"type":"Point","coordinates":[139.702969,35.647721]},"properties":{"name":"大阪王将","category":"amenity:restaurant"}},{"type":"Feature","geometry":{"type":"Point","coordinates":[139.705589,35.666265]},"properties":{"name":"KEEN Garage","category":"shop:shoes"}},{"type":"Feature","geometry":{"type":"Point","coordinates":[139.690209,35.66842]},"properties":{"name":"格之進RC","category":"amenity:restaurant"}},{"type":"Feature","geometry":{"type":"Point","coordinates":[139.693984,35.65639]},"properties":{"name":"楽椿","category":"amenity:pub"}},{"type":"Feature","geometry":{"type":"Point","coordinates":[139.695258,35.647164]},"properties":{"name":"Pizzeria e Trattoria da ISA","category":"amenity:restaurant"}},{"type":"Feature","geometry":{"type":"Point","coordinates":[139.701813,35.659584]},"properties":{"name":"Di Punto","category":"amenity:restaurant"}},{"type":"Feature","geometry":{"type":"Point","coordinates":[139.716016,35.660654]},"properties":{"name":"ファミリーマート","category":"shop:convenience"}},{"type":"Feature","geometry":{"type":"Point","coordinates":[139.691192,35.649237]},"properties":{"name":"bistrot 13que","category":"amenity:restaurant"}},{"type":"Feature","geometry":{"type":"Point","coordinates":[139.688359,35.651693]},"properties":{"name":"ライフ目黒大橋店","category":"shop:supermarket"}},{"type":"Feature","geometry":{"type":"Point","coordinates":[139.700407,35.655086]},"properties":{"name":"Ayung Teras","category":"amenity:restaurant"}},{"type":"Feature","geometry":{"type":"Point","coordinates":[139.699408,35.657676]},"properties":{"name":"bar rudies","category":"amenity:restaurant"}},{"type":"Feature","geometry":{"type":"Point","coordinates":[139.704688,35.649858]},"properties":{"name":"Spring Valley Brewery Tokyo","category":"amenity:restaurant"}},{"type":"Feature","geometry":{"type":"Point","coordinates":[139.706227,35.671652]},"properties":{"name":"Togo Cafe","category":"amenity:cafe"}},{"type":"Feature","geometry":{"type":"Point","coordinates":[139.708971,35.667088]},"properties":{"name":"表参道ヒルズspatzle cafe&wine","category":"amenity:restaurant"}},{"type":"Feature","geometry":{"type":"Point","coordinates":[139.703493,35.669623]},"properties":{"name":"hair&make lalma mit","category":"shop:hairdresser","level":"2"}},{"type":"Feature","geometry":{"type":"Point","coordinates":[139.703184,35.671497]},"properties":{"name":"吉野家","category":"amenity:fast_food"}},{"type":"Feature","geometry":{"type":"Point","coordinates":[139.701516,35.656011]},"properties":{"name":"天狗","category":"amenity:pub"}},{"type":"Feature","geometry":{"type":"Point","coordinates":[139.702122,35.660179]},"properties":{"name":"ビックカメラ","category":"shop:electronics"}},{"type":"Feature","geometry":{"type":"Point","coordinates":[139.706585,35.666362]},"properties":{"name":"HOEK（フーク）","category":"shop:yes"}},{"type":"Feature","geometry":{"type":"Point","coordinates":[139.69536,35.662727]},"properties":{"name":"カツ丼屋","category":"amenity:restaurant"}},{"type":"Feature","geometry":{"type":"Point","coordinates":[139.700354,35.664929]},"properties":{"name":"Au temps jadis cr perie","category":"amenity:cafe"}},{"type":"Feature","geometry":{"type":"Point","coordinates":[139.698058,35.661743]},"properties":{"name":"Manboo","category":"shop:books"}},{"type":"Feature","geometry":{"type":"Point","coordinates":[139.702958,35.647898]},"properties":{"name":"cafe quiet area","category":"amenity:cafe"}},{"type":"Feature","geometry":{"type":"Point","coordinates":[139.695271,35.660088]},"properties":{"name":"Good Beer Faucets","category":"amenity:bar"}},{"type":"Feature","geometry":{"type":"Point","coordinates":[139.706561,35.668944]},"properties":{"name":"Kawaii Monster Café","category":"amenity:cafe"}},{"type":"Feature","geometry":{"type":"Point","coordinates":[139.706676,35.667656]},"properties":{"name":"Island Vintage Coffee","category":"amenity:cafe"}},{"type":"Feature","geometry":{"type":"Point","coordinates":[139.700035,35.659334]},"properties":{"name":"L'Occitane Café","category":"amenity:cafe"}},{"type":"Feature","geometry":{"type":"Point","coordinates":[139.708635,35.666335]},"properties":{"name":"NU SKIN","category":"shop:electronics"}},{"type":"Feature","geometry":{"type":"Point","coordinates":[139.704344,35.666643]},"properties":{"name":"niko and ...","category":"shop:clothes"}},{"type":"Feature","geometry":{"type":"Point","coordinates":[139.706296,35.667282]},"properties":{"name":"Luke's Lobster","category":"amenity:fast_food"}},{"type":"Feature","geometry":{"type":"Point","coordinates":[139.707,35.668491]},"properties":{"name":"Anovan 夾餡法式海綿小蛋糕","category":"shop:confectionery"}},{"type":"Feature","geometry":{"type":"Point","coordinates":[139.69997,35.659869]},"properties":{"name":"渋谷西村フルーツパーラー","category":"amenity:cafe","level":"1"}},{"type":"Feature","geometry":{"type":"Point","coordinates":[139.698596,35.663743]},"properties":{"name":"Nishimura Fruits Parlor","category":"amenity:restaurant","level":"1"}},{"type":"Feature","geometry":{"type":"Point","coordinates":[139.695274,35.662741]},"properties":{"name":"なかめのてっぺん","category":"amenity:restaurant"}},{"type":"Feature","geometry":{"type":"Point","coordinates":[139.705706,35.668053]},"properties":{"name":"Ice Monster","category":"amenity:restaurant"}},{"type":"Feature","geometry":{"type":"Point","coordinates":[139.705721,35.666101]},"properties":{"name":"Paul Smith","category":"shop:clothes"}},{"type":"Feature","geometry":{"type":"Point","coordinates":[139.705474,35.665934]},"properties":{"name":"All Saints","category":"shop:clothes"}},{"type":"Feature","geometry":{"type":"Point","coordinates":[139.704833,35.668503]},"properties":{"name":"Chicago","category":"shop:clothes"}},{"type":"Feature","geometry":{"type":"Point","coordinates":[139.707269,35.667357]},"properties":{"name":"Dior","category":"shop:clothes"}},{"type":"Feature","geometry":{"type":"Point","coordinates":[139.704947,35.665423]},"properties":{"name":"スモークハウス","category":"amenity:restaurant","level":"1"}},{"type":"Feature","geometry":{"type":"Point","coordinates":[139.689916,35.651254]},"properties":{"name":"warito","category":"amenity:restaurant"}},{"type":"Feature","geometry":{"type":"Point","coordinates":[139.698608,35.658535]},"properties":{"name":"morimoto","category":"amenity:restaurant"}},{"type":"Feature","geometry":{"type":"Point","coordinates":[139.696866,35.659046]},"properties":{"name":"Kiraku","category":"amenity:restaurant"}},{"type":"Feature","geometry":{"type":"Point","coordinates":[139.698368,35.655831]},"properties":{"name":"nepalico","category":"amenity:restaurant"}},{"type":"Feature","geometry":{"type":"Point","coordinates":[139.697466,35.646367]},"properties":{"name":"N_1221","category":"amenity:pub"}},{"type":"Feature","geometry":{"type":"Point","coordinates":[139.700226,35.661551]},"properties":{"name":"Rakuten cafe 樂天咖啡","category":"amenity:cafe"}},{"type":"Feature","geometry":{"type":"Point","coordinates":[139.693912,35.65613]},"properties":{"name":"anko","category":"amenity:restaurant"}},{"type":"Feature","geometry":{"type":"Point","coordinates":[139.693999,35.65615]},"properties":{"name":"potura potura","category":"amenity:restaurant"}},{"type":"Feature","geometry":{"type":"Point","coordinates":[139.694644,35.657024]},"properties":{"name":"kara kara","category":"amenity:restaurant"}},{"type":"Feature","geometry":{"type":"Point","coordinates":[139.707021,35.669311]},"properties":{"name":"AAPE","category":"shop:clothes"}},{"type":"Feature","geometry":{"type":"Point","coordinates":[139.705264,35.669301]},"properties":{"name":"Etude House","category":"shop:beauty"}},{"type":"Feature","geometry":{"type":"Point","coordinates":[139.704717,35.666209]},"properties":{"name":"The Great Burger","category":"amenity:fast_food"}},{"type":"Feature","geometry":{"type":"Point","coordinates":[139.695824,35.656896]},"properties":{"name":"Shinanoya","category":"shop:deli"}},{"type":"Feature","geometry":{"type":"Point","coordinates":[139.706204,35.670398]},"properties":{"name":"WEGO","category":"shop:clothes"}},{"type":"Feature","geometry":{"type":"Point","coordinates":[139.706389,35.670323]},"properties":{"name":"ロッテリア","category":"amenity:fast_food"}},{"type":"Feature","geometry":{"type":"Point","coordinates":[139.705801,35.670327]},"properties":{"name":"コムクレープ","category":"amenity:cafe"}},{"type":"Feature","geometry":{"type":"Point","coordinates":[139.69674,35.657037]},"properties":{"name":"JBS Shibuya","category":"amenity:bar"}},{"type":"Feature","geometry":{"type":"Point","coordinates":[139.713104,35.665144]},"properties":{"name":"鳥政","category":"amenity:restaurant"}},{"type":"Feature","geometry":{"type":"Point","coordinates":[139.711126,35.64868]},"properties":{"name":"松虎","category":"amenity:bar","level":"2"}},{"type":"Feature","geometry":{"type":"Point","coordinates":[139.70808,35.648716]},"properties":{"name":"米福","category":"amenity:restaurant","level":"-1"}},{"type":"Feature","geometry":{"type":"Point","coordinates":[139.707574,35.669861]},"properties":{"name":"HEAD PORTER TOKYO","category":"shop:clothes"}},{"type":"Feature","geometry":{"type":"Point","coordinates":[139.698077,35.660517]},"properties":{"name":"アジアの味","category":"amenity:restaurant"}},{"type":"Feature","geometry":{"type":"Point","coordinates":[139.690132,35.667745]},"properties":{"name":"Dog Heart from Aquamarine","category":"amenity:cafe"}},{"type":"Feature","geometry":{"type":"Point","coordinates":[139.697799,35.659465]},"properties":{"name":"魚べい","category":"amenity:fast_food"}},{"type":"Feature","geometry":{"type":"Point","coordinates":[139.696951,35.658098]},"properties":{"name":"渋谷パソコン修理工場","category":"shop:repair"}},{"type":"Feature","geometry":{"type":"Point","coordinates":[139.704724,35.670714]},"properties":{"name":"カフェ×スイーツパラダイス店","category":"amenity:cafe"}},{"type":"Feature","geometry":{"type":"Point","coordinates":[139.707863,35.668324]},"properties":{"name":"Onitsuka tiger","category":"shop:shoes"}},{"type":"Feature","geometry":{"type":"Point","coordinates":[139.708375,35.666909]},"properties":{"name":"平禄寿司","category":"amenity:restaurant"}},{"type":"Feature","geometry":{"type":"Point","coordinates":[139.702071,35.646915]},"properties":{"name":"立道屋","category":"amenity:pub","level":"-1"}},{"type":"Feature","geometry":{"type":"Point","coordinates":[139.697738,35.658687]},"properties":{"name":"天下寿司","category":"amenity:restaurant"}},{"type":"Feature","geometry":{"type":"Point","coordinates":[139.7043,35.671778]},"properties":{"name":"原宿タップルーム","category":"amenity:pub","level":"1"}},{"type":"Feature","geometry":{"type":"Point","coordinates":[139.704563,35.667004]},"properties":{"name":"ホグロフス","category":"shop:outdoor"}},{"type":"Feature","geometry":{"type":"Point","coordinates":[139.699744,35.66015]},"properties":{"name":"チュチュアンナ","category":"shop:clothes","level":"-1;0"}},{"type":"Feature","geometry":{"type":"Point","coordinates":[139.695328,35.66007]},"properties":{"name":"ファミリーマート","category":"shop:convenience"}},{"type":"Feature","geometry":{"type":"Point","coordinates":[139.704569,35.671207]},"properties":{"name":"Totti Candy Factory","category":"shop:confectionery"}},{"type":"Feature","geometry":{"type":"Point","coordinates":[139.699921,35.66369]},"properties":{"name":"Pilgrim Surf","category":"shop:clothes"}},{"type":"Feature","geometry":{"type":"Point","coordinates":[139.702471,35.663495]},"properties":{"name":"45 RPM","category":"shop:clothes"}},{"type":"Feature","geometry":{"type":"Point","coordinates":[139.704987,35.657955]},"properties":{"name":"石の華","category":"amenity:bar","level":"-1"}},{"type":"Feature","geometry":{"type":"Point","coordinates":[139.706113,35.667908]},"properties":{"name":"Maison KOSE","category":"shop:yes"}},{"type":"Feature","geometry":{"type":"Point","coordinates":[139.706963,35.667214]},"properties":{"name":"MoMa Design Store","category":"shop:furniture"}},{"type":"Feature","geometry":{"type":"Point","coordinates":[139.707129,35.6684]},"properties":{"name":"Bookmarc","category":"shop:books"}},{"type":"Feature","geometry":{"type":"Point","coordinates":[139.70711,35.670014]},"properties":{"name":"Spaghetti Goemon","category":"amenity:restaurant"}},{"type":"Feature","geometry":{"type":"Point","coordinates":[139.69532,35.658522]},"properties":{"name":"ローソン","category":"shop:convenience","level":"0"}},{"type":"Feature","geometry":{"type":"Point","coordinates":[139.69905,35.658726]},"properties":{"name":"治郎丸","category":"amenity:restaurant"}},{"type":"Feature","geometry":{"type":"Point","coordinates":[139.692359,35.655885]},"properties":{"name":"ATeDo Shinsen","category":"amenity:restaurant"}},{"type":"Feature","geometry":{"type":"Point","coordinates":[139.700524,35.656118]},"properties":{"name":"Thai Food Research Center","category":"amenity:restaurant"}},{"type":"Feature","geometry":{"type":"Point","coordinates":[139.711954,35.665667]},"properties":{"name":"Loewe","category":"shop:clothes"}},{"type":"Feature","geometry":{"type":"Point","coordinates":[139.6987,35.66096]},"properties":{"name":"一蘭","category":"amenity:restaurant"}},{"type":"Feature","geometry":{"type":"Point","coordinates":[139.699695,35.659405]},"properties":{"name":"オーエスドラッグ","category":"shop:chemist"}},{"type":"Feature","geometry":{"type":"Point","coordinates":[139.69127,35.667235]},"properties":{"name":"Nata de Cristiano","category":"amenity:restaurant"}},{"type":"Feature","geometry":{"type":"Point","coordinates":[139.705706,35.667028]},"properties":{"name":"Mizuho Mochi","category":"shop:bakery"}},{"type":"Feature","geometry":{"type":"Point","coordinates":[139.703772,35.671529]},"properties":{"name":"ダイソー","category":"shop:variety_store"}},{"type":"Feature","geometry":{"type":"Point","coordinates":[139.710483,35.648311]},"properties":{"name":"Suzuran","category":"amenity:restaurant"}},{"type":"Feature","geometry":{"type":"Point","coordinates":[139.70853,35.648055]},"properties":{"name":"バー トラム","category":"amenity:bar","level":"1"}},{"type":"Feature","geometry":{"type":"Point","coordinates":[139.703284,35.665349]},"properties":{"name":"ファミリーマート","category":"shop:convenience"}},{"type":"Feature","geometry":{"type":"Point","coordinates":[139.703238,35.665288]},"properties":{"name":"バーミヤン","category":"amenity:restaurant","level":"1"}},{"type":"Feature","geometry":{"type":"Point","coordinates":[139.692226,35.665564]},"properties":{"name":"CAMELBACK sandwich&espresso","category":"amenity:cafe"}},{"type":"Feature","geometry":{"type":"Point","coordinates":[139.701019,35.660907]},"properties":{"name":"麦わらストア","category":"shop:vacant","level":"7"}},{"type":"Feature","geometry":{"type":"Point","coordinates":[139.705732,35.667507]},"properties":{"name":"カフェ・ド・武","category":"amenity:restaurant"}},{"type":"Feature","geometry":{"type":"Point","coordinates":[139.708393,35.670636]},"properties":{"name":"さくら亭","category":"amenity:restaurant"}},{"type":"Feature","geometry":{"type":"Point","coordinates":[139.705967,35.656639]},"properties":{"name":"キミドリ","category":"amenity:restaurant"}},{"type":"Feature","geometry":{"type":"Point","coordinates":[139.715096,35.663674]},"properties":{"name":"HAAT","category":"shop:clothes"}},{"type":"Feature","geometry":{"type":"Point","coordinates":[139.698035,35.659265]},"properties":{"name":"The Dubliners' Café & Pub","category":"amenity:bar","level":"1"}},{"type":"Feature","geometry":{"type":"Point","coordinates":[139.701832,35.64868]},"properties":{"name":"靴下屋","category":"shop:clothes"}},{"type":"Feature","geometry":{"type":"Point","coordinates":[139.707798,35.657113]},"properties":{"name":"青山壹番館","category":"amenity:cafe"}},{"type":"Feature","geometry":{"type":"Point","coordinates":[139.698155,35.657926]},"properties":{"name":"Sushi-no-Midori","category":"amenity:restaurant"}},{"type":"Feature","geometry":{"type":"Point","coordinates":[139.69683,35.660412]},"properties":{"name":"Sagatani","category":"amenity:restaurant"}},{"type":"Feature","geometry":{"type":"Point","coordinates":[139.689874,35.668477]},"properties":{"name":"path","category":"amenity:restaurant"}},{"type":"Feature","geometry":{"type":"Point","coordinates":[139.699847,35.662695]},"properties":{"name":"Supreme","category":"shop:clothes","level":"0"}},{"type":"Feature","geometry":{"type":"Point","coordinates":[139.705324,35.653114]},"properties":{"name":"Supreme","category":"shop:clothes"}},{"type":"Feature","geometry":{"type":"Point","coordinates":[139.710575,35.648335]},"properties":{"name":"惠比壽橫丁","category":"amenity:restaurant"}},{"type":"Feature","geometry":{"type":"Point","coordinates":[139.709481,35.648586]},"properties":{"name":"Tonchang Ebisu 韓國餐廳","category":"amenity:restaurant"}},{"type":"Feature","geometry":{"type":"Point","coordinates":[139.69925,35.663699]},"properties":{"name":"岩瀬菠蘿包","category":"shop:bakery"}},{"type":"Feature","geometry":{"type":"Point","coordinates":[139.695991,35.656771]},"properties":{"name":"大阪燒肉","category":"amenity:restaurant"}},{"type":"Feature","geometry":{"type":"Point","coordinates":[139.7035,35.66619]},"properties":{"name":"Cinnabon","category":"amenity:fast_food"}},{"type":"Feature","geometry":{"type":"Point","coordinates":[139.697916,35.661639]},"properties":{"name":"しゃぶしゃぶ温野菜","category":"amenity:restaurant"}},{"type":"Feature","geometry":{"type":"Point","coordinates":[139.713199,35.665041]},"properties":{"name":"とりよし","category":"amenity:restaurant"}},{"type":"Feature","geometry":{"type":"Point","coordinates":[139.704906,35.671257]},"properties":{"name":"マリオンクレープ","category":"amenity:fast_food"}},{"type":"Feature","geometry":{"type":"Point","coordinates":[139.704848,35.671283]},"properties":{"name":"エンジェルスハート","category":"amenity:fast_food"}},{"type":"Feature","geometry":{"type":"Point","coordinates":[139.705209,35.667922]},"properties":{"name":"一蘭 原宿","category":"amenity:restaurant"}},{"type":"Feature","geometry":{"type":"Point","coordinates":[139.698438,35.658451]},"properties":{"name":"元祖うな鐡","category":"amenity:restaurant","level":"0"}},{"type":"Feature","geometry":{"type":"Point","coordinates":[139.708996,35.669909]},"properties":{"name":"autentico","category":"shop:yes"}},{"type":"Feature","geometry":{"type":"Point","coordinates":[139.707834,35.648001]},"properties":{"name":"Sake In Ebisu","category":"amenity:bar"}},{"type":"Feature","geometry":{"type":"Point","coordinates":[139.706294,35.669902]},"properties":{"name":"Hub","category":"amenity:pub"}},{"type":"Feature","geometry":{"type":"Point","coordinates":[139.697339,35.662021]},"properties":{"name":"HMV record shop","category":"shop:music"}},{"type":"Feature","geometry":{"type":"Point","coordinates":[139.696903,35.662023]},"properties":{"name":"Bohemia cafe (hookah)","category":"amenity:restaurant"}},{"type":"Feature","geometry":{"type":"Point","coordinates":[139.702837,35.661998]},"properties":{"name":"347 cafe","category":"amenity:cafe"}},{"type":"Feature","geometry":{"type":"Point","coordinates":[139.703566,35.672238]},"properties":{"name":"Owl Cafe and Village","category":"amenity:cafe"}},{"type":"Feature","geometry":{"type":"Point","coordinates":[139.700059,35.662428]},"properties":{"name":"Silkream","category":"amenity:restaurant"}},{"type":"Feature","geometry":{"type":"Point","coordinates":[139.697018,35.660952]},"properties":{"name":"TASUICHI","category":"amenity:bar"}},{"type":"Feature","geometry":{"type":"Point","coordinates":[139.702458,35.659789]},"properties":{"name":"Nonbei yokocho alley","category":"amenity:bar"}},{"type":"Feature","geometry":{"type":"Point","coordinates":[139.713725,35.665083]},"properties":{"name":"キルフェボン","category":"amenity:restaurant"}},{"type":"Feature","geometry":{"type":"Point","coordinates":[139.706956,35.665779]},"properties":{"name":"Malu pu loa","category":"shop:clothes"}},{"type":"Feature","geometry":{"type":"Point","coordinates":[139.704953,35.671096]},"properties":{"name":"Photoism","category":"shop:yes"}},{"type":"Feature","geometry":{"type":"Point","coordinates":[139.694737,35.657176]},"properties":{"name":"すきやき 松木家","category":"amenity:restaurant"}},{"type":"Feature","geometry":{"type":"Point","coordinates":[139.69982,35.661532]},"properties":{"name":"無印良品","category":"shop:variety_store","level":"0"}},{"type":"Feature","geometry":{"type":"Point","coordinates":[139.6944,35.659037]},"properties":{"name":"やしま","category":"amenity:restaurant"}},{"type":"Feature","geometry":{"type":"Point","coordinates":[139.705994,35.667994]},"properties":{"name":"Anker","category":"shop:yes"}},{"type":"Feature","geometry":{"type":"Point","coordinates":[139.709824,35.6662]},"properties":{"name":"MAX&Co.","category":"shop:clothes"}},{"type":"Feature","geometry":{"type":"Point","coordinates":[139.709945,35.662996]},"properties":{"name":"無印良品","category":"shop:variety_store"}},{"type":"Feature","geometry":{"type":"Point","coordinates":[139.707918,35.648424]},"properties":{"name":"Bar TRENCH","category":"amenity:bar","level":"0"}},{"type":"Feature","geometry":{"type":"Point","coordinates":[139.705914,35.653821]},"properties":{"name":"住金SBP","category":"shop:clothes"}},{"type":"Feature","geometry":{"type":"Point","coordinates":[139.697166,35.663016]},"properties":{"name":"凛 渋谷店","category":"amenity:restaurant"}},{"type":"Feature","geometry":{"type":"Point","coordinates":[139.70547,35.660723]},"properties":{"name":"コメダ珈琲店","category":"amenity:cafe"}},{"type":"Feature","geometry":{"type":"Point","coordinates":[139.695925,35.660045]},"properties":{"name":"Gran cyber cafe bagua (private theatre)","category":"amenity:cafe"}},{"type":"Feature","geometry":{"type":"Point","coordinates":[139.708824,35.65956]},"properties":{"name":"Sky High","category":"amenity:cafe"}},{"type":"Feature","geometry":{"type":"Point","coordinates":[139.699564,35.657527]},"properties":{"name":"Trunp House nightclub","category":"amenity:bar"}},{"type":"Feature","geometry":{"type":"Point","coordinates":[139.699244,35.657749]},"properties":{"name":"Trump House","category":"amenity:bar"}},{"type":"Feature","geometry":{"type":"Point","coordinates":[139.697045,35.660962]},"properties":{"name":"TECHNIQUE","category":"shop:music","level":"1"}},{"type":"Feature","geometry":{"type":"Point","coordinates":[139.711103,35.656314]},"properties":{"name":"カフェラウンジ若木が丘","category":"amenity:cafe"}},{"type":"Feature","geometry":{"type":"Point","coordinates":[139.711867,35.655771]},"properties":{"name":"和[NAGOMI]","category":"amenity:restaurant"}},{"type":"Feature","geometry":{"type":"Point","coordinates":[139.711877,35.656089]},"properties":{"name":"生協","category":"shop:yes"}},{"type":"Feature","geometry":{"type":"Point","coordinates":[139.709345,35.653953]},"properties":{"name":"Woodberry Coffee","category":"amenity:cafe"}},{"type":"Feature","geometry":{"type":"Point","coordinates":[139.713608,35.667098]},"properties":{"name":"ディップマハル","category":"amenity:restaurant","level":"0"}},{"type":"Feature","geometry":{"type":"Point","coordinates":[139.711654,35.664533]},"properties":{"name":"Ball&Chain Omotesando","category":"shop:fashion_accessories"}},{"type":"Feature","geometry":{"type":"Point","coordinates":[139.703446,35.67158]},"properties":{"name":"ラパウザ","category":"amenity:restaurant"}},{"type":"Feature","geometry":{"type":"Point","coordinates":[139.708333,35.670596]},"properties":{"name":"さくら亭","category":"amenity:restaurant"}},{"type":"Feature","geometry":{"type":"Point","coordinates":[139.694016,35.665308]},"properties":{"name":"チーズスタンド","category":"amenity:restaurant"}},{"type":"Feature","geometry":{"type":"Point","coordinates":[139.713081,35.66622]},"properties":{"name":"Suit Select","category":"shop:clothes"}},{"type":"Feature","geometry":{"type":"Point","coordinates":[139.705606,35.660786]},"properties":{"name":"大衆割烹たがみ","category":"amenity:pub"}},{"type":"Feature","geometry":{"type":"Point","coordinates":[139.705903,35.659763]},"properties":{"name":"サイゼリヤ","category":"amenity:restaurant"}},{"type":"Feature","geometry":{"type":"Point","coordinates":[139.7049,35.660133]},"properties":{"name":"illy","category":"amenity:cafe"}},{"type":"Feature","geometry":{"type":"Point","coordinates":[139.705419,35.660809]},"properties":{"name":"陳麻家","category":"amenity:restaurant"}},{"type":"Feature","geometry":{"type":"Point","coordinates":[139.705396,35.660764]},"properties":{"name":"陳麻家","category":"amenity:restaurant"}},{"type":"Feature","geometry":{"type":"Point","coordinates":[139.705404,35.660827]},"properties":{"name":"福井の地酒と熟成魚 うらら","category":"amenity:pub"}},{"type":"Feature","geometry":{"type":"Point","coordinates":[139.705305,35.660852]},"properties":{"name":"L. Lovers R","category":"amenity:cafe"}},{"type":"Feature","geometry":{"type":"Point","coordinates":[139.70523,35.66059]},"properties":{"name":"CAFE &LOUNGE RYUKODO","category":"amenity:cafe"}},{"type":"Feature","geometry":{"type":"Point","coordinates":[139.705166,35.660615]},"properties":{"name":"CONTRAST","category":"shop:hairdresser"}},{"type":"Feature","geometry":{"type":"Point","coordinates":[139.705145,35.660653]},"properties":{"name":"Asterisk 1103","category":"amenity:restaurant"}},{"type":"Feature","geometry":{"type":"Point","coordinates":[139.705071,35.660703]},"properties":{"name":"Yinega","category":"amenity:restaurant"}},{"type":"Feature","geometry":{"type":"Point","coordinates":[139.704577,35.659747]},"properties":{"name":"ゆで太郎","category":"amenity:fast_food"}},{"type":"Feature","geometry":{"type":"Point","coordinates":[139.703114,35.659455]},"properties":{"name":"ファミリーマート","category":"shop:convenience"}},{"type":"Feature","geometry":{"type":"Point","coordinates":[139.705056,35.66013]},"properties":{"name":"すみれ","category":"amenity:pub"}},{"type":"Feature","geometry":{"type":"Point","coordinates":[139.705025,35.660154]},"properties":{"name":"キンコーズ","category":"shop:copyshop"}},{"type":"Feature","geometry":{"type":"Point","coordinates":[139.704396,35.660053]},"properties":{"name":"ぼてぢゅう","category":"amenity:restaurant"}},{"type":"Feature","geometry":{"type":"Point","coordinates":[139.704674,35.660091]},"properties":{"name":"ほぐしの達人","category":"shop:massage","level":"2"}},{"type":"Feature","geometry":{"type":"Point","coordinates":[139.705303,35.660875]},"properties":{"name":"御厨","category":"amenity:restaurant"}},{"type":"Feature","geometry":{"type":"Point","coordinates":[139.705087,35.660309]},"properties":{"name":"オンディーヌ","category":"shop:photo","level":"8"}},{"type":"Feature","geometry":{"type":"Point","coordinates":[139.705112,35.660182]},"properties":{"name":"ASICS","category":"shop:shoes","level":"0"}},{"type":"Feature","geometry":{"type":"Point","coordinates":[139.713332,35.665287]},"properties":{"name":"5","category":"amenity:restaurant","level":"-1"}},{"type":"Feature","geometry":{"type":"Point","coordinates":[139.69904,35.662211]},"properties":{"name":"ヴィヴィアンウエストウッド","category":"shop:clothes","level":"2"}},{"type":"Feature","geometry":{"type":"Point","coordinates":[139.713872,35.661351]},"properties":{"name":"菓匠 菊家","category":"amenity:cafe"}},{"type":"Feature","geometry":{"type":"Point","coordinates":[139.691875,35.658378]},"properties":{"name":"ファウスト","category":"amenity:restaurant"}},{"type":"Feature","geometry":{"type":"Point","coordinates":[139.703179,35.658684]},"properties":{"name":"Zen-Kashoin","category":"amenity:cafe","level":"4"}},{"type":"Feature","geometry":{"type":"Point","coordinates":[139.71053,35.665832]},"properties":{"name":"Bvlgari","category":"shop:fashion_accessories"}},{"type":"Feature","geometry":{"type":"Point","coordinates":[139.71134,35.665999]},"properties":{"name":"Anniversaire café","category":"amenity:cafe"}},{"type":"Feature","geometry":{"type":"Point","coordinates":[139.709973,35.666109]},"properties":{"name":"KAWAI","category":"shop:musical_instrument"}},{"type":"Feature","geometry":{"type":"Point","coordinates":[139.711454,35.66591]},"properties":{"name":"Fendi","category":"shop:clothes"}},{"type":"Feature","geometry":{"type":"Point","coordinates":[139.710813,35.66568]},"properties":{"name":"Emporio Armani","category":"shop:clothes"}},{"type":"Feature","geometry":{"type":"Point","coordinates":[139.709461,35.665037]},"properties":{"name":"Pralines leonida","category":"shop:confectionery"}},{"type":"Feature","geometry":{"type":"Point","coordinates":[139.710068,35.666541]},"properties":{"name":"Michael Kors","category":"shop:clothes"}},{"type":"Feature","geometry":{"type":"Point","coordinates":[139.707855,35.669235]},"properties":{"name":"Eddy's Ice Cream","category":"amenity:cafe","level":"0"}},{"type":"Feature","geometry":{"type":"Point","coordinates":[139.710595,35.664588]},"properties":{"name":"Q-pot cafe","category":"amenity:cafe","level":"0"}},{"type":"Feature","geometry":{"type":"Point","coordinates":[139.709103,35.666531]},"properties":{"name":"Louis Vuitton","category":"shop:clothes"}},{"type":"Feature","geometry":{"type":"Point","coordinates":[139.710319,35.666436]},"properties":{"name":"Saint Laurent","category":"shop:clothes"}},{"type":"Feature","geometry":{"type":"Point","coordinates":[139.708903,35.666618]},"properties":{"name":"Jil Sander","category":"shop:clothes"}},{"type":"Feature","geometry":{"type":"Point","coordinates":[139.708594,35.66675]},"properties":{"name":"Hermes","category":"shop:clothes"}},{"type":"Feature","geometry":{"type":"Point","coordinates":[139.700569,35.661434]},"properties":{"name":"ChugaiGraceCAFE","category":"amenity:cafe","level":"7"}},{"type":"Feature","geometry":{"type":"Point","coordinates":[139.704154,35.665628]},"properties":{"name":"GOOD TOWN DOUGHNUTS","category":"amenity:cafe"}},{"type":"Feature","geometry":{"type":"Point","coordinates":[139.703321,35.65874]},"properties":{"name":"MONARCH OF LONDON","category":"amenity:cafe"}},{"type":"Feature","geometry":{"type":"Point","coordinates":[139.711078,35.665495]},"properties":{"name":"Gucci","category":"shop:clothes"}},{"type":"Feature","geometry":{"type":"Point","coordinates":[139.711642,35.665825]},"properties":{"name":"Celine","category":"shop:clothes"}},{"type":"Feature","geometry":{"type":"Point","coordinates":[139.71176,35.665766]},"properties":{"name":"Givenchy","category":"shop:clothes"}},{"type":"Feature","geometry":{"type":"Point","coordinates":[139.707738,35.668357]},"properties":{"name":"Søstrene Grene","category":"shop:interior_decoration"}},{"type":"Feature","geometry":{"type":"Point","coordinates":[139.711032,35.667331]},"properties":{"name":"Laimai","category":"amenity:restaurant"}},{"type":"Feature","geometry":{"type":"Point","coordinates":[139.7111,35.667014]},"properties":{"name":"Flying Tiger Copenhagen","category":"shop:variety_store"}},{"type":"Feature","geometry":{"type":"Point","coordinates":[139.707659,35.668309]},"properties":{"name":"Marimekko","category":"shop:clothes"}},{"type":"Feature","geometry":{"type":"Point","coordinates":[139.711065,35.667393]},"properties":{"name":"Franzè & Evans","category":"amenity:restaurant"}},{"type":"Feature","geometry":{"type":"Point","coordinates":[139.708416,35.668589]},"properties":{"name":"No 3 Longing house","category":"amenity:restaurant"}},{"type":"Feature","geometry":{"type":"Point","coordinates":[139.711738,35.668107]},"properties":{"name":"Antique","category":"shop:bakery"}},{"type":"Feature","geometry":{"type":"Point","coordinates":[139.709623,35.667952]},"properties":{"name":"Holon","category":"shop:watches"}},{"type":"Feature","geometry":{"type":"Point","coordinates":[139.711999,35.668392]},"properties":{"name":"Soup+","category":"amenity:cafe"}},{"type":"Feature","geometry":{"type":"Point","coordinates":[139.710131,35.667548]},"properties":{"name":"Nemett","category":"shop:clothes"}},{"type":"Feature","geometry":{"type":"Point","coordinates":[139.705805,35.667555]},"properties":{"name":"J.S. Burger café","category":"amenity:cafe"}},{"type":"Feature","geometry":{"type":"Point","coordinates":[139.705977,35.666882]},"properties":{"name":"On Japan café","category":"amenity:cafe"}},{"type":"Feature","geometry":{"type":"Point","coordinates":[139.706824,35.666756]},"properties":{"name":"Cinnamon's","category":"amenity:cafe","level":"1"}},{"type":"Feature","geometry":{"type":"Point","coordinates":[139.705964,35.667806]},"properties":{"name":"TGI Fridays","category":"amenity:restaurant"}},{"type":"Feature","geometry":{"type":"Point","coordinates":[139.704942,35.666253]},"properties":{"name":"ヨダカ","category":"amenity:cafe"}},{"type":"Feature","geometry":{"type":"Point","coordinates":[139.706008,35.666667]},"properties":{"name":"Candy Show Time","category":"shop:confectionery"}},{"type":"Feature","geometry":{"type":"Point","coordinates":[139.706158,35.667772]},"properties":{"name":"光麺","category":"amenity:fast_food"}},{"type":"Feature","geometry":{"type":"Point","coordinates":[139.706379,35.665898]},"properties":{"name":"アロハアミーゴ","category":"amenity:bar","level":"0"}},{"type":"Feature","geometry":{"type":"Point","coordinates":[139.704902,35.66633]},"properties":{"name":"Kevelos","category":"amenity:restaurant"}},{"type":"Feature","geometry":{"type":"Point","coordinates":[139.705222,35.665567]},"properties":{"name":"紫波 いわて牛","category":"amenity:restaurant"}},{"type":"Feature","geometry":{"type":"Point","coordinates":[139.706637,35.667246]},"properties":{"name":"Locanda F.Q.","category":"amenity:restaurant"}},{"type":"Feature","geometry":{"type":"Point","coordinates":[139.705898,35.66803]},"properties":{"name":"Otsuka Tiger","category":"shop:clothes"}},{"type":"Feature","geometry":{"type":"Point","coordinates":[139.706499,35.66639]},"properties":{"name":"Florent","category":"shop:clothes"}},{"type":"Feature","geometry":{"type":"Point","coordinates":[139.705043,35.666431]},"properties":{"name":"The Diner's by Village/vanguard","category":"amenity:restaurant"}},{"type":"Feature","geometry":{"type":"Point","coordinates":[139.706264,35.667529]},"properties":{"name":"らーめん 山顔火","category":"amenity:fast_food"}},{"type":"Feature","geometry":{"type":"Point","coordinates":[139.705488,35.667309]},"properties":{"name":"俺流塩らーめん 神宮前店","category":"amenity:fast_food"}},{"type":"Feature","geometry":{"type":"Point","coordinates":[139.706674,35.666585]},"properties":{"name":"Tintin shop","category":"shop:clothes"}},{"type":"Feature","geometry":{"type":"Point","coordinates":[139.705252,35.666766]},"properties":{"name":"Chrome","category":"shop:bag"}},{"type":"Feature","geometry":{"type":"Point","coordinates":[139.70501,35.665708]},"properties":{"name":"Duffer Japan","category":"shop:clothes"}},{"type":"Feature","geometry":{"type":"Point","coordinates":[139.705929,35.667492]},"properties":{"name":"Very berry soup","category":"amenity:cafe"}},{"type":"Feature","geometry":{"type":"Point","coordinates":[139.706845,35.666782]},"properties":{"name":"ファミリーマート","category":"shop:convenience"}},{"type":"Feature","geometry":{"type":"Point","coordinates":[139.704573,35.666142]},"properties":{"name":"Good Town Doughnuts and coffee","category":"amenity:cafe"}},{"type":"Feature","geometry":{"type":"Point","coordinates":[139.70362,35.65864]},"properties":{"name":"Bri29","category":"amenity:restaurant"}},{"type":"Feature","geometry":{"type":"Point","coordinates":[139.704148,35.660596]},"properties":{"name":"Hagare","category":"amenity:bar"}},{"type":"Feature","geometry":{"type":"Point","coordinates":[139.704217,35.658763]},"properties":{"name":"Acceso","category":"amenity:restaurant"}},{"type":"Feature","geometry":{"type":"Point","coordinates":[139.704735,35.660906]},"properties":{"name":"goo italiano","category":"amenity:restaurant"}},{"type":"Feature","geometry":{"type":"Point","coordinates":[139.704316,35.660247]},"properties":{"name":"みちのく","category":"amenity:restaurant"}},{"type":"Feature","geometry":{"type":"Point","coordinates":[139.704377,35.660414]},"properties":{"name":"Whoopi Goldburger","category":"amenity:restaurant"}},{"type":"Feature","geometry":{"type":"Point","coordinates":[139.708216,35.666671]},"properties":{"name":"Bamboo","category":"amenity:restaurant"}},{"type":"Feature","geometry":{"type":"Point","coordinates":[139.705946,35.669447]},"properties":{"name":"Café Crepe","category":"amenity:cafe"}},{"type":"Feature","geometry":{"type":"Point","coordinates":[139.706526,35.66848]},"properties":{"name":"Burn side st café","category":"amenity:cafe"}},{"type":"Feature","geometry":{"type":"Point","coordinates":[139.706242,35.668811]},"properties":{"name":"#FR2","category":"shop:clothes"}},{"type":"Feature","geometry":{"type":"Point","coordinates":[139.708727,35.666097]},"properties":{"name":"Bubó","category":"amenity:cafe"}},{"type":"Feature","geometry":{"type":"Point","coordinates":[139.706283,35.669394]},"properties":{"name":"てんや","category":"amenity:fast_food"}},{"type":"Feature","geometry":{"type":"Point","coordinates":[139.70669,35.668108]},"properties":{"name":"Bakery café 426","category":"shop:bakery"}},{"type":"Feature","geometry":{"type":"Point","coordinates":[139.705264,35.671061]},"properties":{"name":"Tonkatsu shotaro","category":"amenity:fast_food"}},{"type":"Feature","geometry":{"type":"Point","coordinates":[139.703483,35.671574]},"properties":{"name":"マクドナルド","category":"amenity:fast_food","level":"0"}},{"type":"Feature","geometry":{"type":"Point","coordinates":[139.706943,35.67011]},"properties":{"name":"ムラサキスポーツ","category":"shop:sports"}},{"type":"Feature","geometry":{"type":"Point","coordinates":[139.70655,35.670242]},"properties":{"name":"Santa Monica crepes","category":"amenity:cafe"}},{"type":"Feature","geometry":{"type":"Point","coordinates":[139.706334,35.669943]},"properties":{"name":"Kebab Box J","category":"amenity:fast_food"}},{"type":"Feature","geometry":{"type":"Point","coordinates":[139.705059,35.671044]},"properties":{"name":"Burlesque","category":"shop:clothes"}},{"type":"Feature","geometry":{"type":"Point","coordinates":[139.703276,35.671494]},"properties":{"name":"Wolfgang Puck","category":"amenity:restaurant"}},{"type":"Feature","geometry":{"type":"Point","coordinates":[139.703359,35.664608]},"properties":{"name":"Rainbow spectrum","category":"shop:variety_store"}},{"type":"Feature","geometry":{"type":"Point","coordinates":[139.702485,35.660912]},"properties":{"name":"ココロゴトcafe","category":"amenity:cafe"}},{"type":"Feature","geometry":{"type":"Point","coordinates":[139.702686,35.663199]},"properties":{"name":"ファミリーマート","category":"shop:convenience"}},{"type":"Feature","geometry":{"type":"Point","coordinates":[139.703899,35.665405]},"properties":{"name":"Micasadeco & cafe","category":"amenity:cafe"}},{"type":"Feature","geometry":{"type":"Point","coordinates":[139.702645,35.662984]},"properties":{"name":"Cat street café","category":"amenity:cafe"}},{"type":"Feature","geometry":{"type":"Point","coordinates":[139.703707,35.665054]},"properties":{"name":"Helly Hansen","category":"shop:clothes"}},{"type":"Feature","geometry":{"type":"Point","coordinates":[139.704565,35.671342]},"properties":{"name":"Le Shiner","category":"amenity:cafe"}},{"type":"Feature","geometry":{"type":"Point","coordinates":[139.704471,35.661093]},"properties":{"name":"ナチュラルローソン","category":"shop:convenience"}},{"type":"Feature","geometry":{"type":"Point","coordinates":[139.697952,35.661097]},"properties":{"name":"atmos","category":"shop:clothes"}},{"type":"Feature","geometry":{"type":"Point","coordinates":[139.709981,35.665694]},"properties":{"name":"JEAN CLAUDE BIGUINE","category":"shop:clothes"}},{"type":"Feature","geometry":{"type":"Point","coordinates":[139.710756,35.665701]},"properties":{"name":"Emporia Armani Cafe","category":"amenity:cafe","level":"0"}},{"type":"Feature","geometry":{"type":"Point","coordinates":[139.710601,35.665754]},"properties":{"name":"Alexander McQueen","category":"shop:clothes","level":"0"}},{"type":"Feature","geometry":{"type":"Point","coordinates":[139.709982,35.664415]},"properties":{"name":"クール","category":"shop:confectionery"}},{"type":"Feature","geometry":{"type":"Point","coordinates":[139.709928,35.664366]},"properties":{"name":"No.2 Longing House","category":"amenity:restaurant","level":"0"}},{"type":"Feature","geometry":{"type":"Point","coordinates":[139.710411,35.664748]},"properties":{"name":"はんなり","category":"shop:variety_store"}},{"type":"Feature","geometry":{"type":"Point","coordinates":[139.709849,35.665061]},"properties":{"name":"MBT","category":"shop:sports"}},{"type":"Feature","geometry":{"type":"Point","coordinates":[139.709732,35.665115]},"properties":{"name":"琥珀サロン","category":"shop:jewelry","level":"0"}},{"type":"Feature","geometry":{"type":"Point","coordinates":[139.709693,35.665352]},"properties":{"name":"ファミリーマート","category":"shop:convenience"}},{"type":"Feature","geometry":{"type":"Point","coordinates":[139.709459,35.663504]},"properties":{"name":"Globes","category":"shop:hairdresser","level":"1"}},{"type":"Feature","geometry":{"type":"Point","coordinates":[139.709713,35.663801]},"properties":{"name":"鮨みもと","category":"amenity:restaurant"}},{"type":"Feature","geometry":{"type":"Point","coordinates":[139.709634,35.663436]},"properties":{"name":"ナカヤス","category":"amenity:bar"}},{"type":"Feature","geometry":{"type":"Point","coordinates":[139.70975,35.663382]},"properties":{"name":"キッチン立吉","category":"amenity:restaurant"}},{"type":"Feature","geometry":{"type":"Point","coordinates":[139.709808,35.663343]},"properties":{"name":"トラットリア オゼール","category":"amenity:restaurant","level":"0;1"}},{"type":"Feature","geometry":{"type":"Point","coordinates":[139.709868,35.663276]},"properties":{"name":"乙女美容院","category":"shop:hairdresser","level":"1"}},{"type":"Feature","geometry":{"type":"Point","coordinates":[139.710072,35.663156]},"properties":{"name":"博多もつ鍋 山笙","category":"amenity:pub","level":"0"}},{"type":"Feature","geometry":{"type":"Point","coordinates":[139.709896,35.663784]},"properties":{"name":"Lewin","category":"shop:hairdresser"}},{"type":"Feature","geometry":{"type":"Point","coordinates":[139.709958,35.664034]},"properties":{"name":"Luce","category":"shop:hairdresser","level":"0"}},{"type":"Feature","geometry":{"type":"Point","coordinates":[139.70948,35.663522]},"properties":{"name":"Sabon","category":"shop:cosmetics","level":"0"}},{"type":"Feature","geometry":{"type":"Point","coordinates":[139.710402,35.664721]},"properties":{"name":"Tagli Arte","category":"shop:tailor","level":"0"}},{"type":"Feature","geometry":{"type":"Point","coordinates":[139.709605,35.665]},"properties":{"name":"HUYGENS","category":"shop:cosmetics"}},{"type":"Feature","geometry":{"type":"Point","coordinates":[139.710001,35.665179]},"properties":{"name":"ムーラ","category":"shop:variety_store","level":"0"}},{"type":"Feature","geometry":{"type":"Point","coordinates":[139.710215,35.664811]},"properties":{"name":"artipur COTTAGE","category":"shop:furniture","level":"0"}},{"type":"Feature","geometry":{"type":"Point","coordinates":[139.710253,35.664798]},"properties":{"name":"GoodWill","category":"shop:variety_store","level":"0"}},{"type":"Feature","geometry":{"type":"Point","coordinates":[139.710106,35.665115]},"properties":{"name":"SuginoKo","category":"amenity:restaurant","level":"2"}},{"type":"Feature","geometry":{"type":"Point","coordinates":[139.709783,35.665503]},"properties":{"name":"DeLongi","category":"amenity:cafe"}},{"type":"Feature","geometry":{"type":"Point","coordinates":[139.709974,35.6632]},"properties":{"name":"New Balance","category":"shop:shoes"}},{"type":"Feature","geometry":{"type":"Point","coordinates":[139.709199,35.663734]},"properties":{"name":"灘屋総本店","category":"shop:beverages"}},{"type":"Feature","geometry":{"type":"Point","coordinates":[139.709305,35.663692]},"properties":{"name":"大文字","category":"shop:variety_store"}},{"type":"Feature","geometry":{"type":"Point","coordinates":[139.709436,35.663588]},"properties":{"name":"蓬莱","category":"amenity:restaurant"}},{"type":"Feature","geometry":{"type":"Point","coordinates":[139.709396,35.663611]},"properties":{"name":"G.BOAT","category":"shop:furniture"}},{"type":"Feature","geometry":{"type":"Point","coordinates":[139.709539,35.663456]},"properties":{"name":"Vivienne Westwood","category":"shop:clothes","level":"0"}},{"type":"Feature","geometry":{"type":"Point","coordinates":[139.709974,35.66374]},"properties":{"name":"スマートネイル","category":"shop:beauty"}},{"type":"Feature","geometry":{"type":"Point","coordinates":[139.709762,35.663866]},"properties":{"name":"marinate","category":"shop:hairdresser"}},{"type":"Feature","geometry":{"type":"Point","coordinates":[139.70997,35.664102]},"properties":{"name":"SUZURAN","category":"shop:massage"}},{"type":"Feature","geometry":{"type":"Point","coordinates":[139.710076,35.66302]},"properties":{"name":"Spain Bar EL VUELO","category":"amenity:bar","level":"1"}},{"type":"Feature","geometry":{"type":"Point","coordinates":[139.710158,35.663086]},"properties":{"name":"ねぎし","category":"amenity:restaurant","level":"1"}},{"type":"Feature","geometry":{"type":"Point","coordinates":[139.710399,35.663302]},"properties":{"name":"マツモトキヨシ","category":"shop:chemist"}},{"type":"Feature","geometry":{"type":"Point","coordinates":[139.71028,35.66321]},"properties":{"name":"Blenz Coffee","category":"amenity:cafe"}},{"type":"Feature","geometry":{"type":"Point","coordinates":[139.710606,35.662805]},"properties":{"name":"西洋美術 寿屋","category":"shop:art","level":"2"}},{"type":"Feature","geometry":{"type":"Point","coordinates":[139.710703,35.662822]},"properties":{"name":"Quiche Yoroizuka","category":"amenity:restaurant"}},{"type":"Feature","geometry":{"type":"Point","coordinates":[139.706566,35.66084]},"properties":{"name":"おむすび権米衛","category":"amenity:fast_food"}},{"type":"Feature","geometry":{"type":"Point","coordinates":[139.706711,35.660907]},"properties":{"name":"青山帽子店","category":"shop:clothes"}},{"type":"Feature","geometry":{"type":"Point","coordinates":[139.707285,35.660721]},"properties":{"name":"ばくだん屋","category":"amenity:restaurant","level":"0"}},{"type":"Feature","geometry":{"type":"Point","coordinates":[139.707355,35.660769]},"properties":{"name":"トゥッタイタリア","category":"amenity:restaurant","level":"0"}},{"type":"Feature","geometry":{"type":"Point","coordinates":[139.707218,35.660673]},"properties":{"name":"ファミリーマート","category":"shop:convenience"}},{"type":"Feature","geometry":{"type":"Point","coordinates":[139.707499,35.660885]},"properties":{"name":"いきなり！ステーキ","category":"amenity:restaurant"}},{"type":"Feature","geometry":{"type":"Point","coordinates":[139.707736,35.660899]},"properties":{"name":"精陽軒","category":"amenity:restaurant"}},{"type":"Feature","geometry":{"type":"Point","coordinates":[139.707591,35.660885]},"properties":{"name":"ステラおばさんのクッキー","category":"shop:confectionery"}},{"type":"Feature","geometry":{"type":"Point","coordinates":[139.707736,35.661009]},"properties":{"name":"MALAIKA","category":"shop:clothes","level":"0"}},{"type":"Feature","geometry":{"type":"Point","coordinates":[139.707986,35.661154]},"properties":{"name":"Tom Dixon","category":"shop:furniture"}},{"type":"Feature","geometry":{"type":"Point","coordinates":[139.710027,35.663062]},"properties":{"name":"Simpliee NAIL & EYELASH","category":"shop:beauty","level":"6"}},{"type":"Feature","geometry":{"type":"Point","coordinates":[139.710043,35.663054]},"properties":{"name":"BAR AOYAMA R40","category":"amenity:bar","level":"5"}},{"type":"Feature","geometry":{"type":"Point","coordinates":[139.710083,35.663002]},"properties":{"name":"P's-first","category":"shop:pet","level":"0"}},{"type":"Feature","geometry":{"type":"Point","coordinates":[139.710089,35.66298]},"properties":{"name":"HAIR powder","category":"shop:hairdresser","level":"-1"}},{"type":"Feature","geometry":{"type":"Point","coordinates":[139.710153,35.663105]},"properties":{"name":"LIQUORS","category":"shop:beverages","level":"0"}},{"type":"Feature","geometry":{"type":"Point","coordinates":[139.710187,35.663091]},"properties":{"name":"Cafe & bar noi","category":"amenity:bar","level":"-1"}},{"type":"Feature","geometry":{"type":"Point","coordinates":[139.707487,35.661479]},"properties":{"name":"アクセア","category":"shop:copyshop","level":"0;1"}},{"type":"Feature","geometry":{"type":"Point","coordinates":[139.707646,35.661498]},"properties":{"name":"アオヤマケンネル","category":"shop:pet"}},{"type":"Feature","geometry":{"type":"Point","coordinates":[139.705753,35.670666]},"properties":{"name":"hakata yamadaya","category":"shop:yes"}},{"type":"Feature","geometry":{"type":"Point","coordinates":[139.705866,35.670744]},"properties":{"name":"cos:mura","category":"shop:yes"}},{"type":"Feature","geometry":{"type":"Point","coordinates":[139.698645,35.661547]},"properties":{"name":"BAPE STORE","category":"shop:clothes"}},{"type":"Feature","geometry":{"type":"Point","coordinates":[139.70617,35.660601]},"properties":{"name":"MARY QUANT","category":"shop:clothes"}},{"type":"Feature","geometry":{"type":"Point","coordinates":[139.706264,35.660631]},"properties":{"name":"ファミリーマート","category":"shop:convenience"}},{"type":"Feature","geometry":{"type":"Point","coordinates":[139.706573,35.660822]},"properties":{"name":"仲野整體","category":"shop:massage","level":"2"}},{"type":"Feature","geometry":{"type":"Point","coordinates":[139.707314,35.660702]},"properties":{"name":"AGA","category":"amenity:restaurant","level":"-1"}},{"type":"Feature","geometry":{"type":"Point","coordinates":[139.707241,35.660643]},"properties":{"name":"マレーシアダイニング","category":"amenity:restaurant","level":"1"}},{"type":"Feature","geometry":{"type":"Point","coordinates":[139.707266,35.660628]},"properties":{"name":"allys hair","category":"shop:hairdresser","level":"2"}},{"type":"Feature","geometry":{"type":"Point","coordinates":[139.707353,35.660787]},"properties":{"name":"Colabo Cafe","category":"amenity:cafe"}},{"type":"Feature","geometry":{"type":"Point","coordinates":[139.707317,35.660774]},"properties":{"name":"はるいち","category":"amenity:restaurant","level":"-1"}},{"type":"Feature","geometry":{"type":"Point","coordinates":[139.707431,35.660808]},"properties":{"name":"Desigual","category":"shop:clothes","level":"1"}},{"type":"Feature","geometry":{"type":"Point","coordinates":[139.707515,35.660845]},"properties":{"name":"El Castellano","category":"amenity:restaurant","level":"1"}},{"type":"Feature","geometry":{"type":"Point","coordinates":[139.70747,35.660862]},"properties":{"name":"Tee-Tee","category":"amenity:cafe","level":"0"}},{"type":"Feature","geometry":{"type":"Point","coordinates":[139.706781,35.660948]},"properties":{"name":"善美堂","category":"shop:stationery","level":"0"}},{"type":"Feature","geometry":{"type":"Point","coordinates":[139.706751,35.660927]},"properties":{"name":"中村書店","category":"shop:books","level":"0"}},{"type":"Feature","geometry":{"type":"Point","coordinates":[139.707137,35.660604]},"properties":{"name":"スリムビューティハウス","category":"shop:beauty"}},{"type":"Feature","geometry":{"type":"Point","coordinates":[139.706533,35.66084]},"properties":{"name":"FLOW","category":"shop:hairdresser","level":"1"}},{"type":"Feature","geometry":{"type":"Point","coordinates":[139.706736,35.660967]},"properties":{"name":"青山通り接骨院","category":"shop:massage","level":"1"}},{"type":"Feature","geometry":{"type":"Point","coordinates":[139.706325,35.660663]},"properties":{"name":"もうやんカレー","category":"amenity:restaurant","level":"0"}},{"type":"Feature","geometry":{"type":"Point","coordinates":[139.706762,35.660366]},"properties":{"name":"美醤","category":"amenity:restaurant","level":"0"}},{"type":"Feature","geometry":{"type":"Point","coordinates":[139.706829,35.660366]},"properties":{"name":"LiQumu","category":"amenity:cafe","level":"0"}},{"type":"Feature","geometry":{"type":"Point","coordinates":[139.706833,35.660429]},"properties":{"name":"モーハウス","category":"shop:clothes"}},{"type":"Feature","geometry":{"type":"Point","coordinates":[139.701997,35.659698]},"properties":{"name":"アイフル","category":"shop:money_lender","level":"7"}},{"type":"Feature","geometry":{"type":"Point","coordinates":[139.702012,35.659673]},"properties":{"name":"セントラル","category":"shop:money_lender","level":"5"}},{"type":"Feature","geometry":{"type":"Point","coordinates":[139.701998,35.659719]},"properties":{"name":"アコム","category":"shop:money_lender","level":"4"}},{"type":"Feature","geometry":{"type":"Point","coordinates":[139.702961,35.659468]},"properties":{"name":"ミス・パリ","category":"shop:beauty"}},{"type":"Feature","geometry":{"type":"Point","coordinates":[139.703699,35.659975]},"properties":{"name":"安安","category":"amenity:restaurant","level":"1"}},{"type":"Feature","geometry":{"type":"Point","coordinates":[139.703811,35.660103]},"properties":{"name":"nAdesico nail salon","category":"shop:beauty","level":"7"}},{"type":"Feature","geometry":{"type":"Point","coordinates":[139.70382,35.660137]},"properties":{"name":"アリランリラクゼーション","category":"shop:massage","level":"5"}},{"type":"Feature","geometry":{"type":"Point","coordinates":[139.703855,35.660012]},"properties":{"name":"Relaxation Salon REX","category":"shop:massage","level":"4"}},{"type":"Feature","geometry":{"type":"Point","coordinates":[139.703825,35.660076]},"properties":{"name":"miel hair","category":"shop:hairdresser","level":"3"}},{"type":"Feature","geometry":{"type":"Point","coordinates":[139.703827,35.660106]},"properties":{"name":"MUSEE PLATINUM","category":"shop:beauty","level":"3"}},{"type":"Feature","geometry":{"type":"Point","coordinates":[139.70385,35.66006]},"properties":{"name":"串だおれ","category":"amenity:pub","level":"1"}},{"type":"Feature","geometry":{"type":"Point","coordinates":[139.703912,35.659968]},"properties":{"name":"Hemelミヤマス","category":"amenity:bar"}},{"type":"Feature","geometry":{"type":"Point","coordinates":[139.703882,35.66]},"properties":{"name":"コンタクトのアイシティ","category":"shop:medical_supply","level":"0"}},{"type":"Feature","geometry":{"type":"Point","coordinates":[139.703881,35.654749]},"properties":{"name":"空野","category":"amenity:restaurant"}},{"type":"Feature","geometry":{"type":"Point","coordinates":[139.715801,35.66296]},"properties":{"name":"Converse Tokyo","category":"shop:gift"}},{"type":"Feature","geometry":{"type":"Point","coordinates":[139.700432,35.660276]},"properties":{"name":"回し寿司活","category":"amenity:restaurant","level":"7"}},{"type":"Feature","geometry":{"type":"Point","coordinates":[139.698021,35.657328]},"properties":{"name":"らーめんはやし","category":"amenity:restaurant","level":"0"}},{"type":"Feature","geometry":{"type":"Point","coordinates":[139.701542,35.659988]},"properties":{"name":"のんべい横丁","category":"amenity:bar"}},{"type":"Feature","geometry":{"type":"Point","coordinates":[139.709307,35.649232]},"properties":{"name":"Track","category":"amenity:bar","level":"0"}},{"type":"Feature","geometry":{"type":"Point","coordinates":[139.694927,35.646436]},"properties":{"name":"ローソン","category":"shop:convenience","level":"1"}},{"type":"Feature","geometry":{"type":"Point","coordinates":[139.705402,35.670835]},"properties":{"name":"Sanrio","category":"shop:gift"}},{"type":"Feature","geometry":{"type":"Point","coordinates":[139.712305,35.664404]},"properties":{"name":"ZARA","category":"shop:variety_store"}},{"type":"Feature","geometry":{"type":"Point","coordinates":[139.705684,35.646465]},"properties":{"name":"Kintan","category":"amenity:restaurant"}},{"type":"Feature","geometry":{"type":"Point","coordinates":[139.704989,35.646245]},"properties":{"name":"サカナズキ","category":"amenity:pub"}},{"type":"Feature","geometry":{"type":"Point","coordinates":[139.714346,35.665593]},"properties":{"name":"中西","category":"amenity:pub"}},{"type":"Feature","geometry":{"type":"Point","coordinates":[139.709605,35.662744]},"properties":{"name":"ピエールエルメパリ","category":"amenity:cafe"}},{"type":"Feature","geometry":{"type":"Point","coordinates":[139.691844,35.6665]},"properties":{"name":"ミュゼドゥショコラテオブロマ","category":"amenity:cafe"}},{"type":"Feature","geometry":{"type":"Point","coordinates":[139.692246,35.665991]},"properties":{"name":"マルエツ","category":"shop:supermarket"}},{"type":"Feature","geometry":{"type":"Point","coordinates":[139.703205,35.671422]},"properties":{"name":"Five G Music Technology","category":"shop:musical_instrument"}},{"type":"Feature","geometry":{"type":"Point","coordinates":[139.691851,35.665984]},"properties":{"name":"ahiru store","category":"shop:alcohol"}},{"type":"Feature","geometry":{"type":"Point","coordinates":[139.705287,35.66803]},"properties":{"name":"WEGO","category":"shop:vacant"}},{"type":"Feature","geometry":{"type":"Point","coordinates":[139.710014,35.64843]},"properties":{"name":"essencecafé","category":"amenity:cafe"}},{"type":"Feature","geometry":{"type":"Point","coordinates":[139.704373,35.64634]},"properties":{"name":"コルシカ","category":"amenity:restaurant"}},{"type":"Feature","geometry":{"type":"Point","coordinates":[139.704155,35.671033]},"properties":{"name":"素楽庵","category":"amenity:restaurant","level":"0"}},{"type":"Feature","geometry":{"type":"Point","coordinates":[139.707965,35.669116]},"properties":{"name":"Bio Okiyan cafe","category":"amenity:cafe"}},{"type":"Feature","geometry":{"type":"Point","coordinates":[139.709011,35.669852]},"properties":{"name":"Erostika","category":"shop:erotic"}},{"type":"Feature","geometry":{"type":"Point","coordinates":[139.709547,35.665873]},"properties":{"name":"Cafe Valmuer","category":"amenity:cafe"}},{"type":"Feature","geometry":{"type":"Point","coordinates":[139.704837,35.67149]},"properties":{"name":"スマイルジャンキー","category":"amenity:cafe"}},{"type":"Feature","geometry":{"type":"Point","coordinates":[139.704351,35.669914]},"properties":{"name":"Hasselblad","category":"shop:electronics"}},{"type":"Feature","geometry":{"type":"Point","coordinates":[139.705627,35.669636]},"properties":{"name":"まさや","category":"amenity:restaurant"}},{"type":"Feature","geometry":{"type":"Point","coordinates":[139.70434,35.667221]},"properties":{"name":"マモケバブ","category":"amenity:fast_food"}},{"type":"Feature","geometry":{"type":"Point","coordinates":[139.704191,35.667115]},"properties":{"name":"Teddy's Bigger Burgers","category":"amenity:fast_food"}},{"type":"Feature","geometry":{"type":"Point","coordinates":[139.703723,35.665858]},"properties":{"name":"パンコントママ","category":"amenity:restaurant","level":"1"}},{"type":"Feature","geometry":{"type":"Point","coordinates":[139.702437,35.665498]},"properties":{"name":"Binowa Cafe","category":"amenity:cafe"}},{"type":"Feature","geometry":{"type":"Point","coordinates":[139.707321,35.67081]},"properties":{"name":"すき家","category":"amenity:fast_food"}},{"type":"Feature","geometry":{"type":"Point","coordinates":[139.7003,35.659832]},"properties":{"name":"TSUTAYA","category":"shop:video"}},{"type":"Feature","geometry":{"type":"Point","coordinates":[139.700269,35.662409]},"properties":{"name":"TGI Fridays","category":"amenity:restaurant"}},{"type":"Feature","geometry":{"type":"Point","coordinates":[139.700987,35.662316]},"properties":{"name":"Guzman y Gomez","category":"amenity:fast_food"}},{"type":"Feature","geometry":{"type":"Point","coordinates":[139.700624,35.662935]},"properties":{"name":"nude trump","category":"shop:clothes"}},{"type":"Feature","geometry":{"type":"Point","coordinates":[139.707172,35.665197]},"properties":{"name":"amore vintage","category":"shop:clothes"}},{"type":"Feature","geometry":{"type":"Point","coordinates":[139.707074,35.667438]},"properties":{"name":"Chanel","category":"shop:clothes"}},{"type":"Feature","geometry":{"type":"Point","coordinates":[139.699653,35.65988]},"properties":{"name":"ヴィレッジヴァンガード","category":"shop:toys"}},{"type":"Feature","geometry":{"type":"Point","coordinates":[139.711451,35.662528]},"properties":{"name":"つたや","category":"shop:florist"}},{"type":"Feature","geometry":{"type":"Point","coordinates":[139.715935,35.662859]},"properties":{"name":"Issey Miyaki Reality Lab","category":"shop:clothes"}},{"type":"Feature","geometry":{"type":"Point","coordinates":[139.706157,35.669112]},"properties":{"name":"Kinji thrift shop","category":"shop:clothes"}},{"type":"Feature","geometry":{"type":"Point","coordinates":[139.704556,35.66551]},"properties":{"name":"Unfollow","category":"shop:clothes"}},{"type":"Feature","geometry":{"type":"Point","coordinates":[139.697737,35.65967]},"properties":{"name":"Kushiyaki Bistro Fukumimi","category":"amenity:pub"}},{"type":"Feature","geometry":{"type":"Point","coordinates":[139.697279,35.658883]},"properties":{"name":"Han No Daidokoro Kadochika","category":"amenity:restaurant"}},{"type":"Feature","geometry":{"type":"Point","coordinates":[139.699287,35.663688]},"properties":{"name":"Koa Pancake House Shibuya","category":"amenity:cafe"}},{"type":"Feature","geometry":{"type":"Point","coordinates":[139.706138,35.669159]},"properties":{"name":"Roast Beef Ono","category":"amenity:restaurant"}},{"type":"Feature","geometry":{"type":"Point","coordinates":[139.705319,35.670912]},"properties":{"name":"Zaku Zaku cream puff","category":"shop:confectionery"}},{"type":"Feature","geometry":{"type":"Point","coordinates":[139.704198,35.671455]},"properties":{"name":"Kin no Torikara","category":"amenity:fast_food"}},{"type":"Feature","geometry":{"type":"Point","coordinates":[139.708,35.648839]},"properties":{"name":"Bar Triad","category":"amenity:bar"}},{"type":"Feature","geometry":{"type":"Point","coordinates":[139.704445,35.653303]},"properties":{"name":"Habana","category":"amenity:bar"}},{"type":"Feature","geometry":{"type":"Point","coordinates":[139.697811,35.6597]},"properties":{"name":"Han No Daidokoro","category":"amenity:restaurant"}},{"type":"Feature","geometry":{"type":"Point","coordinates":[139.705016,35.660099]},"properties":{"name":"キンコーズ","category":"shop:stationery"}},{"type":"Feature","geometry":{"type":"Point","coordinates":[139.696568,35.65823]},"properties":{"name":"フレッシュネスバーガー","category":"amenity:fast_food"}},{"type":"Feature","geometry":{"type":"Point","coordinates":[139.696293,35.6579]},"properties":{"name":"ファミリーマート","category":"shop:convenience"}},{"type":"Feature","geometry":{"type":"Point","coordinates":[139.705979,35.666326]},"properties":{"name":"Adidas Originals","category":"shop:clothes"}},{"type":"Feature","geometry":{"type":"Point","coordinates":[139.71024,35.66603]},"properties":{"name":"表參道うかい亭","category":"amenity:restaurant"}},{"type":"Feature","geometry":{"type":"Point","coordinates":[139.698491,35.65849]},"properties":{"name":"Shugar Market","category":"shop:alcohol","level":"3"}},{"type":"Feature","geometry":{"type":"Point","coordinates":[139.711996,35.66815]},"properties":{"name":"Kintan","category":"amenity:restaurant"}},{"type":"Feature","geometry":{"type":"Point","coordinates":[139.7112,35.664372]},"properties":{"name":"Rituel","category":"shop:bakery"}},{"type":"Feature","geometry":{"type":"Point","coordinates":[139.712172,35.66244]},"properties":{"name":"Granny Smith","category":"amenity:cafe"}},{"type":"Feature","geometry":{"type":"Point","coordinates":[139.709805,35.663715]},"properties":{"name":"Torsys café • An Stand","category":"amenity:cafe"}},{"type":"Feature","geometry":{"type":"Point","coordinates":[139.709293,35.662743]},"properties":{"name":"Fico & Pomum Juice Cafe","category":"amenity:cafe"}},{"type":"Feature","geometry":{"type":"Point","coordinates":[139.711688,35.662706]},"properties":{"name":"Picard","category":"shop:frozen_food"}},{"type":"Feature","geometry":{"type":"Point","coordinates":[139.709196,35.662676]},"properties":{"name":"Island Vintage","category":"amenity:cafe"}},{"type":"Feature","geometry":{"type":"Point","coordinates":[139.713453,35.662453]},"properties":{"name":"Cityshop","category":"amenity:cafe"}},{"type":"Feature","geometry":{"type":"Point","coordinates":[139.710129,35.663649]},"properties":{"name":"Timeworn Clothing","category":"shop:yes"}},{"type":"Feature","geometry":{"type":"Point","coordinates":[139.709501,35.662772]},"properties":{"name":"Elle café","category":"amenity:cafe"}},{"type":"Feature","geometry":{"type":"Point","coordinates":[139.709077,35.662603]},"properties":{"name":"Luke’s lobster","category":"amenity:fast_food"}},{"type":"Feature","geometry":{"type":"Point","coordinates":[139.704721,35.667919]},"properties":{"name":"LeSportsac","category":"shop:bag"}},{"type":"Feature","geometry":{"type":"Point","coordinates":[139.703662,35.666492]},"properties":{"name":"Victorinox","category":"shop:sports"}},{"type":"Feature","geometry":{"type":"Point","coordinates":[139.704758,35.667237]},"properties":{"name":"デシグアル","category":"shop:clothes"}},{"type":"Feature","geometry":{"type":"Point","coordinates":[139.703412,35.665427]},"properties":{"name":"Gregory","category":"shop:sports"}},{"type":"Feature","geometry":{"type":"Point","coordinates":[139.703854,35.666061]},"properties":{"name":"Gaga","category":"shop:sports"}},{"type":"Feature","geometry":{"type":"Point","coordinates":[139.696813,35.661093]},"properties":{"name":"揚州商人","category":"amenity:restaurant","level":"0"}},{"type":"Feature","geometry":{"type":"Point","coordinates":[139.708199,35.669974]},"properties":{"name":"どうぶつえん","category":"amenity:cafe"}},{"type":"Feature","geometry":{"type":"Point","coordinates":[139.698983,35.659178]},"properties":{"name":"蒙古タンメン中本","category":"amenity:restaurant"}},{"type":"Feature","geometry":{"type":"Point","coordinates":[139.701483,35.664303]},"properties":{"name":"中古車の個人売買 CARNNYマーケット","category":"shop:car","level":"2"}},{"type":"Feature","geometry":{"type":"Point","coordinates":[139.70487,35.667376]},"properties":{"name":"LOCONDO","category":"shop:clothes"}},{"type":"Feature","geometry":{"type":"Point","coordinates":[139.704925,35.667474]},"properties":{"name":"The North Face","category":"shop:clothes"}},{"type":"Feature","geometry":{"type":"Point","coordinates":[139.705042,35.667676]},"properties":{"name":"CLATHAS","category":"shop:bag"}},{"type":"Feature","geometry":{"type":"Point","coordinates":[139.705057,35.66767]},"properties":{"name":"Kiehl's","category":"shop:cosmetics"}},{"type":"Feature","geometry":{"type":"Point","coordinates":[139.705167,35.667794]},"properties":{"name":"サマンサタバサ","category":"shop:bag"}},{"type":"Feature","geometry":{"type":"Point","coordinates":[139.702654,35.665218]},"properties":{"name":"ヒステリックグラマー","category":"shop:clothes"}},{"type":"Feature","geometry":{"type":"Point","coordinates":[139.703531,35.666341]},"properties":{"name":"Calvin Klein","category":"shop:clothes"}},{"type":"Feature","geometry":{"type":"Point","coordinates":[139.703587,35.666404]},"properties":{"name":"時計倉庫TOKIA","category":"shop:watches","level":"0"}},{"type":"Feature","geometry":{"type":"Point","coordinates":[139.704206,35.667255]},"properties":{"name":"Dr. Martens","category":"shop:shoes"}},{"type":"Feature","geometry":{"type":"Point","coordinates":[139.704179,35.66715]},"properties":{"name":"STUDIO-V","category":"shop:florist"}},{"type":"Feature","geometry":{"type":"Point","coordinates":[139.704183,35.667184]},"properties":{"name":"OLD HAT","category":"shop:clothes"}},{"type":"Feature","geometry":{"type":"Point","coordinates":[139.709343,35.664524]},"properties":{"name":"Umami Burger","category":"amenity:restaurant"}},{"type":"Feature","geometry":{"type":"Point","coordinates":[139.708704,35.667498]},"properties":{"name":"Golden brown","category":"amenity:restaurant"}},{"type":"Feature","geometry":{"type":"Point","coordinates":[139.7039,35.647752]},"properties":{"name":"tao","category":"shop:hairdresser"}},{"type":"Feature","geometry":{"type":"Point","coordinates":[139.698453,35.659388]},"properties":{"name":"Hooters","category":"amenity:restaurant"}},{"type":"Feature","geometry":{"type":"Point","coordinates":[139.713801,35.661646]},"properties":{"name":"Nikka Blender’s bar","category":"amenity:bar","level":"-1"}},{"type":"Feature","geometry":{"type":"Point","coordinates":[139.695565,35.65961]},"properties":{"name":"ちばから","category":"amenity:restaurant"}},{"type":"Feature","geometry":{"type":"Point","coordinates":[139.712676,35.665805]},"properties":{"name":"bamboo","category":"amenity:cafe"}},{"type":"Feature","geometry":{"type":"Point","coordinates":[139.697028,35.657877]},"properties":{"name":"Han no Daidokoro Kadochika","category":"amenity:restaurant"}},{"type":"Feature","geometry":{"type":"Point","coordinates":[139.713968,35.661562]},"properties":{"name":"Wing Club","category":"shop:toys"}},{"type":"Feature","geometry":{"type":"Point","coordinates":[139.713846,35.66527]},"properties":{"name":"Blue Bottle Coffee","category":"amenity:cafe"}},{"type":"Feature","geometry":{"type":"Point","coordinates":[139.706294,35.669109]},"properties":{"name":"WEGO","category":"shop:clothes","level":"2"}},{"type":"Feature","geometry":{"type":"Point","coordinates":[139.706371,35.670519]},"properties":{"name":"WEGO","category":"shop:clothes"}},{"type":"Feature","geometry":{"type":"Point","coordinates":[139.705874,35.669335]},"properties":{"name":"ABC-MART","category":"shop:shoes"}},{"type":"Feature","geometry":{"type":"Point","coordinates":[139.696757,35.661358]},"properties":{"name":"Outback Steakhouse","category":"amenity:restaurant","level":"1"}},{"type":"Feature","geometry":{"type":"Point","coordinates":[139.696806,35.661331]},"properties":{"name":"ツルハドラッグ","category":"shop:chemist","level":"0"}},{"type":"Feature","geometry":{"type":"Point","coordinates":[139.696949,35.661029]},"properties":{"name":"いきなり！ステーキ","category":"amenity:restaurant"}},{"type":"Feature","geometry":{"type":"Point","coordinates":[139.69778,35.659893]},"properties":{"name":"元祖寿司","category":"amenity:fast_food"}},{"type":"Feature","geometry":{"type":"Point","coordinates":[139.697817,35.659641]},"properties":{"name":"悟空","category":"amenity:restaurant"}},{"type":"Feature","geometry":{"type":"Point","coordinates":[139.697638,35.659258]},"properties":{"name":"209","category":"amenity:pub"}},{"type":"Feature","geometry":{"type":"Point","coordinates":[139.698611,35.658767]},"properties":{"name":"腹八分目","category":"amenity:pub"}},{"type":"Feature","geometry":{"type":"Point","coordinates":[139.698542,35.658752]},"properties":{"name":"焼き鳥センター","category":"amenity:restaurant"}},{"type":"Feature","geometry":{"type":"Point","coordinates":[139.698588,35.658623]},"properties":{"name":"モクモク","category":"amenity:restaurant"}},{"type":"Feature","geometry":{"type":"Point","coordinates":[139.703214,35.671643]},"properties":{"name":"ファミリーマート","category":"shop:convenience","level":"-1"}},{"type":"Feature","geometry":{"type":"Point","coordinates":[139.703237,35.671693]},"properties":{"name":"星乃珈琲店","category":"amenity:cafe","level":"-1"}},{"type":"Feature","geometry":{"type":"Point","coordinates":[139.709104,35.66267]},"properties":{"name":"マクドナルド","category":"amenity:fast_food"}},{"type":"Feature","geometry":{"type":"Point","coordinates":[139.699757,35.662223]},"properties":{"name":"J.S. BURGERS CAFE","category":"amenity:restaurant","level":"1"}},{"type":"Feature","geometry":{"type":"Point","coordinates":[139.700964,35.659775]},"properties":{"name":"FATBURGER","category":"amenity:restaurant","level":"6"}},{"type":"Feature","geometry":{"type":"Point","coordinates":[139.702942,35.671748]},"properties":{"name":"The Parfait Stand","category":"amenity:fast_food"}},{"type":"Feature","geometry":{"type":"Point","coordinates":[139.702173,35.646462]},"properties":{"name":"Perch","category":"amenity:cafe","level":"0"}},{"type":"Feature","geometry":{"type":"Point","coordinates":[139.7082,35.65744]},"properties":{"name":"TSUBAKI GARDEN","category":"amenity:restaurant"}},{"type":"Feature","geometry":{"type":"Point","coordinates":[139.705561,35.668157]},"properties":{"name":"Brook's ME-BYO cafe","category":"amenity:restaurant"}},{"type":"Feature","geometry":{"type":"Point","coordinates":[139.705068,35.656237]},"properties":{"name":"渋谷サンスイPart1","category":"shop:outdoor"}},{"type":"Feature","geometry":{"type":"Point","coordinates":[139.704893,35.656345]},"properties":{"name":"サンスイ 渋谷店 Part 2 ","category":"shop:outdoor"}},{"type":"Feature","geometry":{"type":"Point","coordinates":[139.706823,35.666094]},"properties":{"name":"Shinya’s Coffee and Ice Cream","category":"amenity:cafe"}},{"type":"Feature","geometry":{"type":"Point","coordinates":[139.698877,35.662879]},"properties":{"name":"渋谷公園通り店 買取フロア","category":"shop:pawnbroker"}},{"type":"Feature","geometry":{"type":"Point","coordinates":[139.70493,35.656326]},"properties":{"name":"サンスイ 渋谷店 Part 2","category":"shop:outdoor"}},{"type":"Feature","geometry":{"type":"Point","coordinates":[139.699569,35.657994]},"properties":{"name":"楠本商店","category":"shop:pawnbroker"}},{"type":"Feature","geometry":{"type":"Point","coordinates":[139.698314,35.660169]},"properties":{"name":"大黒屋","category":"shop:pawnbroker","level":"-1;0;1;2;3"}},{"type":"Feature","geometry":{"type":"Point","coordinates":[139.697615,35.660418]},"properties":{"name":"KOMEHYO (コメ兵) 買取センター渋谷","category":"shop:pawnbroker","level":"0;1"}},{"type":"Feature","geometry":{"type":"Point","coordinates":[139.695674,35.662184]},"properties":{"name":"ØL by Oslo Brewing Co.","category":"amenity:bar"}},{"type":"Feature","geometry":{"type":"Point","coordinates":[139.692371,35.665516]},"properties":{"name":"Coffee Supreme","category":"amenity:cafe"}},{"type":"Feature","geometry":{"type":"Point","coordinates":[139.694958,35.647368]},"properties":{"name":"香家","category":"amenity:restaurant"}},{"type":"Feature","geometry":{"type":"Point","coordinates":[139.695071,35.647299]},"properties":{"name":"俺流塩らーめん","category":"amenity:fast_food"}},{"type":"Feature","geometry":{"type":"Point","coordinates":[139.701036,35.648851]},"properties":{"name":"Eluminta","category":"shop:clothes"}},{"type":"Feature","geometry":{"type":"Point","coordinates":[139.697966,35.657097]},"properties":{"name":"T. T. KOKUSAI スポーツ","category":"shop:sports"}},{"type":"Feature","geometry":{"type":"Point","coordinates":[139.697936,35.65715]},"properties":{"name":"La mama Shibuya","category":"amenity:bar"}},{"type":"Feature","geometry":{"type":"Point","coordinates":[139.702825,35.660487]},"properties":{"name":"幸ちゃん","category":"amenity:bar"}},{"type":"Feature","geometry":{"type":"Point","coordinates":[139.698965,35.661426]},"properties":{"name":"Bio café","category":"amenity:restaurant"}},{"type":"Feature","geometry":{"type":"Point","coordinates":[139.705746,35.667254]},"properties":{"name":"Café Ronron","category":"amenity:cafe"}},{"type":"Feature","geometry":{"type":"Point","coordinates":[139.705149,35.653536]},"properties":{"name":"Pizza Slice","category":"amenity:restaurant"}},{"type":"Feature","geometry":{"type":"Point","coordinates":[139.698945,35.645884]},"properties":{"name":"Aobaya","category":"amenity:cafe"}},{"type":"Feature","geometry":{"type":"Point","coordinates":[139.698087,35.660727]},"properties":{"name":"渋谷餃子","category":"amenity:restaurant","level":"1"}},{"type":"Feature","geometry":{"type":"Point","coordinates":[139.699149,35.657557]},"properties":{"name":"Wailele","category":"amenity:pub"}},{"type":"Feature","geometry":{"type":"Point","coordinates":[139.712849,35.665079]},"properties":{"name":"le Conte","category":"amenity:restaurant"}},{"type":"Feature","geometry":{"type":"Point","coordinates":[139.700158,35.66123]},"properties":{"name":"バルバッコアグリル渋谷","category":"amenity:restaurant","level":"6"}},{"type":"Feature","geometry":{"type":"Point","coordinates":[139.704227,35.667228]},"properties":{"name":"藤乃","category":"amenity:restaurant"}},{"type":"Feature","geometry":{"type":"Point","coordinates":[139.704245,35.667405]},"properties":{"name":"ローソン","category":"shop:convenience"}},{"type":"Feature","geometry":{"type":"Point","coordinates":[139.704091,35.667001]},"properties":{"name":"ピッツェリア カンテラ","category":"amenity:restaurant"}},{"type":"Feature","geometry":{"type":"Point","coordinates":[139.704138,35.668392]},"properties":{"name":"Eatrip","category":"amenity:restaurant"}},{"type":"Feature","geometry":{"type":"Point","coordinates":[139.708003,35.668816]},"properties":{"name":"Cafe Apeach","category":"amenity:cafe"}},{"type":"Feature","geometry":{"type":"Point","coordinates":[139.694761,35.66284]},"properties":{"name":"Uplink 渋谷","category":"amenity:cafe"}},{"type":"Feature","geometry":{"type":"Point","coordinates":[139.704404,35.668062]},"properties":{"name":"エコファームカフェ６３２","category":"amenity:restaurant"}},{"type":"Feature","geometry":{"type":"Point","coordinates":[139.692895,35.65565]},"properties":{"name":"Fukuro Cafe Hoot Hoot","category":"shop:pet"}},{"type":"Feature","geometry":{"type":"Point","coordinates":[139.705268,35.667837]},"properties":{"name":"Snake Center Café","category":"shop:pet"}},{"type":"Feature","geometry":{"type":"Point","coordinates":[139.707536,35.649248]},"properties":{"name":"We are the farm","category":"amenity:restaurant"}},{"type":"Feature","geometry":{"type":"Point","coordinates":[139.708971,35.662847]},"properties":{"name":"焼肉 富士家 青山店","category":"amenity:restaurant"}},{"type":"Feature","geometry":{"type":"Point","coordinates":[139.699092,35.660296]},"properties":{"name":"こてがえし","category":"amenity:restaurant","level":"4;5"}},{"type":"Feature","geometry":{"type":"Point","coordinates":[139.70026,35.66214]},"properties":{"name":"J.S. pancake","category":"amenity:cafe"}},{"type":"Feature","geometry":{"type":"Point","coordinates":[139.712283,35.668514]},"properties":{"name":"Chavaty","category":"amenity:cafe"}},{"type":"Feature","geometry":{"type":"Point","coordinates":[139.711102,35.667445]},"properties":{"name":"山笑う","category":"amenity:restaurant"}},{"type":"Feature","geometry":{"type":"Point","coordinates":[139.712621,35.66815]},"properties":{"name":"Mumu mozzarella","category":"amenity:restaurant"}},{"type":"Feature","geometry":{"type":"Point","coordinates":[139.711171,35.666722]},"properties":{"name":"Homibing","category":"amenity:cafe"}},{"type":"Feature","geometry":{"type":"Point","coordinates":[139.69081,35.657171]},"properties":{"name":"Kuumba du falafel","category":"amenity:restaurant"}},{"type":"Feature","geometry":{"type":"Point","coordinates":[139.693312,35.647018]},"properties":{"name":"サン・コピーセンター","category":"shop:yes"}},{"type":"Feature","geometry":{"type":"Point","coordinates":[139.693484,35.647281]},"properties":{"name":"どさん子","category":"amenity:restaurant"}},{"type":"Feature","geometry":{"type":"Point","coordinates":[139.69352,35.64732]},"properties":{"name":"鰻川京","category":"amenity:restaurant"}},{"type":"Feature","geometry":{"type":"Point","coordinates":[139.69359,35.647403]},"properties":{"name":"みゆき","category":"amenity:restaurant"}},{"type":"Feature","geometry":{"type":"Point","coordinates":[139.694127,35.647997]},"properties":{"name":"三共無線","category":"shop:car_parts"}},{"type":"Feature","geometry":{"type":"Point","coordinates":[139.694627,35.648527]},"properties":{"name":"雅光堂","category":"shop:craft"}},{"type":"Feature","geometry":{"type":"Point","coordinates":[139.701251,35.648908]},"properties":{"name":"STANDARD","category":"shop:yes"}},{"type":"Feature","geometry":{"type":"Point","coordinates":[139.701345,35.648835]},"properties":{"name":"B.C STOCK","category":"shop:yes"}},{"type":"Feature","geometry":{"type":"Point","coordinates":[139.701461,35.648777]},"properties":{"name":"太極堂","category":"shop:massage"}},{"type":"Feature","geometry":{"type":"Point","coordinates":[139.701506,35.648745]},"properties":{"name":"ROOTOTE","category":"shop:yes"}},{"type":"Feature","geometry":{"type":"Point","coordinates":[139.701623,35.648671]},"properties":{"name":"はいさいキッチン","category":"amenity:restaurant"}},{"type":"Feature","geometry":{"type":"Point","coordinates":[139.701709,35.648665]},"properties":{"name":"HALEO","category":"shop:yes"}},{"type":"Feature","geometry":{"type":"Point","coordinates":[139.714725,35.661209]},"properties":{"name":"木村屋","category":"shop:bakery"}},{"type":"Feature","geometry":{"type":"Point","coordinates":[139.705432,35.668993]},"properties":{"name":"セーラームーンストア","category":"shop:gift"}},{"type":"Feature","geometry":{"type":"Point","coordinates":[139.705804,35.651257]},"properties":{"name":"Garden House Crafts","category":"amenity:cafe"}},{"type":"Feature","geometry":{"type":"Point","coordinates":[139.695492,35.65699]},"properties":{"name":"Mori no toshoshitsu","category":"amenity:cafe","level":"2"}},{"type":"Feature","geometry":{"type":"Point","coordinates":[139.706369,35.666654]},"properties":{"name":"La Fée Délice","category":"amenity:cafe"}},{"type":"Feature","geometry":{"type":"Point","coordinates":[139.707993,35.669007]},"properties":{"name":"Bazzstore","category":"shop:second_hand"}},{"type":"Feature","geometry":{"type":"Point","coordinates":[139.703586,35.669097]},"properties":{"name":"Gon pachi","category":"amenity:restaurant"}},{"type":"Feature","geometry":{"type":"Point","coordinates":[139.696935,35.662538]},"properties":{"name":"Manhattan Records","category":"shop:music"}},{"type":"Feature","geometry":{"type":"Point","coordinates":[139.707867,35.659642]},"properties":{"name":"Far Yeast Tokyo","category":"amenity:bar"}},{"type":"Feature","geometry":{"type":"Point","coordinates":[139.713675,35.665279]},"properties":{"name":"choupette","category":"amenity:cafe"}},{"type":"Feature","geometry":{"type":"Point","coordinates":[139.713787,35.665251]},"properties":{"name":"Cabane de Zucca","category":"shop:clothes"}},{"type":"Feature","geometry":{"type":"Point","coordinates":[139.714037,35.665076]},"properties":{"name":"Angelina","category":"shop:jewelry"}},{"type":"Feature","geometry":{"type":"Point","coordinates":[139.712029,35.649853]},"properties":{"name":"九十九ラーメン 恵比寿本店","category":"amenity:restaurant"}},{"type":"Feature","geometry":{"type":"Point","coordinates":[139.698697,35.660233]},"properties":{"name":"桂花ラーメン 渋谷センター街店","category":"amenity:restaurant"}},{"type":"Feature","geometry":{"type":"Point","coordinates":[139.698546,35.658657]},"properties":{"name":"ラーメン王 後楽本舗","category":"amenity:restaurant"}},{"type":"Feature","geometry":{"type":"Point","coordinates":[139.706501,35.670203]},"properties":{"name":"龍の子","category":"shop:pet"}},{"type":"Feature","geometry":{"type":"Point","coordinates":[139.700186,35.65811]},"properties":{"name":"Hanamaru Udon","category":"amenity:restaurant"}},{"type":"Feature","geometry":{"type":"Point","coordinates":[139.704492,35.657194]},"properties":{"name":"はなまるうどん","category":"amenity:restaurant"}},{"type":"Feature","geometry":{"type":"Point","coordinates":[139.70661,35.66586]},"properties":{"name":"Café ON田ハウス","category":"amenity:restaurant"}},{"type":"Feature","geometry":{"type":"Point","coordinates":[139.705155,35.671141]},"properties":{"name":"Kappa Zushi Nova","category":"amenity:restaurant"}},{"type":"Feature","geometry":{"type":"Point","coordinates":[139.702826,35.659806]},"properties":{"name":"かつや","category":"amenity:fast_food"}},{"type":"Feature","geometry":{"type":"Point","coordinates":[139.697795,35.658645]},"properties":{"name":"かつや","category":"amenity:fast_food"}},{"type":"Feature","geometry":{"type":"Point","coordinates":[139.699554,35.657716]},"properties":{"name":"Torikizoku","category":"amenity:pub"}},{"type":"Feature","geometry":{"type":"Point","coordinates":[139.696883,35.658112]},"properties":{"name":"Dogenzaka Mammoth Tsukemen Ramen","category":"amenity:restaurant"}},{"type":"Feature","geometry":{"type":"Point","coordinates":[139.705563,35.668052]},"properties":{"name":"清江苑 原宿店","category":"amenity:restaurant"}},{"type":"Feature","geometry":{"type":"Point","coordinates":[139.69766,35.65958]},"properties":{"name":"Nikuya no Daidokoro Shibuya Dogenzaka","category":"amenity:restaurant"}},{"type":"Feature","geometry":{"type":"Point","coordinates":[139.701499,35.659683]},"properties":{"name":"Nikuyano Daidokoro Miyamasuzaka branch","category":"amenity:restaurant"}},{"type":"Feature","geometry":{"type":"Point","coordinates":[139.70553,35.66748]},"properties":{"name":"ジ・アレイ ルージャオシャン 表参道店","category":"amenity:cafe"}},{"type":"Feature","geometry":{"type":"Point","coordinates":[139.699241,35.658048]},"properties":{"name":"新潟カツ丼 タレカツ 渋谷店","category":"amenity:restaurant"}},{"type":"Feature","geometry":{"type":"Point","coordinates":[139.699344,35.658883]},"properties":{"name":"信州屋 渋谷店","category":"amenity:restaurant"}},{"type":"Feature","geometry":{"type":"Point","coordinates":[139.696809,35.658819]},"properties":{"name":"とりかつ チキン","category":"amenity:restaurant"}},{"type":"Feature","geometry":{"type":"Point","coordinates":[139.699509,35.658975]},"properties":{"name":"らあめん渋英","category":"amenity:restaurant"}},{"type":"Feature","geometry":{"type":"Point","coordinates":[139.6979,35.659237]},"properties":{"name":"いんでぃら","category":"amenity:restaurant","level":"-1"}},{"type":"Feature","geometry":{"type":"Point","coordinates":[139.696514,35.65814]},"properties":{"name":"カレー屋 パクパクもりもり","category":"amenity:restaurant"}},{"type":"Feature","geometry":{"type":"Point","coordinates":[139.6963,35.657201]},"properties":{"name":"カリー カイラス","category":"amenity:restaurant"}},{"type":"Feature","geometry":{"type":"Point","coordinates":[139.706102,35.669077]},"properties":{"name":"てんや","category":"amenity:fast_food"}},{"type":"Feature","geometry":{"type":"Point","coordinates":[139.696857,35.658053]},"properties":{"name":"Dogenzaka mammoth Tsukemen Ramen","category":"amenity:restaurant"}},{"type":"Feature","geometry":{"type":"Point","coordinates":[139.698392,35.659388]},"properties":{"name":"WEGO","category":"shop:clothes"}},{"type":"Feature","geometry":{"type":"Point","coordinates":[139.697794,35.658671]},"properties":{"name":"かつや","category":"amenity:fast_food"}},{"type":"Feature","geometry":{"type":"Point","coordinates":[139.697652,35.65964]},"properties":{"name":"Nikuya no Daidokoro Shibuya Dogenzaja","category":"amenity:restaurant"}},{"type":"Feature","geometry":{"type":"Point","coordinates":[139.705494,35.65591]},"properties":{"name":"Hashiya","category":"amenity:restaurant"}},{"type":"Feature","geometry":{"type":"Point","coordinates":[139.7015,35.659704]},"properties":{"name":"nikuyano daidokoro","category":"amenity:restaurant"}},{"type":"Feature","geometry":{"type":"Point","coordinates":[139.705407,35.648634]},"properties":{"name":"0831 yummy","category":"amenity:restaurant"}},{"type":"Feature","geometry":{"type":"Point","coordinates":[139.7054,35.648646]},"properties":{"name":"CAKCO","category":"shop:hairdresser"}},{"type":"Feature","geometry":{"type":"Point","coordinates":[139.707134,35.671225]},"properties":{"name":"Ripndip","category":"shop:clothes"}},{"type":"Feature","geometry":{"type":"Point","coordinates":[139.695743,35.657206]},"properties":{"name":"道玄坂バル克ツHANARE","category":"amenity:restaurant","level":"-1"}},{"type":"Feature","geometry":{"type":"Point","coordinates":[139.700447,35.662672]},"properties":{"name":"hello!","category":"amenity:cafe","level":"0"}},{"type":"Feature","geometry":{"type":"Point","coordinates":[139.70044,35.663456]},"properties":{"name":"Margaret Howell Cafe","category":"amenity:cafe","level":"0"}},{"type":"Feature","geometry":{"type":"Point","coordinates":[139.709589,35.6614]},"properties":{"name":"セブン-イレブン","category":"shop:convenience","level":"0"}},{"type":"Feature","geometry":{"type":"Point","coordinates":[139.70701,35.666795]},"properties":{"name":"Verve coffee roasters","category":"amenity:cafe"}},{"type":"Feature","geometry":{"type":"Point","coordinates":[139.71013,35.663669]},"properties":{"name":"Number A","category":"amenity:cafe"}},{"type":"Feature","geometry":{"type":"Point","coordinates":[139.70247,35.662009]},"properties":{"name":"Double tall coffee bar","category":"amenity:cafe","level":"0"}},{"type":"Feature","geometry":{"type":"Point","coordinates":[139.697276,35.662654]},"properties":{"name":"ガーリックステーキ Bullajo","category":"amenity:restaurant"}},{"type":"Feature","geometry":{"type":"Point","coordinates":[139.699293,35.65901]},"properties":{"name":"鳥竹 二丁目店","category":"amenity:bar"}},{"type":"Feature","geometry":{"type":"Point","coordinates":[139.699995,35.661759]},"properties":{"name":"大戸屋","category":"amenity:restaurant"}},{"type":"Feature","geometry":{"type":"Point","coordinates":[139.698171,35.660224]},"properties":{"name":"大戸屋","category":"amenity:restaurant","level":"-1"}},{"type":"Feature","geometry":{"type":"Point","coordinates":[139.70618,35.666895]},"properties":{"name":"Aqua Silver","category":"shop:jewelry"}},{"type":"Feature","geometry":{"type":"Point","coordinates":[139.705666,35.666312]},"properties":{"name":"Ragtag (Designer’s Brand Used Selected Shop)","category":"shop:clothes"}},{"type":"Feature","geometry":{"type":"Point","coordinates":[139.703186,35.664454]},"properties":{"name":"lëluläätikkö","category":"shop:variety_store"}},{"type":"Feature","geometry":{"type":"Point","coordinates":[139.707521,35.669168]},"properties":{"name":"ホーク","category":"shop:sports"}},{"type":"Feature","geometry":{"type":"Point","coordinates":[139.703099,35.664165]},"properties":{"name":"Arktz","category":"shop:sports"}},{"type":"Feature","geometry":{"type":"Point","coordinates":[139.703462,35.669606]},"properties":{"name":"九州じゃんがら","category":"amenity:restaurant"}},{"type":"Feature","geometry":{"type":"Point","coordinates":[139.697946,35.661264]},"properties":{"name":"焼肉ライク","category":"amenity:restaurant"}},{"type":"Feature","geometry":{"type":"Point","coordinates":[139.706744,35.660389]},"properties":{"name":"The local coffee stand","category":"amenity:cafe"}},{"type":"Feature","geometry":{"type":"Point","coordinates":[139.711241,35.661952]},"properties":{"name":"Scrop coffee roasters","category":"shop:coffee","level":"0"}},{"type":"Feature","geometry":{"type":"Point","coordinates":[139.706576,35.668431]},"properties":{"name":"Onden","category":"amenity:restaurant"}},{"type":"Feature","geometry":{"type":"Point","coordinates":[139.708256,35.66689]},"properties":{"name":"ゴクバーガー","category":"amenity:restaurant","level":"1"}},{"type":"Feature","geometry":{"type":"Point","coordinates":[139.70414,35.671137]},"properties":{"name":"ラ・ブーレット","category":"amenity:restaurant"}},{"type":"Feature","geometry":{"type":"Point","coordinates":[139.704054,35.671012]},"properties":{"name":"デプラ ポール ショコラティエ","category":"amenity:cafe","level":"1"}},{"type":"Feature","geometry":{"type":"Point","coordinates":[139.703345,35.669687]},"properties":{"name":"ドトールコーヒーショップ","category":"amenity:cafe"}},{"type":"Feature","geometry":{"type":"Point","coordinates":[139.712245,35.662852]},"properties":{"name":"Agnès B.","category":"shop:clothes"}},{"type":"Feature","geometry":{"type":"Point","coordinates":[139.706437,35.666844]},"properties":{"name":"Chop","category":"amenity:cafe","level":"0"}},{"type":"Feature","geometry":{"type":"Point","coordinates":[139.714272,35.665738]},"properties":{"name":"Maruyama Coffee","category":"amenity:cafe"}},{"type":"Feature","geometry":{"type":"Point","coordinates":[139.695956,35.646793]},"properties":{"name":"まいばすけっと","category":"shop:supermarket"}},{"type":"Feature","geometry":{"type":"Point","coordinates":[139.706306,35.66785]},"properties":{"name":"Framingo","category":"shop:yes"}},{"type":"Feature","geometry":{"type":"Point","coordinates":[139.705802,35.67053]},"properties":{"name":"Listen Flavor","category":"shop:clothes"}},{"type":"Feature","geometry":{"type":"Point","coordinates":[139.701524,35.656017]},"properties":{"name":"ルノアール","category":"amenity:cafe"}},{"type":"Feature","geometry":{"type":"Point","coordinates":[139.710257,35.649514]},"properties":{"name":"ICC コンサルタント","category":"shop:travel_agency"}},{"type":"Feature","geometry":{"type":"Point","coordinates":[139.708572,35.670647]},"properties":{"name":"FAT","category":"shop:clothes"}},{"type":"Feature","geometry":{"type":"Point","coordinates":[139.708769,35.670706]},"properties":{"name":"VANMOOF","category":"shop:bicycle"}},{"type":"Feature","geometry":{"type":"Point","coordinates":[139.708988,35.670518]},"properties":{"name":"muta Tokyo Japan","category":"shop:clothes"}},{"type":"Feature","geometry":{"type":"Point","coordinates":[139.702913,35.647491]},"properties":{"name":"Le Labo","category":"shop:perfumery"}},{"type":"Feature","geometry":{"type":"Point","coordinates":[139.702257,35.648047]},"properties":{"name":"代官山地下グルメ街","category":"amenity:restaurant"}},{"type":"Feature","geometry":{"type":"Point","coordinates":[139.706982,35.668633]},"properties":{"name":"Happy Socks","category":"shop:clothes"}},{"type":"Feature","geometry":{"type":"Point","coordinates":[139.706436,35.670308]},"properties":{"name":"回転寿司","category":"amenity:fast_food"}},{"type":"Feature","geometry":{"type":"Point","coordinates":[139.703475,35.652716]},"properties":{"name":"石花","category":"amenity:restaurant"}},{"type":"Feature","geometry":{"type":"Point","coordinates":[139.704588,35.667635]},"properties":{"name":"POP MART","category":"shop:collector"}},{"type":"Feature","geometry":{"type":"Point","coordinates":[139.704497,35.665662]},"properties":{"name":"Quorinest","category":"shop:clothes"}},{"type":"Feature","geometry":{"type":"Point","coordinates":[139.704561,35.665677]},"properties":{"name":"Darea","category":"shop:clothes"}},{"type":"Feature","geometry":{"type":"Point","coordinates":[139.703892,35.670011]},"properties":{"name":"Spontini","category":"amenity:fast_food"}},{"type":"Feature","geometry":{"type":"Point","coordinates":[139.708121,35.669253]},"properties":{"name":"セカンドストリート","category":"shop:second_hand"}},{"type":"Feature","geometry":{"type":"Point","coordinates":[139.704589,35.65712]},"properties":{"name":"かつ吉","category":"amenity:restaurant"}},{"type":"Feature","geometry":{"type":"Point","coordinates":[139.696235,35.659483]},"properties":{"name":"立ち飲み　なぎ","category":"amenity:bar"}},{"type":"Feature","geometry":{"type":"Point","coordinates":[139.703219,35.658405]},"properties":{"name":"すしざんまい","category":"amenity:restaurant"}},{"type":"Feature","geometry":{"type":"Point","coordinates":[139.702779,35.659289]},"properties":{"name":"ウエマツ","category":"shop:stationery"}},{"type":"Feature","geometry":{"type":"Point","coordinates":[139.692898,35.65412]},"properties":{"name":"ファミリーマート","category":"shop:convenience"}},{"type":"Feature","geometry":{"type":"Point","coordinates":[139.693821,35.657101]},"properties":{"name":"Cafe de la Fontaine","category":"amenity:cafe"}},{"type":"Feature","geometry":{"type":"Point","coordinates":[139.693525,35.655865]},"properties":{"name":"Melrose Ave","category":"amenity:restaurant"}},{"type":"Feature","geometry":{"type":"Point","coordinates":[139.694531,35.65731]},"properties":{"name":"龍盛菜館 渋谷店","category":"amenity:restaurant"}},{"type":"Feature","geometry":{"type":"Point","coordinates":[139.695676,35.65748]},"properties":{"name":"レガート","category":"amenity:restaurant","level":"15"}},{"type":"Feature","geometry":{"type":"Point","coordinates":[139.694401,35.657461]},"properties":{"name":"ばん屋","category":"amenity:pub"}},{"type":"Feature","geometry":{"type":"Point","coordinates":[139.694234,35.657217]},"properties":{"name":"楽屋","category":"amenity:pub"}},{"type":"Feature","geometry":{"type":"Point","coordinates":[139.693869,35.656955]},"properties":{"name":"ローソン","category":"shop:convenience"}},{"type":"Feature","geometry":{"type":"Point","coordinates":[139.698171,35.652831]},"properties":{"name":"Maison de Cerisier","category":"amenity:restaurant"}},{"type":"Feature","geometry":{"type":"Point","coordinates":[139.697344,35.654304]},"properties":{"name":"レストラン ナンペイダイ","category":"amenity:restaurant"}},{"type":"Feature","geometry":{"type":"Point","coordinates":[139.695641,35.654707]},"properties":{"name":"Seven clover","category":"amenity:restaurant"}},{"type":"Feature","geometry":{"type":"Point","coordinates":[139.704713,35.671331]},"properties":{"name":"ドナ","category":"amenity:restaurant","level":"1"}},{"type":"Feature","geometry":{"type":"Point","coordinates":[139.695106,35.657478]},"properties":{"name":"居酒屋　すみれ","category":"amenity:bar"}},{"type":"Feature","geometry":{"type":"Point","coordinates":[139.703472,35.654283]},"properties":{"name":"Ethosens","category":"shop:clothes"}},{"type":"Feature","geometry":{"type":"Point","coordinates":[139.699247,35.656173]},"properties":{"name":"Bellovisto bar","category":"amenity:bar","level":"40"}},{"type":"Feature","geometry":{"type":"Point","coordinates":[139.704915,35.660806]},"properties":{"name":"ローソン","category":"shop:convenience"}},{"type":"Feature","geometry":{"type":"Point","coordinates":[139.703191,35.659499]},"properties":{"name":"SMBC日興證券","category":"shop:yes"}},{"type":"Feature","geometry":{"type":"Point","coordinates":[139.703347,35.659547]},"properties":{"name":"三菱UFJ信託銀行","category":"amenity:bank"}},{"type":"Feature","geometry":{"type":"Point","coordinates":[139.698989,35.661925]},"properties":{"name":"Nintendo Tokyo","category":"shop:video_games","level":"5"}},{"type":"Feature","geometry":{"type":"Point","coordinates":[139.699097,35.662054]},"properties":{"name":"Jump Shop","category":"shop:hobby","level":"5"}},{"type":"Feature","geometry":{"type":"Point","coordinates":[139.698975,35.662094]},"properties":{"name":"カプコンストアトーキョー","category":"shop:video_games","level":"5"}},{"type":"Feature","geometry":{"type":"Point","coordinates":[139.698982,35.662011]},"properties":{"name":"ポケモンセンター","category":"shop:anime","level":"5"}},{"type":"Feature","geometry":{"type":"Point","coordinates":[139.703945,35.656647]},"properties":{"name":"Bar Legacy","category":"amenity:bar","level":"-1"}},{"type":"Feature","geometry":{"type":"Point","coordinates":[139.704096,35.66123]},"properties":{"name":"Adolfo Dominguez","category":"shop:clothes"}},{"type":"Feature","geometry":{"type":"Point","coordinates":[139.698685,35.660033]},"properties":{"name":"disclandJARO","category":"shop:music"}},{"type":"Feature","geometry":{"type":"Point","coordinates":[139.69867,35.65999]},"properties":{"name":"メガネスーパー","category":"shop:optician"}},{"type":"Feature","geometry":{"type":"Point","coordinates":[139.698795,35.660615]},"properties":{"name":"Hub","category":"amenity:pub"}},{"type":"Feature","geometry":{"type":"Point","coordinates":[139.698523,35.66115]},"properties":{"name":"肉バル×イタリアンキッチン TFC 渋谷店","category":"amenity:bar"}},{"type":"Feature","geometry":{"type":"Point","coordinates":[139.697618,35.662041]},"properties":{"name":"Function Junction","category":"shop:sports"}},{"type":"Feature","geometry":{"type":"Point","coordinates":[139.700207,35.661581]},"properties":{"name":"楽天モバイル","category":"shop:mobile_phone"}},{"type":"Feature","geometry":{"type":"Point","coordinates":[139.698764,35.66213]},"properties":{"name":"真さか","category":"amenity:pub","level":"-1"}},{"type":"Feature","geometry":{"type":"Point","coordinates":[139.711236,35.661861]},"properties":{"name":"Cafe and Dining filia","category":"amenity:restaurant"}},{"type":"Feature","geometry":{"type":"Point","coordinates":[139.70917,35.669798]},"properties":{"name":"Golden Age","category":"shop:sports"}},{"type":"Feature","geometry":{"type":"Point","coordinates":[139.714747,35.664849]},"properties":{"name":"Pizza Slice 2","category":"amenity:restaurant"}},{"type":"Feature","geometry":{"type":"Point","coordinates":[139.705482,35.65741]},"properties":{"name":"モデルオートエンワ","category":"shop:toys"}},{"type":"Feature","geometry":{"type":"Point","coordinates":[139.706515,35.670405]},"properties":{"name":"ASICS","category":"shop:shoes"}},{"type":"Feature","geometry":{"type":"Point","coordinates":[139.692526,35.666703]},"properties":{"name":"エアバギービルド代々木公園本店","category":"shop:baby_goods","level":"0"}},{"type":"Feature","geometry":{"type":"Point","coordinates":[139.692637,35.666393]},"properties":{"name":"Norwegian Icons Showroom/Store Tokyo","category":"shop:furniture"}},{"type":"Feature","geometry":{"type":"Point","coordinates":[139.693085,35.666225]},"properties":{"name":"ideot","category":"shop:furniture"}},{"type":"Feature","geometry":{"type":"Point","coordinates":[139.69339,35.665934]},"properties":{"name":"Kaon","category":"shop:florist","level":"0"}},{"type":"Feature","geometry":{"type":"Point","coordinates":[139.693897,35.665606]},"properties":{"name":"南国酒場　アヤバニ","category":"amenity:restaurant"}},{"type":"Feature","geometry":{"type":"Point","coordinates":[139.694117,35.665238]},"properties":{"name":"Gallery mu-Bar mu","category":"amenity:bar"}},{"type":"Feature","geometry":{"type":"Point","coordinates":[139.69413,35.665203]},"properties":{"name":"手打ちそば　おくむら","category":"amenity:restaurant"}},{"type":"Feature","geometry":{"type":"Point","coordinates":[139.694082,35.665031]},"properties":{"name":"Shibuya Cheese Stand","category":"shop:cheese"}},{"type":"Feature","geometry":{"type":"Point","coordinates":[139.695375,35.66353]},"properties":{"name":"folletta","category":"shop:beauty"}},{"type":"Feature","geometry":{"type":"Point","coordinates":[139.694831,35.663383]},"properties":{"name":"手打ち蕎麦　神山","category":"amenity:restaurant"}},{"type":"Feature","geometry":{"type":"Point","coordinates":[139.694806,35.662908]},"properties":{"name":"ガガナラーメン極 渋谷店","category":"amenity:restaurant"}},{"type":"Feature","geometry":{"type":"Point","coordinates":[139.694995,35.662694]},"properties":{"name":"MARUTA Udagawacho","category":"amenity:restaurant"}},{"type":"Feature","geometry":{"type":"Point","coordinates":[139.694802,35.66255]},"properties":{"name":"恋文酒場かっぱ 松濤店","category":"amenity:restaurant","level":"0"}},{"type":"Feature","geometry":{"type":"Point","coordinates":[139.695397,35.662451]},"properties":{"name":"横丁酒場 あばらや 別館","category":"amenity:restaurant"}},{"type":"Feature","geometry":{"type":"Point","coordinates":[139.695429,35.662405]},"properties":{"name":"予祝のてっぺん 男道場","category":"amenity:pub","level":"-1"}},{"type":"Feature","geometry":{"type":"Point","coordinates":[139.705292,35.670792]},"properties":{"name":"me shiner rainbow cheese sandwich","category":"amenity:restaurant"}},{"type":"Feature","geometry":{"type":"Point","coordinates":[139.698503,35.661094]},"properties":{"name":"渋谷肉横丁","category":"shop:department_store","level":"1;2"}},{"type":"Feature","geometry":{"type":"Point","coordinates":[139.70954,35.663343]},"properties":{"name":"Ohitsusyzen Tanbo Kaisendon set","category":"amenity:restaurant"}},{"type":"Feature","geometry":{"type":"Point","coordinates":[139.704188,35.659672]},"properties":{"name":"牛かつもと村 渋谷分店","category":"amenity:restaurant"}},{"type":"Feature","geometry":{"type":"Point","coordinates":[139.704692,35.656482]},"properties":{"name":"Gyukatsu motormura","category":"amenity:restaurant"}},{"type":"Feature","geometry":{"type":"Point","coordinates":[139.699204,35.659113]},"properties":{"name":"Gyu Katsu Motomura","category":"amenity:restaurant"}},{"type":"Feature","geometry":{"type":"Point","coordinates":[139.703549,35.664565]},"properties":{"name":"FTC","category":"shop:sports"}},{"type":"Feature","geometry":{"type":"Point","coordinates":[139.709561,35.663343]},"properties":{"name":"Ohitsusyzen Tanbo, Kaisen don set","category":"amenity:restaurant"}},{"type":"Feature","geometry":{"type":"Point","coordinates":[139.704432,35.659738]},"properties":{"name":"Gyu Katsu Motomura","category":"amenity:restaurant"}},{"type":"Feature","geometry":{"type":"Point","coordinates":[139.705302,35.670674]},"properties":{"name":"Le Shiner, Rainbow cheese sandwich","category":"amenity:restaurant"}},{"type":"Feature","geometry":{"type":"Point","coordinates":[139.711311,35.663003]},"properties":{"name":"三井住友銀行","category":"amenity:bank"}},{"type":"Feature","geometry":{"type":"Point","coordinates":[139.711121,35.664008]},"properties":{"name":"青山ゼロ理容室","category":"shop:hairdresser"}},{"type":"Feature","geometry":{"type":"Point","coordinates":[139.711233,35.664082]},"properties":{"name":"Créa","category":"shop:hairdresser"}},{"type":"Feature","geometry":{"type":"Point","coordinates":[139.710362,35.664091]},"properties":{"name":"kintan","category":"amenity:restaurant"}},{"type":"Feature","geometry":{"type":"Point","coordinates":[139.711169,35.664018]},"properties":{"name":"青山三河屋","category":"shop:alcohol"}},{"type":"Feature","geometry":{"type":"Point","coordinates":[139.710669,35.664272]},"properties":{"name":"ふーちん","category":"amenity:restaurant"}},{"type":"Feature","geometry":{"type":"Point","coordinates":[139.707642,35.671185]},"properties":{"name":"ビームス","category":"shop:clothes"}},{"type":"Feature","geometry":{"type":"Point","coordinates":[139.707368,35.670874]},"properties":{"name":"AG","category":"shop:yes"}},{"type":"Feature","geometry":{"type":"Point","coordinates":[139.707275,35.670766]},"properties":{"name":"Tokyo Vegan Ramen Center","category":"amenity:restaurant","level":"2"}},{"type":"Feature","geometry":{"type":"Point","coordinates":[139.707265,35.670724]},"properties":{"name":"ANCHA","category":"shop:yes"}},{"type":"Feature","geometry":{"type":"Point","coordinates":[139.707173,35.670611]},"properties":{"name":"O2","category":"shop:electronics"}},{"type":"Feature","geometry":{"type":"Point","coordinates":[139.707143,35.670569]},"properties":{"name":"御黒堂","category":"amenity:cafe"}},{"type":"Feature","geometry":{"type":"Point","coordinates":[139.707051,35.670476]},"properties":{"name":"NIKKA BLACK CAFE","category":"amenity:cafe"}},{"type":"Feature","geometry":{"type":"Point","coordinates":[139.706975,35.670179]},"properties":{"name":"One Style","category":"shop:yes"}},{"type":"Feature","geometry":{"type":"Point","coordinates":[139.7065,35.670175]},"properties":{"name":"P's-first","category":"shop:pet"}},{"type":"Feature","geometry":{"type":"Point","coordinates":[139.705993,35.670515]},"properties":{"name":"Wiggle Wiggle","category":"shop:variety_store"}},{"type":"Feature","geometry":{"type":"Point","coordinates":[139.705816,35.6706]},"properties":{"name":"sango","category":"shop:clothes"}},{"type":"Feature","geometry":{"type":"Point","coordinates":[139.691179,35.667245]},"properties":{"name":"麗郷","category":"amenity:restaurant"}},{"type":"Feature","geometry":{"type":"Point","coordinates":[139.691254,35.667167]},"properties":{"name":"BAN","category":"shop:hairdresser"}},{"type":"Feature","geometry":{"type":"Point","coordinates":[139.691984,35.666312]},"properties":{"name":"TOKUTAKE","category":"shop:motorcycle"}},{"type":"Feature","geometry":{"type":"Point","coordinates":[139.692033,35.666252]},"properties":{"name":"スワローチェーン","category":"shop:dry_cleaning"}},{"type":"Feature","geometry":{"type":"Point","coordinates":[139.692372,35.66585]},"properties":{"name":"ESS","category":"shop:yes"}},{"type":"Feature","geometry":{"type":"Point","coordinates":[139.692633,35.66554]},"properties":{"name":"ORLANE","category":"shop:yes"}},{"type":"Feature","geometry":{"type":"Point","coordinates":[139.692697,35.665465]},"properties":{"name":"TAKEZAWA","category":"shop:tobacco"}},{"type":"Feature","geometry":{"type":"Point","coordinates":[139.690912,35.667251]},"properties":{"name":"美濃屋","category":"shop:yes"}},{"type":"Feature","geometry":{"type":"Point","coordinates":[139.691002,35.667155]},"properties":{"name":"SARAKA","category":"amenity:bar"}},{"type":"Feature","geometry":{"type":"Point","coordinates":[139.691503,35.666598]},"properties":{"name":"CHEESE STAND","category":"shop:yes"}},{"type":"Feature","geometry":{"type":"Point","coordinates":[139.691531,35.666563]},"properties":{"name":"小林ラジオ商会","category":"shop:electrical"}},{"type":"Feature","geometry":{"type":"Point","coordinates":[139.691547,35.666517]},"properties":{"name":"FUKAMACHI ENDO","category":"shop:stationery"}},{"type":"Feature","geometry":{"type":"Point","coordinates":[139.69187,35.666125]},"properties":{"name":"THE MONOCLE SHOP","category":"shop:yes"}},{"type":"Feature","geometry":{"type":"Point","coordinates":[139.714541,35.665742]},"properties":{"name":"nadice","category":"shop:hairdresser"}},{"type":"Feature","geometry":{"type":"Point","coordinates":[139.714664,35.665714]},"properties":{"name":"表参道治療院","category":"shop:massage"}},{"type":"Feature","geometry":{"type":"Point","coordinates":[139.714352,35.666424]},"properties":{"name":"KOMENUCAFÉ","category":"amenity:cafe"}},{"type":"Feature","geometry":{"type":"Point","coordinates":[139.714553,35.66579]},"properties":{"name":"bientait","category":"shop:hairdresser"}},{"type":"Feature","geometry":{"type":"Point","coordinates":[139.714593,35.665782]},"properties":{"name":"まんぷく","category":"amenity:restaurant"}},{"type":"Feature","geometry":{"type":"Point","coordinates":[139.714981,35.66442]},"properties":{"name":"Toyo Kitchen Style","category":"shop:kitchen"}},{"type":"Feature","geometry":{"type":"Point","coordinates":[139.69443,35.657249]},"properties":{"name":"奈る実","category":"amenity:restaurant"}},{"type":"Feature","geometry":{"type":"Point","coordinates":[139.694563,35.657095]},"properties":{"name":"金井青果","category":"shop:greengrocer"}},{"type":"Feature","geometry":{"type":"Point","coordinates":[139.693938,35.657412]},"properties":{"name":"タイ東北モーラム酒店","category":"amenity:restaurant"}},{"type":"Feature","geometry":{"type":"Point","coordinates":[139.695518,35.657505]},"properties":{"name":"やまや","category":"shop:alcohol"}},{"type":"Feature","geometry":{"type":"Point","coordinates":[139.70248,35.65153]},"properties":{"name":"間人","category":"amenity:restaurant"}},{"type":"Feature","geometry":{"type":"Point","coordinates":[139.713685,35.667009]},"properties":{"name":"Chan Chan","category":"amenity:restaurant"}},{"type":"Feature","geometry":{"type":"Point","coordinates":[139.702583,35.66155]},"properties":{"name":"PRONTO","category":"amenity:cafe","level":"0"}},{"type":"Feature","geometry":{"type":"Point","coordinates":[139.701274,35.664667]},"properties":{"name":"Mortar","category":"shop:sports"}},{"type":"Feature","geometry":{"type":"Point","coordinates":[139.699569,35.659833]},"properties":{"name":"洋麺屋五右衛門","category":"amenity:restaurant","level":"7"}},{"type":"Feature","geometry":{"type":"Point","coordinates":[139.705439,35.666527]},"properties":{"name":"ミカサデコ＆カフェ神宮前","category":"amenity:cafe"}},{"type":"Feature","geometry":{"type":"Point","coordinates":[139.710321,35.665995]},"properties":{"name":"Hugo Boss","category":"shop:clothes"}},{"type":"Feature","geometry":{"type":"Point","coordinates":[139.697992,35.66071]},"properties":{"name":"The Aldgate","category":"amenity:pub"}},{"type":"Feature","geometry":{"type":"Point","coordinates":[139.706082,35.661039]},"properties":{"name":"INC Cocktails","category":"amenity:bar","level":"-1"}},{"type":"Feature","geometry":{"type":"Point","coordinates":[139.698833,35.660011]},"properties":{"name":"Espresso D works","category":"amenity:cafe","level":"-1"}},{"type":"Feature","geometry":{"type":"Point","coordinates":[139.711583,35.663374]},"properties":{"name":"THE_B","category":"amenity:restaurant"}},{"type":"Feature","geometry":{"type":"Point","coordinates":[139.708803,35.65861]},"properties":{"name":"COHSA","category":"shop:clothes"}},{"type":"Feature","geometry":{"type":"Point","coordinates":[139.708742,35.658645]},"properties":{"name":"Pells coffee stand","category":"amenity:cafe"}},{"type":"Feature","geometry":{"type":"Point","coordinates":[139.700416,35.647947]},"properties":{"name":"ミナペルホネン","category":"shop:clothes"}},{"type":"Feature","geometry":{"type":"Point","coordinates":[139.704249,35.665711]},"properties":{"name":"eS Quality Clothing","category":"shop:clothes"}},{"type":"Feature","geometry":{"type":"Point","coordinates":[139.715922,35.660795]},"properties":{"name":"Bistro Plein","category":"amenity:restaurant"}},{"type":"Feature","geometry":{"type":"Point","coordinates":[139.708767,35.660313]},"properties":{"name":"ローソン","category":"shop:convenience"}},{"type":"Feature","geometry":{"type":"Point","coordinates":[139.701889,35.662299]},"properties":{"name":"スターバックス","category":"amenity:cafe","level":"3"}},{"type":"Feature","geometry":{"type":"Point","coordinates":[139.70187,35.663135]},"properties":{"name":"Rayard Miyashita Park","category":"shop:mall","level":"2"}},{"type":"Feature","geometry":{"type":"Point","coordinates":[139.703062,35.670918]},"properties":{"name":"OSHMAN'S","category":"shop:clothes","level":"0;1"}},{"type":"Feature","geometry":{"type":"Point","coordinates":[139.694379,35.659612]},"properties":{"name":"トリビー","category":"amenity:pub","level":"-1"}},{"type":"Feature","geometry":{"type":"Point","coordinates":[139.694126,35.659407]},"properties":{"name":"Skilled","category":"shop:hairdresser"}},{"type":"Feature","geometry":{"type":"Point","coordinates":[139.694232,35.659463]},"properties":{"name":"Byron Bay Tokyo","category":"shop:hairdresser"}},{"type":"Feature","geometry":{"type":"Point","coordinates":[139.694396,35.659588]},"properties":{"name":"Goccio","category":"amenity:restaurant"}},{"type":"Feature","geometry":{"type":"Point","coordinates":[139.708553,35.650279]},"properties":{"name":"セブン-イレブン","category":"shop:convenience"}},{"type":"Feature","geometry":{"type":"Point","coordinates":[139.693714,35.648127]},"properties":{"name":"松屋","category":"amenity:fast_food"}},{"type":"Feature","geometry":{"type":"Point","coordinates":[139.706463,35.66735]},"properties":{"name":"FLIPPER'S 表参道店","category":"amenity:cafe"}},{"type":"Feature","geometry":{"type":"Point","coordinates":[139.703129,35.664377]},"properties":{"name":"ライスバーガー専門店 おこめどき","category":"amenity:fast_food"}},{"type":"Feature","geometry":{"type":"Point","coordinates":[139.699497,35.662988]},"properties":{"name":"AAPE STORE SHIBUYA","category":"shop:clothes"}},{"type":"Feature","geometry":{"type":"Point","coordinates":[139.707066,35.670473]},"properties":{"name":"Blue Elephant","category":"shop:optician"}},{"type":"Feature","geometry":{"type":"Point","coordinates":[139.703626,35.671179]},"properties":{"name":"The Alley","category":"amenity:cafe"}},{"type":"Feature","geometry":{"type":"Point","coordinates":[139.699697,35.660395]},"properties":{"name":"IKEA","category":"shop:furniture","level":"0;1;2;3;4;5;6"}},{"type":"Feature","geometry":{"type":"Point","coordinates":[139.706095,35.665997]},"properties":{"name":"ホテルショコラ","category":"amenity:cafe","level":"0;1"}},{"type":"Feature","geometry":{"type":"Point","coordinates":[139.70183,35.662335]},"properties":{"name":"Café Kitsuné Shibuya","category":"amenity:cafe","level":"2"}},{"type":"Feature","geometry":{"type":"Point","coordinates":[139.702462,35.64693]},"properties":{"name":"セブン-イレブン","category":"shop:convenience"}},{"type":"Feature","geometry":{"type":"Point","coordinates":[139.698173,35.661492]},"properties":{"name":"EIGHT shibuya 渋谷本店","category":"shop:hairdresser"}},{"type":"Feature","geometry":{"type":"Point","coordinates":[139.694703,35.663041]},"properties":{"name":"すし光琳","category":"amenity:restaurant"}},{"type":"Feature","geometry":{"type":"Point","coordinates":[139.69908,35.662497]},"properties":{"name":"Moncler","category":"shop:clothes"}},{"type":"Feature","geometry":{"type":"Point","coordinates":[139.695575,35.662291]},"properties":{"name":"One night stand","category":"amenity:bar"}},{"type":"Feature","geometry":{"type":"Point","coordinates":[139.694791,35.664301]},"properties":{"name":"Pescarico","category":"amenity:restaurant"}},{"type":"Feature","geometry":{"type":"Point","coordinates":[139.705714,35.668115]},"properties":{"name":"Detective Conan Café","category":"amenity:cafe"}},{"type":"Feature","geometry":{"type":"Point","coordinates":[139.696411,35.661651]},"properties":{"name":"博多食堂","category":"amenity:restaurant"}},{"type":"Feature","geometry":{"type":"Point","coordinates":[139.694288,35.663593]},"properties":{"name":"ITEMAE","category":"amenity:restaurant"}},{"type":"Feature","geometry":{"type":"Point","coordinates":[139.696496,35.661482]},"properties":{"name":"タイガー餃子会館","category":"amenity:restaurant"}},{"type":"Feature","geometry":{"type":"Point","coordinates":[139.708061,35.647228]},"properties":{"name":"串カツぼっちゃんと恵比寿","category":"amenity:fast_food"}},{"type":"Feature","geometry":{"type":"Point","coordinates":[139.698695,35.661326]},"properties":{"name":"RUBIA Tokyo Shibuya Fine-Mexican","category":"amenity:restaurant"}},{"type":"Feature","geometry":{"type":"Point","coordinates":[139.700441,35.66158]},"properties":{"name":"東京アニメセンター in DNP PLAZA SHIBUYA","category":"shop:hobby","level":"1"}},{"type":"Feature","geometry":{"type":"Point","coordinates":[139.700602,35.661563]},"properties":{"name":"HMV＆BOOKS","category":"shop:books","level":"5;6;7"}},{"type":"Feature","geometry":{"type":"Point","coordinates":[139.700603,35.661644]},"properties":{"name":"Cheese Dish Factory","category":"amenity:restaurant","level":"9"}},{"type":"Feature","geometry":{"type":"Point","coordinates":[139.7006,35.661714]},"properties":{"name":"atari CAFE&DINING","category":"amenity:cafe","level":"9"}},{"type":"Feature","geometry":{"type":"Point","coordinates":[139.708769,35.647421]},"properties":{"name":"三菱UFJ銀行","category":"amenity:bank"}},{"type":"Feature","geometry":{"type":"Point","coordinates":[139.703472,35.669679]},"properties":{"name":"ヴィーガンビストロ じゃんがら","category":"amenity:restaurant"}},{"type":"Feature","geometry":{"type":"Point","coordinates":[139.709505,35.666323]},"properties":{"name":"Burberry","category":"shop:clothes"}},{"type":"Feature","geometry":{"type":"Point","coordinates":[139.712793,35.663112]},"properties":{"name":"Nicolai Bergmann","category":"shop:florist"}},{"type":"Feature","geometry":{"type":"Point","coordinates":[139.712615,35.663273]},"properties":{"name":"Skincare Lounge","category":"shop:beauty"}},{"type":"Feature","geometry":{"type":"Point","coordinates":[139.71245,35.662962]},"properties":{"name":"Breadworks","category":"shop:bakery"}},{"type":"Feature","geometry":{"type":"Point","coordinates":[139.702753,35.647736]},"properties":{"name":"Earth MILK","category":"amenity:cafe"}},{"type":"Feature","geometry":{"type":"Point","coordinates":[139.693178,35.654673]},"properties":{"name":"みさわ","category":"amenity:restaurant"}},{"type":"Feature","geometry":{"type":"Point","coordinates":[139.693111,35.65469]},"properties":{"name":"味鮮","category":"amenity:restaurant"}},{"type":"Feature","geometry":{"type":"Point","coordinates":[139.700649,35.661535]},"properties":{"name":"いちらん","category":"amenity:restaurant"}},{"type":"Feature","geometry":{"type":"Point","coordinates":[139.71284,35.650109]},"properties":{"name":"ローソン","category":"shop:convenience"}},{"type":"Feature","geometry":{"type":"Point","coordinates":[139.702221,35.658179]},"properties":{"name":"天ぷら　天寅","category":"amenity:restaurant","level":"12"}},{"type":"Feature","geometry":{"type":"Point","coordinates":[139.689394,35.655541]},"properties":{"name":"たいやき","category":"shop:confectionery"}},{"type":"Feature","geometry":{"type":"Point","coordinates":[139.70853,35.660074]},"properties":{"name":"ドミノ・ピザ","category":"amenity:fast_food"}},{"type":"Feature","geometry":{"type":"Point","coordinates":[139.707725,35.660748]},"properties":{"name":"Grapes Omotesando","category":"shop:confectionery"}},{"type":"Feature","geometry":{"type":"Point","coordinates":[139.707264,35.660078]},"properties":{"name":"Kitchen 263","category":"amenity:restaurant"}},{"type":"Feature","geometry":{"type":"Point","coordinates":[139.70743,35.659885]},"properties":{"name":"ファミリーマート","category":"shop:convenience"}},{"type":"Feature","geometry":{"type":"Point","coordinates":[139.707711,35.659281]},"properties":{"name":"セブン-イレブン","category":"shop:convenience"}},{"type":"Feature","geometry":{"type":"Point","coordinates":[139.708004,35.659738]},"properties":{"name":"ampere","category":"amenity:cafe"}},{"type":"Feature","geometry":{"type":"Point","coordinates":[139.70471,35.670184]},"properties":{"name":"Luna Cresta KYOJO原宿","category":"shop:beauty"}},{"type":"Feature","geometry":{"type":"Point","coordinates":[139.697168,35.661491]},"properties":{"name":"ダイソー","category":"shop:department_store"}},{"type":"Feature","geometry":{"type":"Point","coordinates":[139.702118,35.654087]},"properties":{"name":"かつお食堂","category":"amenity:restaurant","level":"-1"}},{"type":"Feature","geometry":{"type":"Point","coordinates":[139.706596,35.666167]},"properties":{"name":"CIECA.","category":"shop:hairdresser"}},{"type":"Feature","geometry":{"type":"Point","coordinates":[139.706426,35.666042]},"properties":{"name":"ガーランド","category":"shop:hairdresser"}},{"type":"Feature","geometry":{"type":"Point","coordinates":[139.704994,35.665611]},"properties":{"name":"レッドホット","category":"shop:hairdresser"}},{"type":"Feature","geometry":{"type":"Point","coordinates":[139.705492,35.665731]},"properties":{"name":"Ａ１０","category":"shop:hairdresser"}},{"type":"Feature","geometry":{"type":"Point","coordinates":[139.713445,35.662493]},"properties":{"name":"青山フラワーマーケット","category":"amenity:cafe","level":"0"}},{"type":"Feature","geometry":{"type":"Point","coordinates":[139.703722,35.67141]},"properties":{"name":"Sweet Box","category":"shop:pastry"}},{"type":"Feature","geometry":{"type":"Point","coordinates":[139.703594,35.671548]},"properties":{"name":"Paris Kid's","category":"shop:fashion_accessories"}},{"type":"Feature","geometry":{"type":"Point","coordinates":[139.703563,35.671439]},"properties":{"name":"靴下屋","category":"shop:clothes"}},{"type":"Feature","geometry":{"type":"Point","coordinates":[139.703445,35.671464]},"properties":{"name":"NOA Coffee","category":"amenity:cafe"}},{"type":"Feature","geometry":{"type":"Point","coordinates":[139.703074,35.67121]},"properties":{"name":"Soccer Shop KAMO","category":"shop:sports"}},{"type":"Feature","geometry":{"type":"Point","coordinates":[139.703067,35.671135]},"properties":{"name":"Skechers","category":"shop:shoes"}},{"type":"Feature","geometry":{"type":"Point","coordinates":[139.703056,35.671065]},"properties":{"name":"Allbirds","category":"shop:shoes"}},{"type":"Feature","geometry":{"type":"Point","coordinates":[139.703138,35.670803]},"properties":{"name":"Shiseido Parlour","category":"amenity:restaurant","level":"7"}},{"type":"Feature","geometry":{"type":"Point","coordinates":[139.703109,35.670537]},"properties":{"name":"AUX BACCHANALES","category":"amenity:cafe","level":"2"}},{"type":"Feature","geometry":{"type":"Point","coordinates":[139.703066,35.670853]},"properties":{"name":"EATALY","category":"amenity:restaurant","level":"2"}},{"type":"Feature","geometry":{"type":"Point","coordinates":[139.70361,35.670665]},"properties":{"name":"MACCHA HOUSE 抹茶館","category":"amenity:restaurant","level":"1"}},{"type":"Feature","geometry":{"type":"Point","coordinates":[139.703095,35.670772]},"properties":{"name":"SABFA","category":"shop:beauty","level":"1"}},{"type":"Feature","geometry":{"type":"Point","coordinates":[139.703541,35.671119]},"properties":{"name":"ドクターマーチン","category":"shop:shoes","level":"0"}},{"type":"Feature","geometry":{"type":"Point","coordinates":[139.7035,35.670951]},"properties":{"name":"Seiko","category":"shop:watches","level":"0"}},{"type":"Feature","geometry":{"type":"Point","coordinates":[139.703634,35.670737]},"properties":{"name":"スターバックス","category":"amenity:cafe","level":"0"}},{"type":"Feature","geometry":{"type":"Point","coordinates":[139.703542,35.671181]},"properties":{"name":"Snow Peak","category":"shop:outdoor","level":"-1"}},{"type":"Feature","geometry":{"type":"Point","coordinates":[139.703421,35.670951]},"properties":{"name":"DIG THE LINE DOORS","category":"amenity:pub","level":"-1"}},{"type":"Feature","geometry":{"type":"Point","coordinates":[139.70355,35.671151]},"properties":{"name":"PEANUTS Cafe","category":"amenity:cafe","level":"-2"}},{"type":"Feature","geometry":{"type":"Point","coordinates":[139.703066,35.670526]},"properties":{"name":"ユニクロ","category":"shop:clothes","level":"-1;0"}},{"type":"Feature","geometry":{"type":"Point","coordinates":[139.705759,35.670791]},"properties":{"name":"Stylenanda","category":"shop:clothes"}},{"type":"Feature","geometry":{"type":"Point","coordinates":[139.705681,35.670827]},"properties":{"name":"RED EYE","category":"shop:fashion_accessories"}},{"type":"Feature","geometry":{"type":"Point","coordinates":[139.70555,35.670781]},"properties":{"name":"Candy A Go Go!","category":"shop:confectionery"}},{"type":"Feature","geometry":{"type":"Point","coordinates":[139.705118,35.671125]},"properties":{"name":"Sun Style","category":"shop:fashion_accessories"}},{"type":"Feature","geometry":{"type":"Point","coordinates":[139.704884,35.671139]},"properties":{"name":"マツモトキヨシ","category":"shop:chemist"}},{"type":"Feature","geometry":{"type":"Point","coordinates":[139.704946,35.671225]},"properties":{"name":"Hip Hop & Sports Wear","category":"shop:clothes"}},{"type":"Feature","geometry":{"type":"Point","coordinates":[139.704593,35.671198]},"properties":{"name":"Strawberry Fetish","category":"shop:confectionery"}},{"type":"Feature","geometry":{"type":"Point","coordinates":[139.70438,35.671375]},"properties":{"name":"ジーンズメイト","category":"shop:clothes"}},{"type":"Feature","geometry":{"type":"Point","coordinates":[139.704369,35.671277]},"properties":{"name":"Ttmix","category":"shop:clothes","level":"0"}},{"type":"Feature","geometry":{"type":"Point","coordinates":[139.704292,35.671292]},"properties":{"name":"INGNI","category":"shop:clothes","level":"0"}},{"type":"Feature","geometry":{"type":"Point","coordinates":[139.704273,35.671395]},"properties":{"name":"Luna Earth","category":"shop:fashion_accessories"}},{"type":"Feature","geometry":{"type":"Point","coordinates":[139.70418,35.671315]},"properties":{"name":"capsule toy shop","category":"shop:toys"}},{"type":"Feature","geometry":{"type":"Point","coordinates":[139.704093,35.67143]},"properties":{"name":"Wendy's","category":"amenity:fast_food"}},{"type":"Feature","geometry":{"type":"Point","coordinates":[139.703992,35.671358]},"properties":{"name":"good day","category":"shop:clothes"}},{"type":"Feature","geometry":{"type":"Point","coordinates":[139.703903,35.671462]},"properties":{"name":"BIG MAMA","category":"amenity:fast_food"}},{"type":"Feature","geometry":{"type":"Point","coordinates":[139.70384,35.67138]},"properties":{"name":"cs.T&P","category":"shop:clothes","level":"0"}},{"type":"Feature","geometry":{"type":"Point","coordinates":[139.703829,35.671388]},"properties":{"name":"Dog Cafe RIO","category":"amenity:cafe","level":"1"}},{"type":"Feature","geometry":{"type":"Point","coordinates":[139.706854,35.668069]},"properties":{"name":"Journal Standard","category":"shop:clothes"}},{"type":"Feature","geometry":{"type":"Point","coordinates":[139.706048,35.668395]},"properties":{"name":"Marc Jacobs","category":"shop:clothes"}},{"type":"Feature","geometry":{"type":"Point","coordinates":[139.705796,35.668518]},"properties":{"name":"Tommy Hilfiger","category":"shop:clothes"}},{"type":"Feature","geometry":{"type":"Point","coordinates":[139.704729,35.669033]},"properties":{"name":"千疋屋","category":"shop:deli"}},{"type":"Feature","geometry":{"type":"Point","coordinates":[139.704737,35.65648]},"properties":{"name":"ごちとん 渋谷新南口店","category":"amenity:restaurant"}},{"type":"Feature","geometry":{"type":"Point","coordinates":[139.71198,35.649781]},"properties":{"name":"Falafel Brothers 恵比寿","category":"amenity:fast_food","level":"0"}},{"type":"Feature","geometry":{"type":"Point","coordinates":[139.698792,35.662034]},"properties":{"name":"Falafel Brothers 渋谷パルコ","category":"amenity:fast_food","level":"6"}},{"type":"Feature","geometry":{"type":"Point","coordinates":[139.705212,35.665416]},"properties":{"name":"ileava & co.","category":"shop:jewelry"}},{"type":"Feature","geometry":{"type":"Point","coordinates":[139.699253,35.659885]},"properties":{"name":"スシロー","category":"amenity:fast_food","level":"5"}},{"type":"Feature","geometry":{"type":"Point","coordinates":[139.699884,35.659117]},"properties":{"name":"サンドラッグ","category":"shop:chemist"}},{"type":"Feature","geometry":{"type":"Point","coordinates":[139.696817,35.656536]},"properties":{"name":"タリーズコーヒー 渋谷ソラスタ店","category":"amenity:cafe"}},{"type":"Feature","geometry":{"type":"Point","coordinates":[139.703306,35.671613]},"properties":{"name":"オーエスドラッグ","category":"shop:chemist","level":"0"}},{"type":"Feature","geometry":{"type":"Point","coordinates":[139.706654,35.670323]},"properties":{"name":"ローソン","category":"shop:convenience"}},{"type":"Feature","geometry":{"type":"Point","coordinates":[139.697302,35.658908]},"properties":{"name":"牛角","category":"amenity:restaurant"}},{"type":"Feature","geometry":{"type":"Point","coordinates":[139.70289,35.662691]},"properties":{"name":"東急ストア","category":"shop:supermarket"}},{"type":"Feature","geometry":{"type":"Point","coordinates":[139.703863,35.671582]},"properties":{"name":"ビックカメラ","category":"shop:electronics"}},{"type":"Feature","geometry":{"type":"Point","coordinates":[139.698667,35.660905]},"properties":{"name":"マツモトキヨシ","category":"shop:chemist","level":"0"}},{"type":"Feature","geometry":{"type":"Point","coordinates":[139.703389,35.670518]},"properties":{"name":"ユニクロ","category":"shop:clothes"}},{"type":"Feature","geometry":{"type":"Point","coordinates":[139.703212,35.669235]},"properties":{"name":"ゾフ","category":"shop:optician"}},{"type":"Feature","geometry":{"type":"Point","coordinates":[139.699628,35.659365]},"properties":{"name":"オーエスドラッグ","category":"shop:chemist"}},{"type":"Feature","geometry":{"type":"Point","coordinates":[139.7044,35.671369]},"properties":{"name":"ジーンズメイト","category":"shop:clothes"}},{"type":"Feature","geometry":{"type":"Point","coordinates":[139.706887,35.661023]},"properties":{"name":"飛騨高山の家具 KASHIWA","category":"shop:furniture"}},{"type":"Feature","geometry":{"type":"Point","coordinates":[139.709832,35.66424]},"properties":{"name":"ビストロ クフレ","category":"amenity:restaurant"}},{"type":"Feature","geometry":{"type":"Point","coordinates":[139.702832,35.647957]},"properties":{"name":"Motoya Express","category":"amenity:cafe"}},{"type":"Feature","geometry":{"type":"Point","coordinates":[139.698726,35.658589]},"properties":{"name":"ミュージック＆バー マホガニー","category":"amenity:bar","level":"3"}},{"type":"Feature","geometry":{"type":"Point","coordinates":[139.698731,35.660002]},"properties":{"name":"しぶや駄菓子バー","category":"amenity:restaurant"}},{"type":"Feature","geometry":{"type":"Point","coordinates":[139.69668,35.661003]},"properties":{"name":"Monja","category":"amenity:restaurant"}},{"type":"Feature","geometry":{"type":"Point","coordinates":[139.696499,35.661027]},"properties":{"name":"ファミリーマート","category":"shop:convenience","level":"0"}},{"type":"Feature","geometry":{"type":"Point","coordinates":[139.696852,35.661094]},"properties":{"name":"焼肉少年","category":"amenity:restaurant","level":"1"}},{"type":"Feature","geometry":{"type":"Point","coordinates":[139.697058,35.661416]},"properties":{"name":"Klein Eyewear","category":"shop:optician","level":"1"}},{"type":"Feature","geometry":{"type":"Point","coordinates":[139.696975,35.661452]},"properties":{"name":"バカ息子","category":"amenity:restaurant","level":"1"}},{"type":"Feature","geometry":{"type":"Point","coordinates":[139.696813,35.661516]},"properties":{"name":"富士そば","category":"amenity:fast_food","level":"1"}},{"type":"Feature","geometry":{"type":"Point","coordinates":[139.697084,35.661174]},"properties":{"name":"電光石火","category":"amenity:restaurant","level":"8"}},{"type":"Feature","geometry":{"type":"Point","coordinates":[139.697574,35.660999]},"properties":{"name":"GU","category":"shop:clothes"}},{"type":"Feature","geometry":{"type":"Point","coordinates":[139.697248,35.662121]},"properties":{"name":"Boy","category":"shop:clothes"}},{"type":"Feature","geometry":{"type":"Point","coordinates":[139.702929,35.660526]},"properties":{"name":"Bloody Angle","category":"amenity:bar"}},{"type":"Feature","geometry":{"type":"Point","coordinates":[139.701751,35.65976]},"properties":{"name":"DJ Bar Bridge","category":"amenity:bar","level":"9"}},{"type":"Feature","geometry":{"type":"Point","coordinates":[139.701616,35.656501]},"properties":{"name":"The Room","category":"amenity:bar"}},{"type":"Feature","geometry":{"type":"Point","coordinates":[139.698511,35.662184]},"properties":{"name":"ベィーガン居酒屋真さか","category":"amenity:restaurant","level":"-1"}},{"type":"Feature","geometry":{"type":"Point","coordinates":[139.704724,35.669323]},"properties":{"name":"sorama gallary+coffee","category":"amenity:cafe"}},{"type":"Feature","geometry":{"type":"Point","coordinates":[139.700992,35.65627]},"properties":{"name":"Music Bar 45","category":"amenity:bar"}},{"type":"Feature","geometry":{"type":"Point","coordinates":[139.694764,35.662816]},"properties":{"name":"Nightfly","category":"amenity:bar"}},{"type":"Feature","geometry":{"type":"Point","coordinates":[139.697408,35.661436]},"properties":{"name":"鍋ぞう","category":"amenity:restaurant","level":"6"}},{"type":"Feature","geometry":{"type":"Point","coordinates":[139.697654,35.661391]},"properties":{"name":"ディッパーダン","category":"amenity:cafe","level":"1"}},{"type":"Feature","geometry":{"type":"Point","coordinates":[139.699075,35.662129]},"properties":{"name":"Radio Eva Store","category":"shop:hobby","level":"5"}},{"type":"Feature","geometry":{"type":"Point","coordinates":[139.697332,35.660548]},"properties":{"name":"H&M","category":"shop:clothes"}},{"type":"Feature","geometry":{"type":"Point","coordinates":[139.697677,35.65992]},"properties":{"name":"Taco Bell","category":"amenity:fast_food"}},{"type":"Feature","geometry":{"type":"Point","coordinates":[139.707739,35.663109]},"properties":{"name":"Aoyama Book Center","category":"shop:books","level":"-2"}},{"type":"Feature","geometry":{"type":"Point","coordinates":[139.698721,35.659985]},"properties":{"name":"Dagashi-bar","category":"amenity:bar"}},{"type":"Feature","geometry":{"type":"Point","coordinates":[139.69574,35.662489]},"properties":{"name":"Cocorotus Foodtruck","category":"amenity:fast_food"}},{"type":"Feature","geometry":{"type":"Point","coordinates":[139.705994,35.655533]},"properties":{"name":"CoCo壱番屋","category":"amenity:restaurant"}},{"type":"Feature","geometry":{"type":"Point","coordinates":[139.709032,35.65462]},"properties":{"name":"Baluko Laundry Place 渋谷ブリッジ コインランドリー","category":"shop:laundry"}},{"type":"Feature","geometry":{"type":"Point","coordinates":[139.709946,35.649101]},"properties":{"name":"Hemp Cafe Tokyo","category":"amenity:restaurant","level":"7"}},{"type":"Feature","geometry":{"type":"Point","coordinates":[139.698534,35.661502]},"properties":{"name":"Shibuya Cyclone","category":"amenity:bar"}},{"type":"Feature","geometry":{"type":"Point","coordinates":[139.697705,35.658826]},"properties":{"name":"shinbusakiya Hokkaido noddes","category":"amenity:restaurant"}},{"type":"Feature","geometry":{"type":"Point","coordinates":[139.712441,35.64996]},"properties":{"name":"Segafredo","category":"amenity:cafe","level":"0"}},{"type":"Feature","geometry":{"type":"Point","coordinates":[139.703491,35.654522]},"properties":{"name":"コインランドリー／ピエロ桜丘町店","category":"shop:laundry"}},{"type":"Feature","geometry":{"type":"Point","coordinates":[139.699537,35.659776]},"properties":{"name":"卵と私","category":"amenity:restaurant"}},{"type":"Feature","geometry":{"type":"Point","coordinates":[139.691192,35.657742]},"properties":{"name":"ローソン","category":"shop:convenience"}},{"type":"Feature","geometry":{"type":"Point","coordinates":[139.715089,35.661223]},"properties":{"name":"Sou•Sou•Kyoto青山店","category":"shop:clothes"}},{"type":"Feature","geometry":{"type":"Point","coordinates":[139.697987,35.657905]},"properties":{"name":"ダイソー","category":"shop:variety_store"}},{"type":"Feature","geometry":{"type":"Point","coordinates":[139.699597,35.659884]},"properties":{"name":"くら寿司","category":"amenity:fast_food","level":"6"}},{"type":"Feature","geometry":{"type":"Point","coordinates":[139.706156,35.669169]},"properties":{"name":"くら寿司","category":"amenity:fast_food"}},{"type":"Feature","geometry":{"type":"Point","coordinates":[139.697607,35.660002]},"properties":{"name":"The legless arms","category":"amenity:bar"}},{"type":"Feature","geometry":{"type":"Point","coordinates":[139.698251,35.658643]},"properties":{"name":"渋谷 麺屋武蔵 武骨外伝","category":"amenity:restaurant"}},{"type":"Feature","geometry":{"type":"Point","coordinates":[139.698828,35.659601]},"properties":{"name":"ABCマート","category":"shop:shoes"}},{"type":"Feature","geometry":{"type":"Point","coordinates":[139.69789,35.658847]},"properties":{"name":"鳥貴族","category":"amenity:pub"}},{"type":"Feature","geometry":{"type":"Point","coordinates":[139.696508,35.661074]},"properties":{"name":"鳥貴族","category":"amenity:pub","level":"1"}},{"type":"Feature","geometry":{"type":"Point","coordinates":[139.70137,35.64863]},"properties":{"name":"Surryhills","category":"amenity:bar","level":"1"}},{"type":"Feature","geometry":{"type":"Point","coordinates":[139.70484,35.646259]},"properties":{"name":"Spincoaster Music Bar","category":"amenity:bar","level":"4"}},{"type":"Feature","geometry":{"type":"Point","coordinates":[139.704614,35.650164]},"properties":{"name":"Flying Bumblebee","category":"amenity:bar","level":"-1"}},{"type":"Feature","geometry":{"type":"Point","coordinates":[139.702214,35.658499]},"properties":{"name":"つるとんたん UDON NOODLE Brasserie 渋谷店","category":"amenity:restaurant","level":"12"}},{"type":"Feature","geometry":{"type":"Point","coordinates":[139.698124,35.661478]},"properties":{"name":"焼肉　牛宮城","category":"amenity:restaurant","level":"4"}},{"type":"Feature","geometry":{"type":"Point","coordinates":[139.697352,35.6618]},"properties":{"name":"Shi NPA grill fish","category":"amenity:restaurant"}},{"type":"Feature","geometry":{"type":"Point","coordinates":[139.705621,35.669787]},"properties":{"name":"Masa ya Shokudo","category":"amenity:restaurant"}},{"type":"Feature","geometry":{"type":"Point","coordinates":[139.697147,35.661115]},"properties":{"name":"肉屋横丁","category":"amenity:restaurant","level":"7"}},{"type":"Feature","geometry":{"type":"Point","coordinates":[139.711964,35.649764]},"properties":{"name":"沖縄Lover","category":"amenity:restaurant"}},{"type":"Feature","geometry":{"type":"Point","coordinates":[139.70149,35.659583]},"properties":{"name":"月島もんじゃ くうや 渋谷","category":"amenity:restaurant"}},{"type":"Feature","geometry":{"type":"Point","coordinates":[139.692644,35.65704]},"properties":{"name":"旬おばんざいと発酵酒肴 ただ今","category":"amenity:restaurant"}},{"type":"Feature","geometry":{"type":"Point","coordinates":[139.697956,35.661271]},"properties":{"name":"焼肉ライク","category":"amenity:restaurant"}},{"type":"Feature","geometry":{"type":"Point","coordinates":[139.697738,35.661601]},"properties":{"name":"まんだらけ","category":"shop:hobby","level":"-2"}},{"type":"Feature","geometry":{"type":"Point","coordinates":[139.701057,35.660664]},"properties":{"name":"Zara","category":"shop:clothes"}},{"type":"Feature","geometry":{"type":"Point","coordinates":[139.702544,35.661537]},"properties":{"name":"丸亀製麺","category":"amenity:fast_food"}},{"type":"Feature","geometry":{"type":"Point","coordinates":[139.699564,35.661054]},"properties":{"name":"ロフト","category":"shop:variety_store","level":"-1;0;1;2;3;4;5"}},{"type":"Feature","geometry":{"type":"Point","coordinates":[139.699239,35.664254]},"properties":{"name":"The SG Club","category":"amenity:bar"}},{"type":"Feature","geometry":{"type":"Point","coordinates":[139.696958,35.657232]},"properties":{"name":"パノラマ","category":"amenity:bar","level":"3"}},{"type":"Feature","geometry":{"type":"Point","coordinates":[139.706625,35.669259]},"properties":{"name":"Jason Markk Tokyo","category":"shop:yes"}},{"type":"Feature","geometry":{"type":"Point","coordinates":[139.705714,35.669172]},"properties":{"name":"Guzman y Gomez","category":"amenity:fast_food","level":"2"}},{"type":"Feature","geometry":{"type":"Point","coordinates":[139.708375,35.64825]},"properties":{"name":"ダイソー","category":"shop:variety_store","level":"1"}},{"type":"Feature","geometry":{"type":"Point","coordinates":[139.704508,35.666902]},"properties":{"name":"3COINS","category":"shop:variety_store"}},{"type":"Feature","geometry":{"type":"Point","coordinates":[139.702993,35.669997]},"properties":{"name":"マツモトキヨシ","category":"shop:chemist","level":"0"}},{"type":"Feature","geometry":{"type":"Point","coordinates":[139.703029,35.670016]},"properties":{"name":"猫カフェMOCHA","category":"amenity:cafe","level":"3"}},{"type":"Feature","geometry":{"type":"Point","coordinates":[139.703104,35.669957]},"properties":{"name":"卑弥呼","category":"shop:shoes","level":"0"}},{"type":"Feature","geometry":{"type":"Point","coordinates":[139.703189,35.669789]},"properties":{"name":"I’m donut?","category":"amenity:fast_food","level":"0"}},{"type":"Feature","geometry":{"type":"Point","coordinates":[139.703383,35.669635]},"properties":{"name":"モスバーガー","category":"amenity:fast_food","level":"0"}},{"type":"Feature","geometry":{"type":"Point","coordinates":[139.703481,35.669602]},"properties":{"name":"ファミリーマート","category":"shop:convenience","level":"-1"}},{"type":"Feature","geometry":{"type":"Point","coordinates":[139.70342,35.669647]},"properties":{"name":"牛角","category":"amenity:restaurant","level":"2"}},{"type":"Feature","geometry":{"type":"Point","coordinates":[139.703419,35.669661]},"properties":{"name":"鳥メロ","category":"amenity:pub","level":"3"}},{"type":"Feature","geometry":{"type":"Point","coordinates":[139.703384,35.669645]},"properties":{"name":"洋麺屋　五右衛門","category":"amenity:restaurant","level":"-1"}},{"type":"Feature","geometry":{"type":"Point","coordinates":[139.700786,35.659285]},"properties":{"name":"おむすび権米衛","category":"amenity:fast_food","level":"-1"}},{"type":"Feature","geometry":{"type":"Point","coordinates":[139.707041,35.669333]},"properties":{"name":"CUNE","category":"shop:clothes"}},{"type":"Feature","geometry":{"type":"Point","coordinates":[139.708859,35.651359]},"properties":{"name":"魚竹","category":"amenity:restaurant"}},{"type":"Feature","geometry":{"type":"Point","coordinates":[139.703636,35.665798]},"properties":{"name":"Fossil","category":"shop:watches"}},{"type":"Feature","geometry":{"type":"Point","coordinates":[139.703679,35.66585]},"properties":{"name":"K-Way","category":"shop:clothes"}},{"type":"Feature","geometry":{"type":"Point","coordinates":[139.703728,35.665965]},"properties":{"name":"Aigle Harajuku","category":"shop:clothes"}},{"type":"Feature","geometry":{"type":"Point","coordinates":[139.712328,35.663741]},"properties":{"name":"ファミリーマート","category":"shop:convenience","level":"0"}},{"type":"Feature","geometry":{"type":"Point","coordinates":[139.713082,35.662003]},"properties":{"name":"Scandinavian Living","category":"shop:furniture"}},{"type":"Feature","geometry":{"type":"Point","coordinates":[139.713754,35.662248]},"properties":{"name":"ふくい、望洋楼 青山店","category":"amenity:restaurant","level":"0"}},{"type":"Feature","geometry":{"type":"Point","coordinates":[139.713112,35.663142]},"properties":{"name":"Sai","category":"shop:hairdresser"}},{"type":"Feature","geometry":{"type":"Point","coordinates":[139.696842,35.660315]},"properties":{"name":"Lil Woody's","category":"amenity:fast_food"}},{"type":"Feature","geometry":{"type":"Point","coordinates":[139.698559,35.661117]},"properties":{"name":"近未来餃子H","category":"amenity:restaurant"}},{"type":"Feature","geometry":{"type":"Point","coordinates":[139.695723,35.65661]},"properties":{"name":"翠月","category":"amenity:bar"}},{"type":"Feature","geometry":{"type":"Point","coordinates":[139.709792,35.647898]},"properties":{"name":"富士そば","category":"amenity:fast_food"}},{"type":"Feature","geometry":{"type":"Point","coordinates":[139.713057,35.651999]},"properties":{"name":"ローソン","category":"shop:convenience"}},{"type":"Feature","geometry":{"type":"Point","coordinates":[139.703308,35.666119]},"properties":{"name":"リアルマッコイズ","category":"shop:clothes"}},{"type":"Feature","geometry":{"type":"Point","coordinates":[139.705085,35.66885]},"properties":{"name":"Buttermilk Channel","category":"amenity:restaurant"}},{"type":"Feature","geometry":{"type":"Point","coordinates":[139.69347,35.653446]},"properties":{"name":"レクサス渋谷","category":"shop:car"}},{"type":"Feature","geometry":{"type":"Point","coordinates":[139.704411,35.666568]},"properties":{"name":"チュチュ青山","category":"shop:clothes"}},{"type":"Feature","geometry":{"type":"Point","coordinates":[139.698332,35.666897]},"properties":{"name":"ボルテックス","category":"amenity:restaurant"}},{"type":"Feature","geometry":{"type":"Point","coordinates":[139.704357,35.666604]},"properties":{"name":"TUTU リゾートウエディング","category":"shop:clothes"}},{"type":"Feature","geometry":{"type":"Point","coordinates":[139.705036,35.666422]},"properties":{"name":"The Little BAKERY Tokyo","category":"shop:bakery"}},{"type":"Feature","geometry":{"type":"Point","coordinates":[139.704792,35.666137]},"properties":{"name":"ありいづみ","category":"amenity:cafe"}},{"type":"Feature","geometry":{"type":"Point","coordinates":[139.699183,35.659127]},"properties":{"name":"スパゲッティーのパンチョ","category":"amenity:restaurant"}},{"type":"Feature","geometry":{"type":"Point","coordinates":[139.699184,35.659114]},"properties":{"name":"味の中華 兆楽","category":"amenity:restaurant"}},{"type":"Feature","geometry":{"type":"Point","coordinates":[139.698217,35.65871]},"properties":{"name":"HABURASHI-BEER AND POTATO-","category":"amenity:bar"}},{"type":"Feature","geometry":{"type":"Point","coordinates":[139.7103,35.663174]},"properties":{"name":"大かまど飯 寅福","category":"amenity:restaurant"}},{"type":"Feature","geometry":{"type":"Point","coordinates":[139.697026,35.661218]},"properties":{"name":"ディスクユニオン","category":"shop:music","level":"-1"}},{"type":"Feature","geometry":{"type":"Point","coordinates":[139.700936,35.659689]},"properties":{"name":"RECOfan MAGNET","category":"shop:music","level":"6"}},{"type":"Feature","geometry":{"type":"Point","coordinates":[139.697224,35.662847]},"properties":{"name":"ウダガワ 成ル","category":"amenity:restaurant"}},{"type":"Feature","geometry":{"type":"Point","coordinates":[139.698911,35.661958]},"properties":{"name":"Union Record Shibuya Parco","category":"shop:music"}},{"type":"Feature","geometry":{"type":"Point","coordinates":[139.698297,35.658762]},"properties":{"name":"Lighthouse Records","category":"shop:music","level":"4"}},{"type":"Feature","geometry":{"type":"Point","coordinates":[139.704774,35.664671]},"properties":{"name":"Glocal Records","category":"shop:music"}},{"type":"Feature","geometry":{"type":"Point","coordinates":[139.710797,35.668565]},"properties":{"name":"Rizlabo Gluten-free Pancakes","category":"amenity:restaurant"}},{"type":"Feature","geometry":{"type":"Point","coordinates":[139.699141,35.657953]},"properties":{"name":"レコードバー３３回転","category":"amenity:bar"}},{"type":"Feature","geometry":{"type":"Point","coordinates":[139.705299,35.670874]},"properties":{"name":"LONG! LONGER!! LONGEST!!!","category":"amenity:fast_food"}},{"type":"Feature","geometry":{"type":"Point","coordinates":[139.700939,35.660185]},"properties":{"name":"MOM'S TOUCH","category":"amenity:fast_food"}},{"type":"Feature","geometry":{"type":"Point","coordinates":[139.712337,35.665578]},"properties":{"name":"ファミリーマート","category":"shop:convenience"}},{"type":"Feature","geometry":{"type":"Point","coordinates":[139.705699,35.666693]},"properties":{"name":"Kanko shop","category":"shop:clothes"}},{"type":"Feature","geometry":{"type":"Point","coordinates":[139.701625,35.64824]},"properties":{"name":"Heavenly Island Lifestyle 代官山","category":"amenity:restaurant"}},{"type":"Feature","geometry":{"type":"Point","coordinates":[139.700155,35.647088]},"properties":{"name":"Dean and Deluca","category":"amenity:cafe"}},{"type":"Feature","geometry":{"type":"Point","coordinates":[139.698966,35.661821]},"properties":{"name":"虎へび珈琲","category":"amenity:cafe"}},{"type":"Feature","geometry":{"type":"Point","coordinates":[139.708684,35.657251]},"properties":{"name":"goyemon","category":"shop:shoes"}},{"type":"Feature","geometry":{"type":"Point","coordinates":[139.708793,35.657462]},"properties":{"name":"The Coffee Hangar","category":"amenity:cafe"}},{"type":"Feature","geometry":{"type":"Point","coordinates":[139.713301,35.660871]},"properties":{"name":"Cocorotus Foodtruck","category":"amenity:fast_food"}},{"type":"Feature","geometry":{"type":"Point","coordinates":[139.699731,35.661142]},"properties":{"name":"2Foods","category":"amenity:restaurant","level":"1"}},{"type":"Feature","geometry":{"type":"Point","coordinates":[139.704858,35.655959]},"properties":{"name":"Cocorotus Foodtruck","category":"amenity:fast_food"}},{"type":"Feature","geometry":{"type":"Point","coordinates":[139.693111,35.655246]},"properties":{"name":"Cocorotus Foodtruck","category":"amenity:fast_food"}},{"type":"Feature","geometry":{"type":"Point","coordinates":[139.70403,35.666013]},"properties":{"name":"Cocorotus Foodtruck","category":"amenity:fast_food"}},{"type":"Feature","geometry":{"type":"Point","coordinates":[139.694327,35.6569]},"properties":{"name":"Cocorotus Foodtruck","category":"amenity:fast_food"}},{"type":"Feature","geometry":{"type":"Point","coordinates":[139.703645,35.663671]},"properties":{"name":"Cocorotus Foodtruck","category":"amenity:fast_food"}},{"type":"Feature","geometry":{"type":"Point","coordinates":[139.703525,35.669898]},"properties":{"name":"Hohokam Diner","category":"amenity:restaurant"}},{"type":"Feature","geometry":{"type":"Point","coordinates":[139.695014,35.663254]},"properties":{"name":"まいばすけっと","category":"shop:supermarket"}},{"type":"Feature","geometry":{"type":"Point","coordinates":[139.697077,35.6589]},"properties":{"name":"スタンドうみねこ SiB100","category":"amenity:bar"}},{"type":"Feature","geometry":{"type":"Point","coordinates":[139.700081,35.661328]},"properties":{"name":"Kitasando Coffee Lab","category":"amenity:cafe","level":"0"}},{"type":"Feature","geometry":{"type":"Point","coordinates":[139.710554,35.66779]},"properties":{"name":"新建築書店","category":"shop:books","level":"0"}},{"type":"Feature","geometry":{"type":"Point","coordinates":[139.707567,35.670675]},"properties":{"name":"I♡ACAI","category":"amenity:fast_food","level":"0"}},{"type":"Feature","geometry":{"type":"Point","coordinates":[139.702005,35.659206]},"properties":{"name":"Uplight Coffee","category":"amenity:cafe","level":"-2"}},{"type":"Feature","geometry":{"type":"Point","coordinates":[139.700077,35.659971]},"properties":{"name":"超俺流塩ラーメン","category":"amenity:restaurant","level":"0"}},{"type":"Feature","geometry":{"type":"Point","coordinates":[139.700114,35.659943]},"properties":{"name":"横浜家系ラーメン壱角家","category":"amenity:restaurant","level":"0"}},{"type":"Feature","geometry":{"type":"Point","coordinates":[139.700154,35.659926]},"properties":{"name":"山下本気うどん","category":"amenity:restaurant","level":"0"}},{"type":"Feature","geometry":{"type":"Point","coordinates":[139.697428,35.660771]},"properties":{"name":"LOST","category":"amenity:bar"}},{"type":"Feature","geometry":{"type":"Point","coordinates":[139.698149,35.654789]},"properties":{"name":"まいばすけっと","category":"shop:supermarket"}},{"type":"Feature","geometry":{"type":"Point","coordinates":[139.703566,35.657403]},"properties":{"name":"富士そば","category":"amenity:fast_food"}},{"type":"Feature","geometry":{"type":"Point","coordinates":[139.703366,35.672117]},"properties":{"name":"ベビタピ","category":"amenity:cafe"}},{"type":"Feature","geometry":{"type":"Point","coordinates":[139.707457,35.669399]},"properties":{"name":"Latte Pocket","category":"amenity:cafe"}},{"type":"Feature","geometry":{"type":"Point","coordinates":[139.709723,35.667712]},"properties":{"name":"Onden Coffee","category":"amenity:cafe"}},{"type":"Feature","geometry":{"type":"Point","coordinates":[139.707995,35.647665]},"properties":{"name":"What the Dickens!","category":"amenity:pub"}},{"type":"Feature","geometry":{"type":"Point","coordinates":[139.704588,35.659723]},"properties":{"name":"名前のないSPA","category":"shop:massage"}},{"type":"Feature","geometry":{"type":"Point","coordinates":[139.699773,35.657974]},"properties":{"name":"テニス846シブヤ","category":"shop:sports"}},{"type":"Feature","geometry":{"type":"Point","coordinates":[139.707543,35.650572]},"properties":{"name":"ローソン","category":"shop:convenience"}},{"type":"Feature","geometry":{"type":"Point","coordinates":[139.711058,35.663189]},"properties":{"name":"Max Mara","category":"shop:clothes"}},{"type":"Feature","geometry":{"type":"Point","coordinates":[139.703322,35.647749]},"properties":{"name":"42ND ROYAL HIGHLAND","category":"shop:shoes","level":"0"}},{"type":"Feature","geometry":{"type":"Point","coordinates":[139.703114,35.647643]},"properties":{"name":"it COFFEE","category":"amenity:cafe","level":"0"}},{"type":"Feature","geometry":{"type":"Point","coordinates":[139.703109,35.647711]},"properties":{"name":"Rait","category":"shop:shoe_repair","level":"0"}},{"type":"Feature","geometry":{"type":"Point","coordinates":[139.704164,35.647446]},"properties":{"name":"juurii","category":"shop:hairdresser","level":"0"}},{"type":"Feature","geometry":{"type":"Point","coordinates":[139.703852,35.646235]},"properties":{"name":"ファミリーマート","category":"shop:convenience","level":"0"}},{"type":"Feature","geometry":{"type":"Point","coordinates":[139.701127,35.651419]},"properties":{"name":"ポニー","category":"shop:dry_cleaning"}},{"type":"Feature","geometry":{"type":"Point","coordinates":[139.70355,35.646366]},"properties":{"name":"MOGA Daikanyama","category":"shop:hairdresser","level":"0"}},{"type":"Feature","geometry":{"type":"Point","coordinates":[139.701269,35.651294]},"properties":{"name":"alloy","category":"shop:hairdresser"}},{"type":"Feature","geometry":{"type":"Point","coordinates":[139.701249,35.651318]},"properties":{"name":"BONTA ITALIA","category":"amenity:restaurant"}},{"type":"Feature","geometry":{"type":"Point","coordinates":[139.702027,35.648073]},"properties":{"name":"plage","category":"shop:clothes"}},{"type":"Feature","geometry":{"type":"Point","coordinates":[139.701688,35.648238]},"properties":{"name":"familiar","category":"shop:clothes"}},{"type":"Feature","geometry":{"type":"Point","coordinates":[139.70169,35.648177]},"properties":{"name":"無印良品","category":"shop:variety_store"}},{"type":"Feature","geometry":{"type":"Point","coordinates":[139.701785,35.647863]},"properties":{"name":"KID BLUE","category":"shop:clothes"}},{"type":"Feature","geometry":{"type":"Point","coordinates":[139.701777,35.647976]},"properties":{"name":"GRACE CONTINENTAL","category":"shop:clothes"}},{"type":"Feature","geometry":{"type":"Point","coordinates":[139.687597,35.661445]},"properties":{"name":"ラーメン山手","category":"amenity:restaurant","level":"0;0"}},{"type":"Feature","geometry":{"type":"Point","coordinates":[139.687661,35.666807]},"properties":{"name":"ミニマル","category":"shop:chocolate"}},{"type":"Feature","geometry":{"type":"Point","coordinates":[139.70135,35.656781]},"properties":{"name":"洋麺屋五右衛門","category":"amenity:restaurant","level":"-1"}},{"type":"Feature","geometry":{"type":"Point","coordinates":[139.698631,35.660932]},"properties":{"name":"ポムの樹 渋谷スペイン坂店","category":"amenity:restaurant","level":"1"}},{"type":"Feature","geometry":{"type":"Point","coordinates":[139.699476,35.660752]},"properties":{"name":"ARTON","category":"shop:printing","level":"3"}},{"type":"Feature","geometry":{"type":"Point","coordinates":[139.699501,35.660747]},"properties":{"name":"eight eyelash&nail 渋谷店","category":"shop:beauty","level":"4"}},{"type":"Feature","geometry":{"type":"Point","coordinates":[139.699407,35.660765]},"properties":{"name":"Lad’s Dining","category":"amenity:pub","level":"-1"}},{"type":"Feature","geometry":{"type":"Point","coordinates":[139.698243,35.660839]},"properties":{"name":"牛角","category":"amenity:restaurant","level":"3"}},{"type":"Feature","geometry":{"type":"Point","coordinates":[139.698225,35.660807]},"properties":{"name":"北の大衆酒場 キタシブ","category":"amenity:pub","level":"2"}},{"type":"Feature","geometry":{"type":"Point","coordinates":[139.698272,35.66079]},"properties":{"name":"めいどりーみん","category":"amenity:cafe","level":"-1"}},{"type":"Feature","geometry":{"type":"Point","coordinates":[139.698423,35.660527]},"properties":{"name":"味丸","category":"amenity:restaurant"}},{"type":"Feature","geometry":{"type":"Point","coordinates":[139.698372,35.66055]},"properties":{"name":"モーゼスさんのケバブ","category":"amenity:fast_food","level":"0"}},{"type":"Feature","geometry":{"type":"Point","coordinates":[139.69897,35.66039]},"properties":{"name":"鳥貴族","category":"amenity:pub","level":"3"}},{"type":"Feature","geometry":{"type":"Point","coordinates":[139.699396,35.660207]},"properties":{"name":"金伝丸","category":"amenity:restaurant","level":"0"}},{"type":"Feature","geometry":{"type":"Point","coordinates":[139.699652,35.660167]},"properties":{"name":"Okura","category":"shop:second_hand"}},{"type":"Feature","geometry":{"type":"Point","coordinates":[139.699626,35.659715]},"properties":{"name":"宝くじ","category":"shop:lottery"}},{"type":"Feature","geometry":{"type":"Point","coordinates":[139.697318,35.661018]},"properties":{"name":"アヴァランチ 渋谷店","category":"shop:jewelry","level":"0"}},{"type":"Feature","geometry":{"type":"Point","coordinates":[139.697741,35.66083]},"properties":{"name":"CoCo Fresh Tea & Juice","category":"amenity:cafe","level":"0"}},{"type":"Feature","geometry":{"type":"Point","coordinates":[139.698842,35.66088]},"properties":{"name":"KOMEHYO SHIBUYA","category":"shop:pawnbroker","level":"0;1;2;3"}},{"type":"Feature","geometry":{"type":"Point","coordinates":[139.698922,35.660184]},"properties":{"name":"りらくる","category":"shop:massage","level":"1"}},{"type":"Feature","geometry":{"type":"Point","coordinates":[139.698832,35.660239]},"properties":{"name":"Miami garden","category":"amenity:restaurant","level":"0"}},{"type":"Feature","geometry":{"type":"Point","coordinates":[139.705052,35.671167]},"properties":{"name":"Boutique Takenoko","category":"shop:clothes","level":"0"}},{"type":"Feature","geometry":{"type":"Point","coordinates":[139.691966,35.666067]},"properties":{"name":"Beasty Coffee [ cafe laboratory ]","category":"amenity:cafe"}},{"type":"Feature","geometry":{"type":"Point","coordinates":[139.705721,35.66089]},"properties":{"name":"SWIG","category":"amenity:bar"}},{"type":"Feature","geometry":{"type":"Point","coordinates":[139.695008,35.663084]},"properties":{"name":"The Bellwood","category":"amenity:bar"}},{"type":"Feature","geometry":{"type":"Point","coordinates":[139.698307,35.661547]},"properties":{"name":"Shake Shack","category":"amenity:fast_food"}},{"type":"Feature","geometry":{"type":"Point","coordinates":[139.70607,35.669587]},"properties":{"name":"Fender Flagship Tokyo","category":"shop:musical_instrument"}},{"type":"Feature","geometry":{"type":"Point","coordinates":[139.704024,35.667105]},"properties":{"name":"MixTHINKS 原宿店","category":"shop:clothes","level":"0"}},{"type":"Feature","geometry":{"type":"Point","coordinates":[139.695976,35.651778]},"properties":{"name":"サミットストア代官山鉢山町店","category":"shop:supermarket"}},{"type":"Feature","geometry":{"type":"Point","coordinates":[139.691987,35.655166]},"properties":{"name":"トヨタモビリティ 東京 渋谷神泉店","category":"shop:car"}},{"type":"Feature","geometry":{"type":"Point","coordinates":[139.702727,35.657682]},"properties":{"name":"セブン-イレブン","category":"shop:convenience"}},{"type":"Feature","geometry":{"type":"Point","coordinates":[139.702706,35.657735]},"properties":{"name":"Cafe Miyama","category":"amenity:cafe"}},{"type":"Feature","geometry":{"type":"Point","coordinates":[139.702494,35.657708]},"properties":{"name":"Sushibuya","category":"amenity:restaurant"}},{"type":"Feature","geometry":{"type":"Point","coordinates":[139.702939,35.657567]},"properties":{"name":"Dean & DeLuca Café Shibuya Stream","category":"amenity:cafe"}},{"type":"Feature","geometry":{"type":"Point","coordinates":[139.703049,35.657457]},"properties":{"name":"THE GREAT BURGER STAND","category":"amenity:fast_food"}},{"type":"Feature","geometry":{"type":"Point","coordinates":[139.703269,35.657321]},"properties":{"name":"Ocean good table","category":"amenity:restaurant"}},{"type":"Feature","geometry":{"type":"Point","coordinates":[139.702983,35.657265]},"properties":{"name":"Toriryouri Shimizu","category":"amenity:restaurant"}},{"type":"Feature","geometry":{"type":"Point","coordinates":[139.703136,35.657085]},"properties":{"name":"Ten","category":"amenity:restaurant"}},{"type":"Feature","geometry":{"type":"Point","coordinates":[139.703368,35.657217]},"properties":{"name":"Dalian","category":"amenity:restaurant"}},{"type":"Feature","geometry":{"type":"Point","coordinates":[139.703075,35.657283]},"properties":{"name":"XIRINGUITO Escribà","category":"amenity:restaurant"}},{"type":"Feature","geometry":{"type":"Point","coordinates":[139.703213,35.657309]},"properties":{"name":"圓 弁柄","category":"amenity:restaurant"}},{"type":"Feature","geometry":{"type":"Point","coordinates":[139.70338,35.65708]},"properties":{"name":"Wine no Ruisuke","category":"amenity:restaurant"}},{"type":"Feature","geometry":{"type":"Point","coordinates":[139.703273,35.657059]},"properties":{"name":"Nakamenoteppen Shibuya Stream","category":"amenity:bar"}},{"type":"Feature","geometry":{"type":"Point","coordinates":[139.703203,35.657155]},"properties":{"name":"Kushitei Shibuya Stream","category":"amenity:restaurant"}},{"type":"Feature","geometry":{"type":"Point","coordinates":[139.703154,35.657181]},"properties":{"name":"PASTA BROTHERS & I Love Ribs 渋谷ストリーム店","category":"amenity:restaurant"}},{"type":"Feature","geometry":{"type":"Point","coordinates":[139.703227,35.657263]},"properties":{"name":"bar à vin CROISÉE","category":"amenity:restaurant"}},{"type":"Feature","geometry":{"type":"Point","coordinates":[139.703082,35.657229]},"properties":{"name":"Beef Kitchen Shibuya","category":"amenity:restaurant"}},{"type":"Feature","geometry":{"type":"Point","coordinates":[139.703228,35.657137]},"properties":{"name":"Nakayoshi Shibuya Stream","category":"amenity:restaurant"}},{"type":"Feature","geometry":{"type":"Point","coordinates":[139.703201,35.657119]},"properties":{"name":"GANSO EBIDASHI MONJANO EBISEN SHIBUYA","category":"amenity:restaurant"}},{"type":"Feature","geometry":{"type":"Point","coordinates":[139.703676,35.656994]},"properties":{"name":"Petalo","category":"amenity:restaurant"}},{"type":"Feature","geometry":{"type":"Point","coordinates":[139.704009,35.657031]},"properties":{"name":"L.DORADO Hair Salon","category":"shop:hairdresser"}},{"type":"Feature","geometry":{"type":"Point","coordinates":[139.703993,35.657056]},"properties":{"name":"Luxas Shibuya","category":"shop:massage"}},{"type":"Feature","geometry":{"type":"Point","coordinates":[139.703913,35.657067]},"properties":{"name":"Tachikichi Shibuya","category":"amenity:bar"}},{"type":"Feature","geometry":{"type":"Point","coordinates":[139.703805,35.657127]},"properties":{"name":"Hair Resort LIFE 渋谷","category":"shop:hairdresser"}},{"type":"Feature","geometry":{"type":"Point","coordinates":[139.703817,35.657148]},"properties":{"name":"Joto Curry","category":"amenity:restaurant"}},{"type":"Feature","geometry":{"type":"Point","coordinates":[139.703799,35.657221]},"properties":{"name":"Shibuya Board Game Cafe High Five","category":"amenity:cafe"}},{"type":"Feature","geometry":{"type":"Point","coordinates":[139.703622,35.657354]},"properties":{"name":"My Hamburger Watanabe","category":"amenity:restaurant"}},{"type":"Feature","geometry":{"type":"Point","coordinates":[139.703536,35.657384]},"properties":{"name":"Shinpachi Shokudō Shibuya Meijidōri","category":"amenity:restaurant"}},{"type":"Feature","geometry":{"type":"Point","coordinates":[139.703414,35.657469]},"properties":{"name":"Kaitoriman","category":"shop:watches"}},{"type":"Feature","geometry":{"type":"Point","coordinates":[139.70289,35.657311]},"properties":{"name":"Izobachi Miso Ramen","category":"amenity:restaurant"}},{"type":"Feature","geometry":{"type":"Point","coordinates":[139.702971,35.657405]},"properties":{"name":"Sujū Indigo","category":"amenity:restaurant"}},{"type":"Feature","geometry":{"type":"Point","coordinates":[139.704467,35.657388]},"properties":{"name":"Oreryu Shio-Ramen","category":"amenity:restaurant"}},{"type":"Feature","geometry":{"type":"Point","coordinates":[139.703204,35.658443]},"properties":{"name":"Hokkaido Soup Curry Suage SHIBUYA","category":"amenity:restaurant"}},{"type":"Feature","geometry":{"type":"Point","coordinates":[139.703357,35.658418]},"properties":{"name":"Walkin'","category":"shop:musical_instrument"}},{"type":"Feature","geometry":{"type":"Point","coordinates":[139.703412,35.658409]},"properties":{"name":"Mokkun","category":"amenity:restaurant"}},{"type":"Feature","geometry":{"type":"Point","coordinates":[139.701789,35.657294]},"properties":{"name":"Takada Village Trading Post Supported","category":"shop:trade"}},{"type":"Feature","geometry":{"type":"Point","coordinates":[139.701827,35.65725]},"properties":{"name":"タリーズコーヒー Shibuya Sakura Stage店","category":"amenity:cafe"}},{"type":"Feature","geometry":{"type":"Point","coordinates":[139.70171,35.657261]},"properties":{"name":"SQUARE ENIX GARDEN","category":"shop:video_games"}},{"type":"Feature","geometry":{"type":"Point","coordinates":[139.701451,35.657182]},"properties":{"name":"HARBS Shibuya Sakura Stage","category":"amenity:cafe"}},{"type":"Feature","geometry":{"type":"Point","coordinates":[139.701265,35.657125]},"properties":{"name":"スターバックス","category":"amenity:cafe"}},{"type":"Feature","geometry":{"type":"Point","coordinates":[139.701424,35.65707]},"properties":{"name":"マクドナルド","category":"amenity:fast_food"}},{"type":"Feature","geometry":{"type":"Point","coordinates":[139.70159,35.657045]},"properties":{"name":"HAIR DRESSER","category":"shop:hairdresser"}},{"type":"Feature","geometry":{"type":"Point","coordinates":[139.701694,35.657178]},"properties":{"name":"Mr. Men Little Miss Market","category":"shop:toys"}},{"type":"Feature","geometry":{"type":"Point","coordinates":[139.701776,35.65717]},"properties":{"name":"Korean Bar Kokkio","category":"amenity:restaurant"}},{"type":"Feature","geometry":{"type":"Point","coordinates":[139.701705,35.657119]},"properties":{"name":"ローソン","category":"shop:convenience"}},{"type":"Feature","geometry":{"type":"Point","coordinates":[139.701863,35.657141]},"properties":{"name":"カルディコーヒーファーム","category":"shop:coffee"}},{"type":"Feature","geometry":{"type":"Point","coordinates":[139.701816,35.657105]},"properties":{"name":"FUSOU","category":"amenity:restaurant"}},{"type":"Feature","geometry":{"type":"Point","coordinates":[139.702014,35.657104]},"properties":{"name":"東急ストア","category":"shop:supermarket"}},{"type":"Feature","geometry":{"type":"Point","coordinates":[139.701899,35.657097]},"properties":{"name":"TSUTAYA","category":"shop:books"}},{"type":"Feature","geometry":{"type":"Point","coordinates":[139.701571,35.656984]},"properties":{"name":"to your Farm","category":"amenity:fast_food"}},{"type":"Feature","geometry":{"type":"Point","coordinates":[139.701957,35.657068]},"properties":{"name":"CHEAT TOKYO","category":"shop:trade"}},{"type":"Feature","geometry":{"type":"Point","coordinates":[139.701729,35.65701]},"properties":{"name":"PiNCHO! iron plate spanish skewers","category":"amenity:restaurant"}},{"type":"Feature","geometry":{"type":"Point","coordinates":[139.701725,35.656911]},"properties":{"name":"エクセルシオール カフェ","category":"shop:coffee"}},{"type":"Feature","geometry":{"type":"Point","coordinates":[139.701808,35.656876]},"properties":{"name":"松屋","category":"amenity:fast_food"}},{"type":"Feature","geometry":{"type":"Point","coordinates":[139.701912,35.656852]},"properties":{"name":"Sushi Soul","category":"amenity:restaurant"}},{"type":"Feature","geometry":{"type":"Point","coordinates":[139.701879,35.656931]},"properties":{"name":"JUICCCY","category":"amenity:bar"}},{"type":"Feature","geometry":{"type":"Point","coordinates":[139.701958,35.656831]},"properties":{"name":"BANANA STEAK","category":"amenity:restaurant"}},{"type":"Feature","geometry":{"type":"Point","coordinates":[139.702102,35.656803]},"properties":{"name":"Tipsy Tiger","category":"amenity:restaurant"}},{"type":"Feature","geometry":{"type":"Point","coordinates":[139.702245,35.656836]},"properties":{"name":"Stabler","category":"amenity:restaurant"}},{"type":"Feature","geometry":{"type":"Point","coordinates":[139.702247,35.656781]},"properties":{"name":"Ciel Pizza","category":"amenity:restaurant"}},{"type":"Feature","geometry":{"type":"Point","coordinates":[139.702204,35.656708]},"properties":{"name":"SHIBUYA BREWERY","category":"amenity:pub"}},{"type":"Feature","geometry":{"type":"Point","coordinates":[139.702579,35.656354]},"properties":{"name":"DAIKON 2nd","category":"amenity:bar"}},{"type":"Feature","geometry":{"type":"Point","coordinates":[139.702683,35.656273]},"properties":{"name":"不二家","category":"shop:confectionery"}},{"type":"Feature","geometry":{"type":"Point","coordinates":[139.702845,35.656126]},"properties":{"name":"Frenchman Shibuya Sakura Stage","category":"amenity:restaurant"}},{"type":"Feature","geometry":{"type":"Point","coordinates":[139.702486,35.658307]},"properties":{"name":"MAKE UP FOR EVER Shibuya Scramble Square","category":"shop:cosmetics"}},{"type":"Feature","geometry":{"type":"Point","coordinates":[139.702408,35.658348]},"properties":{"name":"United Arrows","category":"shop:clothes"}},{"type":"Feature","geometry":{"type":"Point","coordinates":[139.702493,35.658522]},"properties":{"name":"c7h8n4o2","category":"shop:chocolate"}},{"type":"Feature","geometry":{"type":"Point","coordinates":[139.702394,35.658496]},"properties":{"name":"5 CROSSTIES COFFEE","category":"amenity:cafe"}},{"type":"Feature","geometry":{"type":"Point","coordinates":[139.702297,35.658539]},"properties":{"name":"Shiseido Parlour ecute Edition Shibuya Store","category":"shop:pastry"}},{"type":"Feature","geometry":{"type":"Point","coordinates":[139.702285,35.658577]},"properties":{"name":"FATUITE","category":"shop:cosmetics"}},{"type":"Feature","geometry":{"type":"Point","coordinates":[139.702266,35.658668]},"properties":{"name":"Hawaiian Fast deli imua","category":"shop:deli"}},{"type":"Feature","geometry":{"type":"Point","coordinates":[139.702076,35.658566]},"properties":{"name":"Converse","category":"shop:shoes"}},{"type":"Feature","geometry":{"type":"Point","coordinates":[139.70183,35.658623]},"properties":{"name":"VASIC SHIBUYA","category":"shop:bag"}},{"type":"Feature","geometry":{"type":"Point","coordinates":[139.702219,35.658542]},"properties":{"name":"Saint Laurent","category":"shop:clothes"}},{"type":"Feature","geometry":{"type":"Point","coordinates":[139.702169,35.658509]},"properties":{"name":"Maruyama Coffee","category":"shop:coffee"}},{"type":"Feature","geometry":{"type":"Point","coordinates":[139.702152,35.658495]},"properties":{"name":"Horiuchi Fruits Farm","category":"shop:gift"}},{"type":"Feature","geometry":{"type":"Point","coordinates":[139.701881,35.658483]},"properties":{"name":"Balenciaga","category":"shop:clothes"}},{"type":"Feature","geometry":{"type":"Point","coordinates":[139.701933,35.658454]},"properties":{"name":"UP Noodle TOKYO","category":"amenity:restaurant"}},{"type":"Feature","geometry":{"type":"Point","coordinates":[139.702057,35.658412]},"properties":{"name":"Urth Caffé","category":"amenity:cafe"}},{"type":"Feature","geometry":{"type":"Point","coordinates":[139.702096,35.658406]},"properties":{"name":"A&F COUNTRY","category":"shop:outdoor"}},{"type":"Feature","geometry":{"type":"Point","coordinates":[139.701998,35.658364]},"properties":{"name":"Matsue","category":"amenity:restaurant"}},{"type":"Feature","geometry":{"type":"Point","coordinates":[139.701981,35.658468]},"properties":{"name":"玄点 ” Gluten-free Brown rice Food salon”","category":"shop:bakery"}},{"type":"Feature","geometry":{"type":"Point","coordinates":[139.702168,35.658366]},"properties":{"name":"Moheji Shibuya Scramble Square","category":"amenity:restaurant"}},{"type":"Feature","geometry":{"type":"Point","coordinates":[139.702096,35.658293]},"properties":{"name":"wagyu&steak TEPPANYAKI 10 SHIBUYA","category":"amenity:restaurant"}},{"type":"Feature","geometry":{"type":"Point","coordinates":[139.702163,35.658237]},"properties":{"name":"FRUCTUS","category":"shop:bakery"}},{"type":"Feature","geometry":{"type":"Point","coordinates":[139.702302,35.658136]},"properties":{"name":"MELLOWHICH","category":"shop:pastry"}},{"type":"Feature","geometry":{"type":"Point","coordinates":[139.702308,35.658298]},"properties":{"name":"スターバックス","category":"amenity:cafe"}},{"type":"Feature","geometry":{"type":"Point","coordinates":[139.702434,35.658242]},"properties":{"name":"Real Drip Coffee No.12 by Ueshima Coffee House","category":"amenity:cafe"}},{"type":"Feature","geometry":{"type":"Point","coordinates":[139.701995,35.658195]},"properties":{"name":"TOM FORD BEAUTY","category":"shop:cosmetics"}},{"type":"Feature","geometry":{"type":"Point","coordinates":[139.704687,35.650484]},"properties":{"name":"Café Façon","category":"shop:coffee","level":"0"}},{"type":"Feature","geometry":{"type":"Point","coordinates":[139.707729,35.648175]},"properties":{"name":"Miss Saigon","category":"amenity:fast_food"}},{"type":"Feature","geometry":{"type":"Point","coordinates":[139.707701,35.648223]},"properties":{"name":"登川","category":"amenity:restaurant","level":"0"}},{"type":"Feature","geometry":{"type":"Point","coordinates":[139.707712,35.669836]},"properties":{"name":"Not Conventional","category":"shop:clothes"}},{"type":"Feature","geometry":{"type":"Point","coordinates":[139.698652,35.6587]},"properties":{"name":"Cona","category":"amenity:restaurant"}},{"type":"Feature","geometry":{"type":"Point","coordinates":[139.708033,35.648466]},"properties":{"name":"Bar TRENCH Annex","category":"amenity:bar","level":"0"}},{"type":"Feature","geometry":{"type":"Point","coordinates":[139.706868,35.667502]},"properties":{"name":"Comme des garçons trading museum","category":"shop:clothes"}},{"type":"Feature","geometry":{"type":"Point","coordinates":[139.708703,35.667241]},"properties":{"name":"Y-3","category":"shop:clothes"}},{"type":"Feature","geometry":{"type":"Point","coordinates":[139.705518,35.669031]},"properties":{"name":"Ground-Y","category":"shop:clothes"}},{"type":"Feature","geometry":{"type":"Point","coordinates":[139.708795,35.667195]},"properties":{"name":"やさい家めい","category":"amenity:restaurant"}},{"type":"Feature","geometry":{"type":"Point","coordinates":[139.705526,35.669002]},"properties":{"name":"Wildside","category":"shop:clothes"}},{"type":"Feature","geometry":{"type":"Point","coordinates":[139.706915,35.667222]},"properties":{"name":"CDG","category":"shop:clothes"}},{"type":"Feature","geometry":{"type":"Point","coordinates":[139.71539,35.663504]},"properties":{"name":"LIMI feu","category":"shop:clothes"}},{"type":"Feature","geometry":{"type":"Point","coordinates":[139.708104,35.667471]},"properties":{"name":"Y's","category":"shop:clothes"}},{"type":"Feature","geometry":{"type":"Point","coordinates":[139.694275,35.657468]},"properties":{"name":"takk.","category":"amenity:bar"}},{"type":"Feature","geometry":{"type":"Point","coordinates":[139.702531,35.669969]},"properties":{"name":"NewDays","category":"shop:convenience"}},{"type":"Feature","geometry":{"type":"Point","coordinates":[139.704882,35.668428]},"properties":{"name":"Tenga Land","category":"shop:erotic","level":"1"}},{"type":"Feature","geometry":{"type":"Point","coordinates":[139.700952,35.66112]},"properties":{"name":"ファミリーマート","category":"shop:convenience"}},{"type":"Feature","geometry":{"type":"Point","coordinates":[139.702451,35.662389]},"properties":{"name":"ココカラファイン","category":"shop:chemist"}},{"type":"Feature","geometry":{"type":"Point","coordinates":[139.703511,35.669591]},"properties":{"name":"グリム原宿店","category":"amenity:restaurant"}},{"type":"Feature","geometry":{"type":"Point","coordinates":[139.711951,35.667039]},"properties":{"name":"Marcy Land","category":"amenity:fast_food"}},{"type":"Feature","geometry":{"type":"Point","coordinates":[139.694041,35.663351]},"properties":{"name":"Pignon","category":"amenity:restaurant","level":"1"}},{"type":"Feature","geometry":{"type":"Point","coordinates":[139.69414,35.663197]},"properties":{"name":"Beautiful","category":"amenity:bar","level":"2"}},{"type":"Feature","geometry":{"type":"Point","coordinates":[139.694072,35.663304]},"properties":{"name":"Cidernaut","category":"amenity:bar","level":"1"}},{"type":"Feature","geometry":{"type":"Point","coordinates":[139.707285,35.670683]},"properties":{"name":"Dog","category":"shop:clothes","level":"-1"}},{"type":"Feature","geometry":{"type":"Point","coordinates":[139.711747,35.663562]},"properties":{"name":"Spiral Market","category":"shop:general"}},{"type":"Feature","geometry":{"type":"Point","coordinates":[139.71136,35.663539]},"properties":{"name":"Mazda Trans Aoyama","category":"amenity:cafe"}},{"type":"Feature","geometry":{"type":"Point","coordinates":[139.704695,35.671008]},"properties":{"name":"ACDC RAG 原宿本店","category":"shop:clothes"}},{"type":"Feature","geometry":{"type":"Point","coordinates":[139.6984,35.662475]},"properties":{"name":"To The Herbs 渋谷店","category":"amenity:restaurant","level":"2"}},{"type":"Feature","geometry":{"type":"Point","coordinates":[139.702303,35.664654]},"properties":{"name":"Maison Kappa","category":"amenity:restaurant"}},{"type":"Feature","geometry":{"type":"Point","coordinates":[139.702272,35.664597]},"properties":{"name":"Billy's","category":"shop:clothes"}},{"type":"Feature","geometry":{"type":"Point","coordinates":[139.702862,35.665424]},"properties":{"name":"Toy Sapiens","category":"shop:toys"}},{"type":"Feature","geometry":{"type":"Point","coordinates":[139.703346,35.665983]},"properties":{"name":"Takeo Kikuchi","category":"shop:clothes"}},{"type":"Feature","geometry":{"type":"Point","coordinates":[139.702346,35.66471]},"properties":{"name":"Water the Plant","category":"shop:clothes"}},{"type":"Feature","geometry":{"type":"Point","coordinates":[139.704243,35.667526]},"properties":{"name":"Hair ALES","category":"shop:hairdresser"}},{"type":"Feature","geometry":{"type":"Point","coordinates":[139.703987,35.668295]},"properties":{"name":"colombin","category":"amenity:restaurant"}},{"type":"Feature","geometry":{"type":"Point","coordinates":[139.699413,35.662794]},"properties":{"name":"Line Friends Square","category":"shop:gift"}},{"type":"Feature","geometry":{"type":"Point","coordinates":[139.699683,35.66286]},"properties":{"name":"NANO universe","category":"shop:clothes"}},{"type":"Feature","geometry":{"type":"Point","coordinates":[139.695584,35.657187]},"properties":{"name":"Eyelash Extensions Crazy Beauty","category":"shop:beauty"}},{"type":"Feature","geometry":{"type":"Point","coordinates":[139.698157,35.658461]},"properties":{"name":"Ishi-usubiki Nihachi Soba Sobashiki Shibuya Mark City","category":"amenity:restaurant","level":"3"}},{"type":"Feature","geometry":{"type":"Point","coordinates":[139.698333,35.658638]},"properties":{"name":"Wagyu Hitsumabushi rokueitei","category":"amenity:restaurant","level":"3"}},{"type":"Feature","geometry":{"type":"Point","coordinates":[139.698356,35.658606]},"properties":{"name":"Wagyu Hitsumabushi rokueitei","category":"amenity:restaurant"}},{"type":"Feature","geometry":{"type":"Point","coordinates":[139.716614,35.660176]},"properties":{"name":"BANDEL CONCEPT STORE","category":"shop:clothes"}},{"type":"Feature","geometry":{"type":"Point","coordinates":[139.708731,35.64839]},"properties":{"name":"ココカラファイン","category":"shop:chemist","level":"0"}},{"type":"Feature","geometry":{"type":"Point","coordinates":[139.70827,35.648968]},"properties":{"name":"Bar TALI","category":"amenity:bar","level":"7"}},{"type":"Feature","geometry":{"type":"Point","coordinates":[139.708249,35.648955]},"properties":{"name":"nina","category":"shop:beauty","level":"6"}},{"type":"Feature","geometry":{"type":"Point","coordinates":[139.708361,35.648666]},"properties":{"name":"大黒屋","category":"shop:pawnbroker","level":"0"}},{"type":"Feature","geometry":{"type":"Point","coordinates":[139.70726,35.660316]},"properties":{"name":"隠れや しぶ天","category":"amenity:restaurant","level":"1"}},{"type":"Feature","geometry":{"type":"Point","coordinates":[139.704045,35.6655]},"properties":{"name":"One Third Research","category":"shop:shoes"}},{"type":"Feature","geometry":{"type":"Point","coordinates":[139.705373,35.670606]},"properties":{"name":"Jumpin' Jack's (aka Harajuku Jack's)","category":"shop:clothes"}},{"type":"Feature","geometry":{"type":"Point","coordinates":[139.702741,35.65494]},"properties":{"name":"Junka DRY HEAD SPA","category":"shop:massage"}},{"type":"Feature","geometry":{"type":"Point","coordinates":[139.70195,35.655956]},"properties":{"name":"Nail Salon Pucci","category":"shop:beauty"}},{"type":"Feature","geometry":{"type":"Point","coordinates":[139.701877,35.656045]},"properties":{"name":"Sri Ayutthaya Thai massage","category":"shop:massage"}},{"type":"Feature","geometry":{"type":"Point","coordinates":[139.701416,35.655538]},"properties":{"name":"TURTLES","category":"amenity:fast_food"}},{"type":"Feature","geometry":{"type":"Point","coordinates":[139.701429,35.655629]},"properties":{"name":"DRESS GRAPE","category":"amenity:restaurant"}},{"type":"Feature","geometry":{"type":"Point","coordinates":[139.706341,35.657983]},"properties":{"name":"THE FLAVOR DESIGN STORE TOKYO","category":"shop:perfumery"}},{"type":"Feature","geometry":{"type":"Point","coordinates":[139.704982,35.657895]},"properties":{"name":"MERICAN BARBERSHOP®︎ TYO l メリケンバーバーショップ トーキョー","category":"shop:hairdresser"}},{"type":"Feature","geometry":{"type":"Point","coordinates":[139.706585,35.655597]},"properties":{"name":"Halal Wagyu Yakiniku Gyumon Shibuya（渋谷牛門）","category":"amenity:restaurant"}},{"type":"Feature","geometry":{"type":"Point","coordinates":[139.707225,35.654296]},"properties":{"name":"Monkey Kart SHIBUYA","category":"shop:yes"}},{"type":"Feature","geometry":{"type":"Point","coordinates":[139.70717,35.654341]},"properties":{"name":"Craft Curry Brothers渋谷店","category":"amenity:restaurant"}},{"type":"Feature","geometry":{"type":"Point","coordinates":[139.707507,35.654112]},"properties":{"name":"CIDER SHACK","category":"amenity:pub"}},{"type":"Feature","geometry":{"type":"Point","coordinates":[139.707413,35.654173]},"properties":{"name":"まぐろ屋本家","category":"amenity:pub"}},{"type":"Feature","geometry":{"type":"Point","coordinates":[139.710362,35.650067]},"properties":{"name":"フィオリスタ べりーた","category":"shop:florist","level":"0"}},{"type":"Feature","geometry":{"type":"Point","coordinates":[139.710311,35.650091]},"properties":{"name":"トラットリア ベリータ","category":"amenity:restaurant","level":"0"}},{"type":"Feature","geometry":{"type":"Point","coordinates":[139.709284,35.651466]},"properties":{"name":"株式会社タツノヤ商会","category":"shop:musical_instrument","level":"1"}},{"type":"Feature","geometry":{"type":"Point","coordinates":[139.709657,35.651569]},"properties":{"name":"Aries","category":"shop:beauty"}},{"type":"Feature","geometry":{"type":"Point","coordinates":[139.70944,35.651103]},"properties":{"name":"まいばすけっと","category":"shop:supermarket","level":"0"}},{"type":"Feature","geometry":{"type":"Point","coordinates":[139.699323,35.657299]},"properties":{"name":"Capsule Rentals","category":"shop:rental"}},{"type":"Feature","geometry":{"type":"Point","coordinates":[139.699969,35.657632]},"properties":{"name":"東急プラザ渋谷","category":"shop:mall"}},{"type":"Feature","geometry":{"type":"Point","coordinates":[139.699805,35.657764]},"properties":{"name":"PRONTO","category":"amenity:cafe"}},{"type":"Feature","geometry":{"type":"Point","coordinates":[139.700106,35.657893]},"properties":{"name":"THE BEER HOUSE","category":"amenity:bar"}},{"type":"Feature","geometry":{"type":"Point","coordinates":[139.700377,35.65913]},"properties":{"name":"K-SOUPMAN","category":"amenity:restaurant"}},{"type":"Feature","geometry":{"type":"Point","coordinates":[139.700564,35.660154]},"properties":{"name":"Vivienne Westwood RED LABEL","category":"shop:clothes"}},{"type":"Feature","geometry":{"type":"Point","coordinates":[139.700275,35.660211]},"properties":{"name":"Sportmax","category":"shop:clothes"}},{"type":"Feature","geometry":{"type":"Point","coordinates":[139.700368,35.660041]},"properties":{"name":"CHARMY","category":"shop:jewelry"}},{"type":"Feature","geometry":{"type":"Point","coordinates":[139.700191,35.660694]},"properties":{"name":"Tom Ford","category":"shop:clothes"}},{"type":"Feature","geometry":{"type":"Point","coordinates":[139.700615,35.660775]},"properties":{"name":"スターバックス","category":"amenity:cafe"}},{"type":"Feature","geometry":{"type":"Point","coordinates":[139.700405,35.661052]},"properties":{"name":"Nike","category":"shop:clothes"}},{"type":"Feature","geometry":{"type":"Point","coordinates":[139.705379,35.66666]},"properties":{"name":"No Free Coffee","category":"shop:clothes","level":"0"}},{"type":"Feature","geometry":{"type":"Point","coordinates":[139.698897,35.661897]},"properties":{"name":"Sega Store Tokyo","category":"shop:video_games","level":"5"}},{"type":"Feature","geometry":{"type":"Point","coordinates":[139.702008,35.662268]},"properties":{"name":"DADAÏ THAI VIETNAMESE DIM SUM","category":"amenity:restaurant"}},{"type":"Feature","geometry":{"type":"Point","coordinates":[139.701825,35.662125]},"properties":{"name":"Aoyama Xiangwei Shibuya","category":"amenity:restaurant"}},{"type":"Feature","geometry":{"type":"Point","coordinates":[139.701684,35.66258]},"properties":{"name":"Café Kitsuné Shibuya","category":"amenity:cafe"}},{"type":"Feature","geometry":{"type":"Point","coordinates":[139.701662,35.662174]},"properties":{"name":"VISIONARIUM THREE","category":"shop:cosmetics"}},{"type":"Feature","geometry":{"type":"Point","coordinates":[139.701593,35.661555]},"properties":{"name":"THE SHIBUYA SOUVENIR STORE","category":"shop:gift"}},{"type":"Feature","geometry":{"type":"Point","coordinates":[139.701549,35.66066]},"properties":{"name":"instant 渋谷ストア","category":"shop:sports"}},{"type":"Feature","geometry":{"type":"Point","coordinates":[139.701549,35.660953]},"properties":{"name":"MAMMUT","category":"shop:sports"}},{"type":"Feature","geometry":{"type":"Point","coordinates":[139.701847,35.661257]},"properties":{"name":"EQUALANDSHIBUYA","category":"shop:yes"}},{"type":"Feature","geometry":{"type":"Point","coordinates":[139.702692,35.662409]},"properties":{"name":"THE RIGOLETTO","category":"amenity:restaurant"}},{"type":"Feature","geometry":{"type":"Point","coordinates":[139.702004,35.663027]},"properties":{"name":"KITH TOKYO","category":"shop:clothes"}},{"type":"Feature","geometry":{"type":"Point","coordinates":[139.701863,35.661332]},"properties":{"name":"JB's TOKYO","category":"amenity:restaurant"}},{"type":"Feature","geometry":{"type":"Point","coordinates":[139.701532,35.65959]},"properties":{"name":"Lindt","category":"shop:chocolate","level":"0-2"}},{"type":"Feature","geometry":{"type":"Point","coordinates":[139.685817,35.657768]},"properties":{"name":"MYTRUNK","category":"shop:storage_rental"}},{"type":"Feature","geometry":{"type":"Point","coordinates":[139.698874,35.661944]},"properties":{"name":"The★Jojo World","category":"shop:anime","level":"5"}},{"type":"Feature","geometry":{"type":"Point","coordinates":[139.703571,35.671036]},"properties":{"name":"たばねのし原宿","category":"amenity:cafe"}},{"type":"Feature","geometry":{"type":"Point","coordinates":[139.698672,35.658546]},"properties":{"name":"Teuchi Soba Takenouchi","category":"amenity:restaurant"}},{"type":"Feature","geometry":{"type":"Point","coordinates":[139.711019,35.664495]},"properties":{"name":"AMAM DACOTAN 表参道店","category":"shop:bakery"}},{"type":"Feature","geometry":{"type":"Point","coordinates":[139.712219,35.665307]},"properties":{"name":"Boulangerie JEAN FRANÇOIS　Echika表参道店","category":"shop:bakery"}},{"type":"Feature","geometry":{"type":"Point","coordinates":[139.701474,35.659596]},"properties":{"name":"DJ Bar Bridge","category":"amenity:bar"}},{"type":"Feature","geometry":{"type":"Point","coordinates":[139.69963,35.661687]},"properties":{"name":"Koen-dori Classics","category":"shop:second_hand"}},{"type":"Feature","geometry":{"type":"Point","coordinates":[139.709405,35.663842]},"properties":{"name":"Coall nex the salon","category":"shop:hairdresser"}},{"type":"Feature","geometry":{"type":"Point","coordinates":[139.70823,35.666826]},"properties":{"name":"表参道 キュア ネックス ザ サロン","category":"shop:hairdresser"}},{"type":"Feature","geometry":{"type":"Point","coordinates":[139.708531,35.670065]},"properties":{"name":"Patagonia Surf Tokyo Outlet","category":"shop:clothes"}},{"type":"Feature","geometry":{"type":"Point","coordinates":[139.697618,35.659109]},"properties":{"name":"鳥ごころ","category":"amenity:bar"}},{"type":"Feature","geometry":{"type":"Point","coordinates":[139.702145,35.658447]},"properties":{"name":"ハンズ","category":"shop:variety_store","level":"9"}},{"type":"Feature","geometry":{"type":"Point","coordinates":[139.707655,35.670456]},"properties":{"name":"Moo","category":"amenity:cafe"}},{"type":"Feature","geometry":{"type":"Point","coordinates":[139.709025,35.667219]},"properties":{"name":"蝋燭屋","category":"amenity:restaurant"}},{"type":"Feature","geometry":{"type":"Point","coordinates":[139.701347,35.656742]},"properties":{"name":"星乃珈琲店","category":"amenity:cafe","level":"0;0"}},{"type":"Feature","geometry":{"type":"Point","coordinates":[139.70445,35.659205]},"properties":{"name":"TRATTORIA PIZZERIA","category":"amenity:restaurant"}},{"type":"Feature","geometry":{"type":"Point","coordinates":[139.704569,35.659247]},"properties":{"name":"りそな銀行","category":"amenity:bank"}},{"type":"Feature","geometry":{"type":"Point","coordinates":[139.704381,35.656708]},"properties":{"name":"CUT純","category":"shop:hairdresser","level":"1"}},{"type":"Feature","geometry":{"type":"Point","coordinates":[139.697352,35.660244]},"properties":{"name":"THE CITY BAKERY 渋谷道玄坂通","category":"shop:bakery"}},{"type":"Feature","geometry":{"type":"Point","coordinates":[139.698942,35.661352]},"properties":{"name":"Kokeshi Base","category":"shop:gift"}},{"type":"Feature","geometry":{"type":"Point","coordinates":[139.704656,35.667854]},"properties":{"name":"Oreyu Gyoza Meshi Harajuku","category":"amenity:restaurant"}},{"type":"Feature","geometry":{"type":"Point","coordinates":[139.691781,35.667034]},"properties":{"name":"Cafe Rostro","category":"amenity:cafe"}},{"type":"Feature","geometry":{"type":"Point","coordinates":[139.703778,35.671229]},"properties":{"name":"Christie","category":"amenity:cafe"}},{"type":"Feature","geometry":{"type":"Point","coordinates":[139.705076,35.666238]},"properties":{"name":"topologie","category":"shop:bag"}},{"type":"Feature","geometry":{"type":"Point","coordinates":[139.700624,35.661415]},"properties":{"name":"スターバックス","category":"amenity:cafe"}},{"type":"Feature","geometry":{"type":"Point","coordinates":[139.700221,35.662667]},"properties":{"name":"CRAZY RACCOON STORE","category":"shop:video_games"}},{"type":"Feature","geometry":{"type":"Point","coordinates":[139.698607,35.662699]},"properties":{"name":"UNTITLED","category":"amenity:restaurant","level":"-1"}},{"type":"Feature","geometry":{"type":"Point","coordinates":[139.705432,35.668867]},"properties":{"name":"ovgo Baker Meiji St.","category":"shop:pastry","level":"1"}},{"type":"Feature","geometry":{"type":"Point","coordinates":[139.696933,35.656877]},"properties":{"name":"LAUREL TOKYO","category":"amenity:bar"}},{"type":"Feature","geometry":{"type":"Point","coordinates":[139.705228,35.648364]},"properties":{"name":"THE CITY BAKERY 代官山","category":"shop:bakery"}},{"type":"Feature","geometry":{"type":"Point","coordinates":[139.704213,35.656844]},"properties":{"name":"Ougashiya Ramen And Sushi","category":"amenity:restaurant","level":"0"}},{"type":"Feature","geometry":{"type":"Point","coordinates":[139.703884,35.665421]},"properties":{"name":"White Atelier by Converse","category":"shop:shoes"}},{"type":"Feature","geometry":{"type":"Point","coordinates":[139.708015,35.669775]},"properties":{"name":"Regatto Hat Shop","category":"shop:clothes"}},{"type":"Feature","geometry":{"type":"Point","coordinates":[139.700421,35.660332]},"properties":{"name":"Malins Fish & Chips","category":"amenity:restaurant","level":"-2"}},{"type":"Feature","geometry":{"type":"Point","coordinates":[139.708487,35.668438]},"properties":{"name":"Slice of Life","category":"amenity:fast_food","level":"0"}},{"type":"Feature","geometry":{"type":"Point","coordinates":[139.698894,35.661999]},"properties":{"name":"Jikasei MENSHO","category":"amenity:fast_food","level":"-1"}},{"type":"Feature","geometry":{"type":"Point","coordinates":[139.697138,35.661195]},"properties":{"name":"Andhra Dining SHIBUYA","category":"amenity:restaurant","level":"5"}},{"type":"Feature","geometry":{"type":"Point","coordinates":[139.704355,35.671256]},"properties":{"name":"Sanrio Gift Gate","category":"shop:gift"}},{"type":"Feature","geometry":{"type":"Point","coordinates":[139.69735,35.660814]},"properties":{"name":"BOILING POINT 渋谷","category":"amenity:restaurant"}},{"type":"Feature","geometry":{"type":"Point","coordinates":[139.696896,35.656949]},"properties":{"name":"LAUREL TOKYO","category":"amenity:bar"}},{"type":"Feature","geometry":{"type":"Point","coordinates":[139.699571,35.655823]},"properties":{"name":"cocktail barbolla","category":"amenity:bar"}},{"type":"Feature","geometry":{"type":"Point","coordinates":[139.702375,35.663545]},"properties":{"name":"Erick South Masala Diner","category":"amenity:restaurant","level":"4"}},{"type":"Feature","geometry":{"type":"Point","coordinates":[139.701881,35.663369]},"properties":{"name":"Twelve On The Park","category":"amenity:bar","level":"4"}},{"type":"Feature","geometry":{"type":"Point","coordinates":[139.708379,35.669866]},"properties":{"name":"UNBY GENERAL GOODS STORE TOKYO","category":"shop:shoes"}},{"type":"Feature","geometry":{"type":"Point","coordinates":[139.704398,35.649518]},"properties":{"name":"Boku Cafe","category":"amenity:cafe"}},{"type":"Feature","geometry":{"type":"Point","coordinates":[139.708851,35.653556]},"properties":{"name":"Mama Luisa's Table","category":"amenity:restaurant"}},{"type":"Feature","geometry":{"type":"Point","coordinates":[139.705439,35.650881]},"properties":{"name":"Karf","category":"shop:furniture"}},{"type":"Feature","geometry":{"type":"Point","coordinates":[139.708781,35.653423]},"properties":{"name":"Memo","category":"shop:antiques"}},{"type":"Feature","geometry":{"type":"Point","coordinates":[139.704592,35.649728]},"properties":{"name":"Shinsakabashi Books","category":"shop:books"}},{"type":"Feature","geometry":{"type":"Point","coordinates":[139.7037,35.648529]},"properties":{"name":"Pistaccio","category":"shop:shoes"}},{"type":"Feature","geometry":{"type":"Point","coordinates":[139.708975,35.653087]},"properties":{"name":"Woodberry Bakery","category":"shop:bakery"}},{"type":"Feature","geometry":{"type":"Point","coordinates":[139.705097,35.65028]},"properties":{"name":"Randy's Donuts","category":"amenity:fast_food"}},{"type":"Feature","geometry":{"type":"Point","coordinates":[139.703571,35.64846]},"properties":{"name":"Kindal","category":"shop:clothes","level":"1"}},{"type":"Feature","geometry":{"type":"Point","coordinates":[139.702995,35.64817]},"properties":{"name":"セカンドストリート","category":"shop:second_hand"}},{"type":"Feature","geometry":{"type":"Point","coordinates":[139.698851,35.661048]},"properties":{"name":"セカンドストリート","category":"shop:second_hand","level":"0"}},{"type":"Feature","geometry":{"type":"Point","coordinates":[139.698635,35.659078]},"properties":{"name":"IMON Models","category":"shop:model","level":"6"}},{"type":"Feature","geometry":{"type":"Point","coordinates":[139.700068,35.663848]},"properties":{"name":"Dubby Mad","category":"shop:electronics","level":"1"}},{"type":"Feature","geometry":{"type":"Point","coordinates":[139.698804,35.661934]},"properties":{"name":"Masala","category":"amenity:pub","level":"-1"}},{"type":"Feature","geometry":{"type":"Point","coordinates":[139.703099,35.664301]},"properties":{"name":"Sedai","category":"amenity:cafe"}},{"type":"Feature","geometry":{"type":"Point","coordinates":[139.709842,35.648567]},"properties":{"name":"unknown","category":"amenity:bar"}},{"type":"Feature","geometry":{"type":"Point","coordinates":[139.702586,35.654154]},"properties":{"name":"Hi,Coffee Hey,Herb","category":"shop:coffee"}},{"type":"Feature","geometry":{"type":"Point","coordinates":[139.693558,35.656008]},"properties":{"name":"Sugahara Bar","category":"amenity:bar"}},{"type":"Feature","geometry":{"type":"Point","coordinates":[139.695563,35.659697]},"properties":{"name":"大人気","category":"amenity:pub"}},{"type":"Feature","geometry":{"type":"Point","coordinates":[139.693555,35.647367]},"properties":{"name":"Antonic","category":"amenity:bar"}},{"type":"Feature","geometry":{"type":"Point","coordinates":[139.695442,35.662847]},"properties":{"name":"Liquid Factory","category":"amenity:bar"}},{"type":"Feature","geometry":{"type":"Point","coordinates":[139.693702,35.659169]},"properties":{"name":"Garlic x Garlic","category":"amenity:restaurant"}},{"type":"Feature","geometry":{"type":"Point","coordinates":[139.699779,35.661071]},"properties":{"name":"Tailored Cafe","category":"amenity:cafe"}},{"type":"Feature","geometry":{"type":"Point","coordinates":[139.699587,35.659798]},"properties":{"name":"森の図書室","category":"amenity:cafe","level":"7"}},{"type":"Feature","geometry":{"type":"Point","coordinates":[139.698272,35.655808]},"properties":{"name":"FLAMINGO'S COCKTAIL PARLOR","category":"amenity:bar"}},{"type":"Feature","geometry":{"type":"Point","coordinates":[139.699222,35.664255]},"properties":{"name":"Sangai","category":"amenity:bar","level":"2"}},{"type":"Feature","geometry":{"type":"Point","coordinates":[139.694889,35.657582]},"properties":{"name":"Wagyu Steak ROJI","category":"amenity:restaurant"}},{"type":"Feature","geometry":{"type":"Point","coordinates":[139.694907,35.657601]},"properties":{"name":"Wagyu Steak ROJI","category":"amenity:restaurant"}},{"type":"Feature","geometry":{"type":"Point","coordinates":[139.705563,35.667955]},"properties":{"name":"イウリアナ コルセット ショップ","category":"shop:clothes"}},{"type":"Feature","geometry":{"type":"Point","coordinates":[139.703248,35.671504]},"properties":{"name":"Maxicimam","category":"shop:clothes"}},{"type":"Feature","geometry":{"type":"Point","coordinates":[139.7051,35.670884]},"properties":{"name":"ACDC RAG","category":"shop:clothes","level":"1"}},{"type":"Feature","geometry":{"type":"Point","coordinates":[139.708496,35.647904]},"properties":{"name":"俺の割烹 炉ばた 恵比寿","category":"amenity:restaurant","level":"2"}},{"type":"Feature","geometry":{"type":"Point","coordinates":[139.70086,35.659803]},"properties":{"name":"Hello Kitty Japan","category":"shop:gift"}},{"type":"Feature","geometry":{"type":"Point","coordinates":[139.694536,35.663487]},"properties":{"name":"Hachiya curry","category":"amenity:restaurant"}},{"type":"Feature","geometry":{"type":"Point","coordinates":[139.708282,35.64882]},"properties":{"name":"Bar Suntrap 和を楽しむ和カクテルバー","category":"amenity:restaurant"}},{"type":"Feature","geometry":{"type":"Point","coordinates":[139.699952,35.657656]},"properties":{"name":"つけ麺","category":"amenity:restaurant","level":"0"}},{"type":"Feature","geometry":{"type":"Point","coordinates":[139.704395,35.660111]},"properties":{"name":"Wagyu Ramen Goku","category":"amenity:restaurant"}},{"type":"Feature","geometry":{"type":"Point","coordinates":[139.698871,35.66208]},"properties":{"name":"ゴジラ・ストア渋谷店","category":"shop:hobby","level":"5"}},{"type":"Feature","geometry":{"type":"Point","coordinates":[139.696903,35.656937]},"properties":{"name":"LAUREL TOKYO","category":"amenity:bar"}},{"type":"Feature","geometry":{"type":"Point","coordinates":[139.7067,35.669824]},"properties":{"name":"ADVAN Tokyo Showroom","category":"shop:yes"}},{"type":"Feature","geometry":{"type":"Point","coordinates":[139.706379,35.669462]},"properties":{"name":"UGG","category":"shop:yes"}},{"type":"Feature","geometry":{"type":"Point","coordinates":[139.706099,35.67064]},"properties":{"name":"Aimerfeel","category":"shop:yes"}},{"type":"Feature","geometry":{"type":"Point","coordinates":[139.70617,35.670608]},"properties":{"name":"KOI The","category":"amenity:cafe"}},{"type":"Feature","geometry":{"type":"Point","coordinates":[139.706228,35.67058]},"properties":{"name":"Bunsik K-Style Noodle Bar","category":"amenity:cafe"}},{"type":"Feature","geometry":{"type":"Point","coordinates":[139.706007,35.67069]},"properties":{"name":"Woodendoll","category":"shop:clothes"}},{"type":"Feature","geometry":{"type":"Point","coordinates":[139.705695,35.670641]},"properties":{"name":"原宿friend","category":"shop:mall"}},{"type":"Feature","geometry":{"type":"Point","coordinates":[139.705402,35.670777]},"properties":{"name":"Cute Cube Harajuku","category":"shop:mall"}},{"type":"Feature","geometry":{"type":"Point","coordinates":[139.70557,35.670721]},"properties":{"name":"Etude House","category":"shop:yes"}},{"type":"Feature","geometry":{"type":"Point","coordinates":[139.7052,35.670967]},"properties":{"name":"NOEMIE","category":"shop:yes"}},{"type":"Feature","geometry":{"type":"Point","coordinates":[139.705067,35.671004]},"properties":{"name":"Angle Crepes","category":"shop:yes"}},{"type":"Feature","geometry":{"type":"Point","coordinates":[139.705016,35.671065]},"properties":{"name":"Santa Monica Crepes","category":"shop:yes"}},{"type":"Feature","geometry":{"type":"Point","coordinates":[139.705932,35.670725]},"properties":{"name":"Happy Socks","category":"shop:yes"}},{"type":"Feature","geometry":{"type":"Point","coordinates":[139.705019,35.668424]},"properties":{"name":"Dior","category":"shop:yes"}},{"type":"Feature","geometry":{"type":"Point","coordinates":[139.705325,35.671037]},"properties":{"name":"Harajuku Candy","category":"shop:yes"}},{"type":"Feature","geometry":{"type":"Point","coordinates":[139.705388,35.671014]},"properties":{"name":"Richards","category":"shop:yes"}},{"type":"Feature","geometry":{"type":"Point","coordinates":[139.704481,35.671363]},"properties":{"name":"Mo Mon","category":"shop:clothes"}},{"type":"Feature","geometry":{"type":"Point","coordinates":[139.704321,35.671387]},"properties":{"name":"Claries","category":"shop:yes"}},{"type":"Feature","geometry":{"type":"Point","coordinates":[139.704184,35.671409]},"properties":{"name":"Bel Air outlet","category":"shop:yes"}},{"type":"Feature","geometry":{"type":"Point","coordinates":[139.704064,35.67133]},"properties":{"name":"Pet Paradise","category":"shop:yes"}},{"type":"Feature","geometry":{"type":"Point","coordinates":[139.704119,35.67132]},"properties":{"name":"The Sappira","category":"shop:yes"}},{"type":"Feature","geometry":{"type":"Point","coordinates":[139.705684,35.670713]},"properties":{"name":"Happy One","category":"shop:yes"}},{"type":"Feature","geometry":{"type":"Point","coordinates":[139.705728,35.670692]},"properties":{"name":"Strawberry Fetish","category":"amenity:cafe"}},{"type":"Feature","geometry":{"type":"Point","coordinates":[139.704746,35.671191]},"properties":{"name":"Panama Boy","category":"shop:yes"}},{"type":"Feature","geometry":{"type":"Point","coordinates":[139.704658,35.671334]},"properties":{"name":"Petit Glam","category":"shop:clothes"}},{"type":"Feature","geometry":{"type":"Point","coordinates":[139.704794,35.671301]},"properties":{"name":"Universal Music","category":"shop:yes"}},{"type":"Feature","geometry":{"type":"Point","coordinates":[139.710462,35.665852]},"properties":{"name":"三菱UFJ銀行","category":"amenity:bank"}},{"type":"Feature","geometry":{"type":"Point","coordinates":[139.703415,35.671471]},"properties":{"name":"Sweet Box","category":"shop:yes"}},{"type":"Feature","geometry":{"type":"Point","coordinates":[139.704687,35.669186]},"properties":{"name":"Kinetics","category":"shop:sports"}},{"type":"Feature","geometry":{"type":"Point","coordinates":[139.704023,35.671468]},"properties":{"name":"My Pouch","category":"shop:yes"}},{"type":"Feature","geometry":{"type":"Point","coordinates":[139.703641,35.671426]},"properties":{"name":"Purikura - Noa","category":"shop:yes"}},{"type":"Feature","geometry":{"type":"Point","coordinates":[139.71163,35.665227]},"properties":{"name":"Cafe & Dining Zelkova","category":"amenity:restaurant"}},{"type":"Feature","geometry":{"type":"Point","coordinates":[139.707882,35.667031]},"properties":{"name":"Rimowa","category":"shop:bag"}},{"type":"Feature","geometry":{"type":"Point","coordinates":[139.706056,35.667953]},"properties":{"name":"Agnès B.","category":"shop:clothes"}},{"type":"Feature","geometry":{"type":"Point","coordinates":[139.70772,35.667161]},"properties":{"name":"Adrian's Giving a Eeffoc","category":"amenity:cafe"}},{"type":"Feature","geometry":{"type":"Point","coordinates":[139.707457,35.667288]},"properties":{"name":"Fendi","category":"shop:clothes"}},{"type":"Feature","geometry":{"type":"Point","coordinates":[139.70647,35.667745]},"properties":{"name":"VAT Bakery","category":"amenity:cafe"}},{"type":"Feature","geometry":{"type":"Point","coordinates":[139.70634,35.667779]},"properties":{"name":"Breitling","category":"shop:yes"}},{"type":"Feature","geometry":{"type":"Point","coordinates":[139.70582,35.668059]},"properties":{"name":"生活之木","category":"shop:yes"}},{"type":"Feature","geometry":{"type":"Point","coordinates":[139.705749,35.668099]},"properties":{"name":"Pandora","category":"shop:jewelry"}},{"type":"Feature","geometry":{"type":"Point","coordinates":[139.703206,35.671196]},"properties":{"name":"PICNIC","category":"shop:mall"}},{"type":"Feature","geometry":{"type":"Point","coordinates":[139.701934,35.66174]},"properties":{"name":"Adidas","category":"shop:sports"}},{"type":"Feature","geometry":{"type":"Point","coordinates":[139.701939,35.662146]},"properties":{"name":"Louis Vuitton","category":"shop:clothes"}},{"type":"Feature","geometry":{"type":"Point","coordinates":[139.707345,35.651139]},"properties":{"name":"Betty Smith Ebisu Factory","category":"shop:clothes","level":"4"}},{"type":"Feature","geometry":{"type":"Point","coordinates":[139.696842,35.655431]},"properties":{"name":"Cocorotus Foodtruck","category":"amenity:fast_food"}},{"type":"Feature","geometry":{"type":"Point","coordinates":[139.696844,35.661464]},"properties":{"name":"魚秀（UOHIDE）宇田川町店","category":"amenity:restaurant"}},{"type":"Feature","geometry":{"type":"Point","coordinates":[139.707287,35.647347]},"properties":{"name":"A10","category":"amenity:bar"}},{"type":"Feature","geometry":{"type":"Point","coordinates":[139.696678,35.646906]},"properties":{"name":"Sidewalk Stand","category":"amenity:cafe"}},{"type":"Feature","geometry":{"type":"Point","coordinates":[139.696784,35.660916]},"properties":{"name":"Viron","category":"amenity:cafe","level":"0-1"}},{"type":"Feature","geometry":{"type":"Point","coordinates":[139.695605,35.656945]},"properties":{"name":"Ikura Shibuya","category":"amenity:restaurant"}},{"type":"Feature","geometry":{"type":"Point","coordinates":[139.703586,35.664591]},"properties":{"name":"JAPAN BLUE JEANS Shibuya","category":"shop:clothes"}},{"type":"Feature","geometry":{"type":"Point","coordinates":[139.698242,35.661513]},"properties":{"name":"DESERTSNOW SHIBUYA vintage clothing store","category":"shop:clothes"}},{"type":"Feature","geometry":{"type":"Point","coordinates":[139.707567,35.670926]},"properties":{"name":"cas:pace","category":"shop:mobile_phone_accessories"}},{"type":"Feature","geometry":{"type":"Point","coordinates":[139.713619,35.66487]},"properties":{"name":"Sweet Check","category":"amenity:restaurant"}},{"type":"Feature","geometry":{"type":"Point","coordinates":[139.689224,35.668869]},"properties":{"name":"THE NUTS EXCHANGE","category":"amenity:fast_food"}},{"type":"Feature","geometry":{"type":"Point","coordinates":[139.699927,35.659909]},"properties":{"name":"Angel Heart","category":"shop:yes"}},{"type":"Feature","geometry":{"type":"Point","coordinates":[139.699488,35.66004]},"properties":{"name":"SUMADORI-BAR","category":"amenity:restaurant"}},{"type":"Feature","geometry":{"type":"Point","coordinates":[139.70006,35.649133]},"properties":{"name":"Princi","category":"shop:bakery"}},{"type":"Feature","geometry":{"type":"Point","coordinates":[139.69001,35.667747]},"properties":{"name":"麺うら裏代々木公園店","category":"amenity:restaurant"}},{"type":"Feature","geometry":{"type":"Point","coordinates":[139.708099,35.666963]},"properties":{"name":"Hublot","category":"shop:watches"}},{"type":"Feature","geometry":{"type":"Point","coordinates":[139.704702,35.651815]},"properties":{"name":"Spice & Cafe FamFam","category":"amenity:cafe"}},{"type":"Feature","geometry":{"type":"Point","coordinates":[139.69408,35.663161]},"properties":{"name":"Studio Mule","category":"amenity:bar"}},{"type":"Feature","geometry":{"type":"Point","coordinates":[139.706452,35.670195]},"properties":{"name":"na.","category":"amenity:cafe","level":"2"}},{"type":"Feature","geometry":{"type":"Point","coordinates":[139.703696,35.659252]},"properties":{"name":"牛たん炭焼利久","category":"amenity:restaurant","level":"5"}},{"type":"Feature","geometry":{"type":"Point","coordinates":[139.703606,35.659088]},"properties":{"name":"Strawberry Mania","category":"amenity:fast_food","level":"1"}},{"type":"Feature","geometry":{"type":"Point","coordinates":[139.704463,35.656653]},"properties":{"name":"香川一福アート","category":"amenity:restaurant"}},{"type":"Feature","geometry":{"type":"Point","coordinates":[139.701872,35.663171]},"properties":{"name":"Valley Park Stand","category":"amenity:cafe","level":"3"}},{"type":"Feature","geometry":{"type":"Point","coordinates":[139.70186,35.66333]},"properties":{"name":"Soak","category":"amenity:bar","level":"17"}},{"type":"Feature","geometry":{"type":"Point","coordinates":[139.702933,35.662884]},"properties":{"name":"SHIBUichi BAKERY","category":"shop:bakery","level":"0"}},{"type":"Feature","geometry":{"type":"Point","coordinates":[139.703273,35.671622]},"properties":{"name":"一風堂","category":"amenity:restaurant","level":"0"}},{"type":"Feature","geometry":{"type":"Point","coordinates":[139.703271,35.671867]},"properties":{"name":"スギ薬局","category":"shop:chemist","level":"0;1"}},{"type":"Feature","geometry":{"type":"Point","coordinates":[139.707,35.665138]},"properties":{"name":"Walnut","category":"shop:yarn","level":"0"}},{"type":"Feature","geometry":{"type":"Point","coordinates":[139.700197,35.657441]},"properties":{"name":"Cé La Vi Tokyo","category":"amenity:restaurant"}},{"type":"Feature","geometry":{"type":"Point","coordinates":[139.703941,35.657078]},"properties":{"name":"餅麺","category":"amenity:restaurant","level":"0"}},{"type":"Feature","geometry":{"type":"Point","coordinates":[139.702589,35.659834]},"properties":{"name":"たい焼　さわ田","category":"amenity:fast_food"}},{"type":"Feature","geometry":{"type":"Point","coordinates":[139.704993,35.656898]},"properties":{"name":"晴れる屋","category":"shop:toys","level":"7"}},{"type":"Feature","geometry":{"type":"Point","coordinates":[139.70429,35.656783]},"properties":{"name":"ファミリーマート","category":"shop:convenience","level":"0"}},{"type":"Feature","geometry":{"type":"Point","coordinates":[139.704767,35.648038]},"properties":{"name":"Enso","category":"amenity:restaurant","level":"1"}},{"type":"Feature","geometry":{"type":"Point","coordinates":[139.701935,35.661431]},"properties":{"name":"CASIO G-SHOCK STORE SHIBUYA","category":"shop:watches"}},{"type":"Feature","geometry":{"type":"Point","coordinates":[139.694108,35.663235]},"properties":{"name":"渋谷SWING","category":"amenity:bar"}},{"type":"Feature","geometry":{"type":"Point","coordinates":[139.705057,35.654931]},"properties":{"name":"ファミリーマート","category":"shop:convenience"}},{"type":"Feature","geometry":{"type":"Point","coordinates":[139.703649,35.658648]},"properties":{"name":"Steiff","category":"shop:toys","level":"1"}},{"type":"Feature","geometry":{"type":"Point","coordinates":[139.699668,35.660006]},"properties":{"name":"大黒屋","category":"shop:pawnbroker","level":"1"}},{"type":"Feature","geometry":{"type":"Point","coordinates":[139.70313,35.669865]},"properties":{"name":"ジャパニメアートギャラリー","category":"shop:art","level":"2"}},{"type":"Feature","geometry":{"type":"Point","coordinates":[139.702562,35.669963]},"properties":{"name":"猿弥彦 The Bridge 原宿駅","category":"amenity:cafe"}},{"type":"Feature","geometry":{"type":"Point","coordinates":[139.705174,35.668852]},"properties":{"name":"One Piece Mugiwara","category":"shop:collector"}},{"type":"Feature","geometry":{"type":"Point","coordinates":[139.705967,35.668895]},"properties":{"name":"Google Store","category":"shop:electronics"}},{"type":"Feature","geometry":{"type":"Point","coordinates":[139.703713,35.671013]},"properties":{"name":"Converse Store","category":"shop:shoes"}},{"type":"Feature","geometry":{"type":"Point","coordinates":[139.70303,35.670894]},"properties":{"name":"and ST","category":"shop:clothes"}},{"type":"Feature","geometry":{"type":"Point","coordinates":[139.701497,35.66011]},"properties":{"name":"TIGHT","category":"amenity:bar"}},{"type":"Feature","geometry":{"type":"Point","coordinates":[139.701654,35.661759]},"properties":{"name":"マクドナルド","category":"amenity:fast_food"}},{"type":"Feature","geometry":{"type":"Point","coordinates":[139.698934,35.661994]},"properties":{"name":"PBOX STND","category":"amenity:restaurant","level":"9"}},{"type":"Feature","geometry":{"type":"Point","coordinates":[139.699042,35.662011]},"properties":{"name":"Pop Mart","category":"shop:collector","level":"5"}},{"type":"Feature","geometry":{"type":"Point","coordinates":[139.698963,35.662047]},"properties":{"name":"TorchTorch","category":"shop:clothes","level":"5"}},{"type":"Feature","geometry":{"type":"Point","coordinates":[139.698881,35.662039]},"properties":{"name":"selfFab.","category":"shop:clothes","level":"5"}},{"type":"Feature","geometry":{"type":"Point","coordinates":[139.699056,35.66194]},"properties":{"name":"ミズノ","category":"shop:shoes","level":"5"}},{"type":"Feature","geometry":{"type":"Point","coordinates":[139.698944,35.661546]},"properties":{"name":"WapiWapi","category":"shop:collector"}},{"type":"Feature","geometry":{"type":"Point","coordinates":[139.700861,35.659821]},"properties":{"name":"Pop Mart","category":"shop:collector","level":"0"}},{"type":"Feature","geometry":{"type":"Point","coordinates":[139.700932,35.660007]},"properties":{"name":"Lululemon","category":"shop:clothes"}},{"type":"Feature","geometry":{"type":"Point","coordinates":[139.700988,35.65973]},"properties":{"name":"One Piece","category":"shop:games","level":"-1"}},{"type":"Feature","geometry":{"type":"Point","coordinates":[139.700996,35.659859]},"properties":{"name":"Mugiwara Store","category":"shop:collector","level":"6"}},{"type":"Feature","geometry":{"type":"Point","coordinates":[139.698755,35.662477]},"properties":{"name":"Herman Miller","category":"shop:furniture","level":"0"}},{"type":"Feature","geometry":{"type":"Point","coordinates":[139.702769,35.659441]},"properties":{"name":"Lowya","category":"shop:furniture"}},{"type":"Feature","geometry":{"type":"Point","coordinates":[139.705885,35.67063]},"properties":{"name":"YURINAN","category":"amenity:cafe"}},{"type":"Feature","geometry":{"type":"Point","coordinates":[139.710195,35.64857]},"properties":{"name":"The Malasada Tokyo","category":"amenity:cafe"}},{"type":"Feature","geometry":{"type":"Point","coordinates":[139.702641,35.661873]},"properties":{"name":"Diesel","category":"shop:clothes","level":"0"}},{"type":"Feature","geometry":{"type":"Point","coordinates":[139.702584,35.661895]},"properties":{"name":"スターバックス","category":"amenity:cafe","level":"1"}},{"type":"Feature","geometry":{"type":"Point","coordinates":[139.702504,35.661925]},"properties":{"name":"Minx Shibuya","category":"shop:hairdresser"}},{"type":"Feature","geometry":{"type":"Point","coordinates":[139.700645,35.662694]},"properties":{"name":"T4 Kitchen","category":"amenity:restaurant","level":"0"}},{"type":"Feature","geometry":{"type":"Point","coordinates":[139.702518,35.662065]},"properties":{"name":"Tomorrowland","category":"shop:clothes","level":"0"}},{"type":"Feature","geometry":{"type":"Point","coordinates":[139.705476,35.67097]},"properties":{"name":"クローゼットチャイルド","category":"shop:clothes"}},{"type":"Feature","geometry":{"type":"Point","coordinates":[139.71149,35.664395]},"properties":{"name":"Friend in Hand","category":"amenity:cafe","level":"9"}},{"type":"Feature","geometry":{"type":"Point","coordinates":[139.703895,35.67138]},"properties":{"name":"The Silhouette","category":"shop:clothes"}},{"type":"Feature","geometry":{"type":"Point","coordinates":[139.705394,35.67082]},"properties":{"name":"Kinji used clothing","category":"shop:clothes"}},{"type":"Feature","geometry":{"type":"Point","coordinates":[139.700088,35.66421]},"properties":{"name":"Next Door","category":"amenity:cafe"}},{"type":"Feature","geometry":{"type":"Point","coordinates":[139.691205,35.666973]},"properties":{"name":"豆虎","category":"shop:coffee"}},{"type":"Feature","geometry":{"type":"Point","coordinates":[139.691364,35.667023]},"properties":{"name":"Awase","category":"shop:second_hand"}},{"type":"Feature","geometry":{"type":"Point","coordinates":[139.701787,35.658462]},"properties":{"name":"みどりの窓口","category":"shop:ticket"}},{"type":"Feature","geometry":{"type":"Point","coordinates":[139.711621,35.662366]},"properties":{"name":"HAKUHODO Minami Aoyama 白鳳堂 南青山店","category":"shop:furniture"}},{"type":"Feature","geometry":{"type":"Point","coordinates":[139.702147,35.658265]},"properties":{"name":"タリーズコーヒー 渋谷スクランブルスクエア店","category":"amenity:cafe"}},{"type":"Feature","geometry":{"type":"Point","coordinates":[139.704536,35.658971]},"properties":{"name":"タリーズコーヒー 渋谷アクシュ店","category":"amenity:cafe"}},{"type":"Feature","geometry":{"type":"Point","coordinates":[139.699075,35.662211]},"properties":{"name":"金沢まいもん寿司","category":"amenity:restaurant","level":"6"}},{"type":"Feature","geometry":{"type":"Point","coordinates":[139.705351,35.66893]},"properties":{"name":"Sanki Zakka","category":"shop:art"}},{"type":"Feature","geometry":{"type":"Point","coordinates":[139.698841,35.662157]},"properties":{"name":"The Doraemon Store","category":"shop:anime"}},{"type":"Feature","geometry":{"type":"Point","coordinates":[139.698873,35.661966]},"properties":{"name":"Iggy Cafe","category":"amenity:fast_food"}},{"type":"Feature","geometry":{"type":"Point","coordinates":[139.699779,35.660389]},"properties":{"name":"IKEA スウェーデンレストラン","category":"amenity:restaurant"}},{"type":"Feature","geometry":{"type":"Point","coordinates":[139.700364,35.664786]},"properties":{"name":"æ - ash","category":"amenity:bar","level":"0"}},{"type":"Feature","geometry":{"type":"Point","coordinates":[139.706093,35.667722]},"properties":{"name":"俺流潮ラーメン","category":"amenity:restaurant"}},{"type":"Feature","geometry":{"type":"Point","coordinates":[139.703861,35.671097]},"properties":{"name":"Daniel House","category":"amenity:restaurant"}},{"type":"Feature","geometry":{"type":"Point","coordinates":[139.697809,35.661136]},"properties":{"name":"俺流塩らーめん","category":"amenity:restaurant","level":"0"}},{"type":"Feature","geometry":{"type":"Point","coordinates":[139.698759,35.6596]},"properties":{"name":"Shibuya 109","category":"shop:mall","level":"-1;0;1;2;3;4;5;6;7"}},{"type":"Feature","geometry":{"type":"Point","coordinates":[139.700286,35.660205]},"properties":{"name":"西武渋谷店A館","category":"shop:department_store"}},{"type":"Feature","geometry":{"type":"Point","coordinates":[139.699818,35.649335]},"properties":{"name":"代官山 T-SITE","category":"shop:mall"}},{"type":"Feature","geometry":{"type":"Point","coordinates":[139.710675,35.664304]},"properties":{"name":"double 4","category":"amenity:restaurant"}},{"type":"Feature","geometry":{"type":"Point","coordinates":[139.710373,35.664012]},"properties":{"name":"SHOZO TOKYO STORE CAFE & GROCERY","category":"amenity:cafe"}},{"type":"Feature","geometry":{"type":"Point","coordinates":[139.709508,35.666307]},"properties":{"name":"Burberry","category":"shop:clothes"}},{"type":"Feature","geometry":{"type":"Point","coordinates":[139.699529,35.659301]},"properties":{"name":"ビックカメラ","category":"shop:electronics"}},{"type":"Feature","geometry":{"type":"Point","coordinates":[139.698316,35.659511]},"properties":{"name":"THE PRIME","category":"shop:mall"}},{"type":"Feature","geometry":{"type":"Point","coordinates":[139.705229,35.65662]},"properties":{"name":"つけ麺大臣渋谷店","category":"amenity:restaurant"}},{"type":"Feature","geometry":{"type":"Point","coordinates":[139.69901,35.657374]},"properties":{"name":"セブン-イレブン","category":"shop:convenience"}},{"type":"Feature","geometry":{"type":"Point","coordinates":[139.691873,35.658125]},"properties":{"name":"魚ゆう","category":"amenity:restaurant"}},{"type":"Feature","geometry":{"type":"Point","coordinates":[139.694173,35.65908]},"properties":{"name":"PASSY","category":"shop:hairdresser"}},{"type":"Feature","geometry":{"type":"Point","coordinates":[139.694274,35.657467]},"properties":{"name":"takk.(music&bar)","category":"amenity:restaurant"}},{"type":"Feature","geometry":{"type":"Point","coordinates":[139.694064,35.659037]},"properties":{"name":"ローソン","category":"shop:convenience"}},{"type":"Feature","geometry":{"type":"Point","coordinates":[139.695067,35.659759]},"properties":{"name":"boy","category":"shop:clothes"}},{"type":"Feature","geometry":{"type":"Point","coordinates":[139.698232,35.658558]},"properties":{"name":"第二英鮨","category":"amenity:restaurant"}},{"type":"Feature","geometry":{"type":"Point","coordinates":[139.698494,35.65903]},"properties":{"name":"ファミリーマート","category":"shop:convenience"}},{"type":"Feature","geometry":{"type":"Point","coordinates":[139.696691,35.658825]},"properties":{"name":"松興堂","category":"shop:sports"}},{"type":"Feature","geometry":{"type":"Point","coordinates":[139.693857,35.659248]},"properties":{"name":"Galettoria","category":"amenity:restaurant"}},{"type":"Feature","geometry":{"type":"Point","coordinates":[139.696363,35.659277]},"properties":{"name":"名曲喫茶ライオン","category":"amenity:cafe"}},{"type":"Feature","geometry":{"type":"Point","coordinates":[139.696465,35.659219]},"properties":{"name":"B.Y.G","category":"amenity:bar"}},{"type":"Feature","geometry":{"type":"Point","coordinates":[139.697525,35.659097]},"properties":{"name":"直成","category":"amenity:fast_food"}},{"type":"Feature","geometry":{"type":"Point","coordinates":[139.696687,35.660289]},"properties":{"name":"渋谷　焼肉　金剛園","category":"amenity:restaurant"}},{"type":"Feature","geometry":{"type":"Point","coordinates":[139.696281,35.660173]},"properties":{"name":"POLA THE BEAUTY","category":"shop:beauty"}},{"type":"Feature","geometry":{"type":"Point","coordinates":[139.699431,35.659794]},"properties":{"name":"マツモトキヨシ","category":"shop:chemist"}},{"type":"Feature","geometry":{"type":"Point","coordinates":[139.69936,35.660012]},"properties":{"name":"ABCマート","category":"shop:shoes"}},{"type":"Feature","geometry":{"type":"Point","coordinates":[139.697073,35.660857]},"properties":{"name":"きらぼし銀行","category":"amenity:bank"}},{"type":"Feature","geometry":{"type":"Point","coordinates":[139.696895,35.660824]},"properties":{"name":"ひもの屋","category":"shop:deli"}},{"type":"Feature","geometry":{"type":"Point","coordinates":[139.69786,35.66048]},"properties":{"name":"Don Quijote","category":"shop:supermarket"}},{"type":"Feature","geometry":{"type":"Point","coordinates":[139.70052,35.661587]},"properties":{"name":"BINGO モディ","category":"shop:clothes"}},{"type":"Feature","geometry":{"type":"Point","coordinates":[139.700278,35.660853]},"properties":{"name":"西武渋谷店B館","category":"shop:department_store"}},{"type":"Feature","geometry":{"type":"Point","coordinates":[139.699564,35.661038]},"properties":{"name":"西武渋谷店ロフト館","category":"shop:department_store"}},{"type":"Feature","geometry":{"type":"Point","coordinates":[139.697848,35.662009]},"properties":{"name":"ハンズ","category":"shop:variety_store"}},{"type":"Feature","geometry":{"type":"Point","coordinates":[139.701098,35.661909]},"properties":{"name":"タワーレコード","category":"shop:music"}},{"type":"Feature","geometry":{"type":"Point","coordinates":[139.695155,35.660041]},"properties":{"name":"cafe Oral","category":"amenity:cafe"}},{"type":"Feature","geometry":{"type":"Point","coordinates":[139.695011,35.659983]},"properties":{"name":"サイフォンコーヒー　シャルマン","category":"amenity:cafe"}},{"type":"Feature","geometry":{"type":"Point","coordinates":[139.69496,35.659958]},"properties":{"name":"TOKIWA","category":"shop:stationery"}},{"type":"Feature","geometry":{"type":"Point","coordinates":[139.695258,35.660079]},"properties":{"name":"ファミリーマート","category":"shop:convenience"}},{"type":"Feature","geometry":{"type":"Point","coordinates":[139.69168,35.666652]},"properties":{"name":"Atelier Boz本店","category":"shop:clothes"}},{"type":"Feature","geometry":{"type":"Point","coordinates":[139.699343,35.664155]},"properties":{"name":"Green Lounge","category":"amenity:restaurant"}},{"type":"Feature","geometry":{"type":"Point","coordinates":[139.700691,35.663128]},"properties":{"name":"ニトリ","category":"shop:furniture"}},{"type":"Feature","geometry":{"type":"Point","coordinates":[139.702903,35.659395]},"properties":{"name":"りそな銀行","category":"amenity:bank"}},{"type":"Feature","geometry":{"type":"Point","coordinates":[139.702612,35.661489]},"properties":{"name":"メトロプラザ","category":"shop:mall"}},{"type":"Feature","geometry":{"type":"Point","coordinates":[139.702667,35.662032]},"properties":{"name":"cocoti","category":"shop:department_store"}},{"type":"Feature","geometry":{"type":"Point","coordinates":[139.708259,35.664115]},"properties":{"name":"Paul Smith","category":"shop:clothes"}},{"type":"Feature","geometry":{"type":"Point","coordinates":[139.707028,35.666985]},"properties":{"name":"wjk","category":"shop:clothes"}},{"type":"Feature","geometry":{"type":"Point","coordinates":[139.70648,35.666932]},"properties":{"name":"Harry's Sandwich Company","category":"amenity:restaurant"}},{"type":"Feature","geometry":{"type":"Point","coordinates":[139.705983,35.668705]},"properties":{"name":"東急プラザ表参道「オモカド」","category":"shop:mall"}},{"type":"Feature","geometry":{"type":"Point","coordinates":[139.70541,35.669113]},"properties":{"name":"ラフォーレ原宿","category":"shop:mall"}},{"type":"Feature","geometry":{"type":"Point","coordinates":[139.706239,35.668594]},"properties":{"name":"エッグスンシングス 原宿店","category":"amenity:restaurant"}},{"type":"Feature","geometry":{"type":"Point","coordinates":[139.703993,35.66939]},"properties":{"name":"Nike","category":"shop:clothes"}},{"type":"Feature","geometry":{"type":"Point","coordinates":[139.706421,35.668547]},"properties":{"name":"#FR2 UME","category":"shop:clothes","level":"0"}},{"type":"Feature","geometry":{"type":"Point","coordinates":[139.706884,35.667365]},"properties":{"name":"gyre","category":"shop:mall"}},{"type":"Feature","geometry":{"type":"Point","coordinates":[139.708523,35.667299]},"properties":{"name":"表参道ヒルズ","category":"shop:mall"}},{"type":"Feature","geometry":{"type":"Point","coordinates":[139.704339,35.6712]},"properties":{"name":"原宿アルタ","category":"shop:mall"}},{"type":"Feature","geometry":{"type":"Point","coordinates":[139.704101,35.671006]},"properties":{"name":"DESSERT CAFE 雪のはな 東京原宿店","category":"amenity:cafe"}},{"type":"Feature","geometry":{"type":"Point","coordinates":[139.701414,35.655185]},"properties":{"name":"ローソン","category":"shop:convenience"}},{"type":"Feature","geometry":{"type":"Point","coordinates":[139.715386,35.663173]},"properties":{"name":"Yohji Yamamoto Aoyama Main Store","category":"shop:clothes"}},{"type":"Feature","geometry":{"type":"Point","coordinates":[139.714988,35.663414]},"properties":{"name":"ヨックモック 青山本店 ブルー・ブリック・ラウンジ","category":"amenity:cafe"}},{"type":"Feature","geometry":{"type":"Point","coordinates":[139.704018,35.656978]},"properties":{"name":"牛かつ もとむら","category":"amenity:restaurant","level":"-1"}},{"type":"Feature","geometry":{"type":"Point","coordinates":[139.705793,35.655695]},"properties":{"name":"はし田屋","category":"amenity:restaurant"}},{"type":"Feature","geometry":{"type":"Point","coordinates":[139.694294,35.653451]},"properties":{"name":"デニーズ","category":"amenity:restaurant"}},{"type":"Feature","geometry":{"type":"Point","coordinates":[139.695123,35.652032]},"properties":{"name":"Modern Italian Furniture","category":"shop:furniture"}},{"type":"Feature","geometry":{"type":"Point","coordinates":[139.706653,35.656228]},"properties":{"name":"JRA WINS","category":"shop:bookmaker"}},{"type":"Feature","geometry":{"type":"Point","coordinates":[139.704823,35.65759]},"properties":{"name":"山本のハンバーグ渋谷食堂","category":"amenity:restaurant"}},{"type":"Feature","geometry":{"type":"Point","coordinates":[139.700992,35.649315]},"properties":{"name":"ローソン","category":"shop:convenience"}},{"type":"Feature","geometry":{"type":"Point","coordinates":[139.701102,35.648953]},"properties":{"name":"relume","category":"shop:clothes"}},{"type":"Feature","geometry":{"type":"Point","coordinates":[139.70104,35.649]},"properties":{"name":"Tissot","category":"shop:watches"}},{"type":"Feature","geometry":{"type":"Point","coordinates":[139.700978,35.649055]},"properties":{"name":"Paul Smith","category":"shop:clothes"}},{"type":"Feature","geometry":{"type":"Point","coordinates":[139.701394,35.648771]},"properties":{"name":"A.P.C.","category":"shop:clothes"}},{"type":"Feature","geometry":{"type":"Point","coordinates":[139.70336,35.650641]},"properties":{"name":"BellaFruttaDAIKANYAMA","category":"amenity:cafe"}},{"type":"Feature","geometry":{"type":"Point","coordinates":[139.702318,35.64855]},"properties":{"name":"Forestgarden","category":"shop:yes"}},{"type":"Feature","geometry":{"type":"Point","coordinates":[139.702706,35.648396]},"properties":{"name":"Blan de blan","category":"shop:hairdresser"}},{"type":"Feature","geometry":{"type":"Point","coordinates":[139.702363,35.648752]},"properties":{"name":"TENOHA &NEXT","category":"shop:yes"}},{"type":"Feature","geometry":{"type":"Point","coordinates":[139.709875,35.655548]},"properties":{"name":"Reg-On-Diner","category":"amenity:restaurant"}},{"type":"Feature","geometry":{"type":"Point","coordinates":[139.707875,35.653822]},"properties":{"name":"アグーズカフェ","category":"amenity:cafe"}},{"type":"Feature","geometry":{"type":"Point","coordinates":[139.698108,35.659779]},"properties":{"name":"LABI ヤマダ電機","category":"shop:electronics"}},{"type":"Feature","geometry":{"type":"Point","coordinates":[139.701713,35.655824]},"properties":{"name":"WINDSOR","category":"shop:sports"}},{"type":"Feature","geometry":{"type":"Point","coordinates":[139.693838,35.655763]},"properties":{"name":"マルエツプチ","category":"shop:supermarket"}},{"type":"Feature","geometry":{"type":"Point","coordinates":[139.703966,35.659147]},"properties":{"name":"渋谷ヒカリエ","category":"shop:mall"}},{"type":"Feature","geometry":{"type":"Point","coordinates":[139.703586,35.658788]},"properties":{"name":"ポチ","category":"amenity:pub","level":"0"}},{"type":"Feature","geometry":{"type":"Point","coordinates":[139.70336,35.658855]},"properties":{"name":"コスメキッチン","category":"shop:chemist","level":"0"}},{"type":"Feature","geometry":{"type":"Point","coordinates":[139.703229,35.658813]},"properties":{"name":"ザ クリーム オブ ザ クロップ コーヒー","category":"amenity:cafe","level":"0"}},{"type":"Feature","geometry":{"type":"Point","coordinates":[139.703592,35.659031]},"properties":{"name":"オリジンズ","category":"shop:chemist","level":"0"}},{"type":"Feature","geometry":{"type":"Point","coordinates":[139.703598,35.658961]},"properties":{"name":"Sabon","category":"shop:cosmetics","level":"0"}},{"type":"Feature","geometry":{"type":"Point","coordinates":[139.703508,35.658891]},"properties":{"name":"テラクオーレ","category":"shop:clothes","level":"0"}},{"type":"Feature","geometry":{"type":"Point","coordinates":[139.70357,35.659088]},"properties":{"name":"ニールズヤード レメディーズ","category":"shop:chemist","level":"0"}},{"type":"Feature","geometry":{"type":"Point","coordinates":[139.703199,35.658933]},"properties":{"name":"ヒビヤ カダン スタイル","category":"shop:florist","level":"0"}},{"type":"Feature","geometry":{"type":"Point","coordinates":[139.703348,35.659046]},"properties":{"name":"カーサ ヴィア バス ストップ","category":"shop:clothes","level":"0"}},{"type":"Feature","geometry":{"type":"Point","coordinates":[139.703455,35.659142]},"properties":{"name":"クロードモネH2O・アヴェダ","category":"shop:hairdresser","level":"0"}},{"type":"Feature","geometry":{"type":"Point","coordinates":[139.703298,35.658913]},"properties":{"name":"SPBSアネックス","category":"shop:clothes","level":"0"}},{"type":"Feature","geometry":{"type":"Point","coordinates":[139.703481,35.658973]},"properties":{"name":"アッカ","category":"shop:clothes","level":"0"}},{"type":"Feature","geometry":{"type":"Point","coordinates":[139.703328,35.658922]},"properties":{"name":"イベントステージ１","category":"shop:clothes","level":"0"}},{"type":"Feature","geometry":{"type":"Point","coordinates":[139.703524,35.658988]},"properties":{"name":"コレット マルーフ","category":"shop:jewelry","level":"0"}},{"type":"Feature","geometry":{"type":"Point","coordinates":[139.703481,35.659047]},"properties":{"name":"ジャルダン デ パルファム","category":"shop:chemist","level":"0"}},{"type":"Feature","geometry":{"type":"Point","coordinates":[139.703383,35.659015]},"properties":{"name":"Jo Malone","category":"shop:perfumery","level":"0"}},{"type":"Feature","geometry":{"type":"Point","coordinates":[139.703393,35.658945]},"properties":{"name":"テアトロ","category":"shop:jewelry","level":"0"}},{"type":"Feature","geometry":{"type":"Point","coordinates":[139.703437,35.658959]},"properties":{"name":"ディプティック","category":"shop:clothes","level":"0"}},{"type":"Feature","geometry":{"type":"Point","coordinates":[139.703362,35.658935]},"properties":{"name":"ル・コンシデラン","category":"shop:jewelry","level":"0"}},{"type":"Feature","geometry":{"type":"Point","coordinates":[139.710683,35.663814]},"properties":{"name":"Ao","category":"shop:mall"}},{"type":"Feature","geometry":{"type":"Point","coordinates":[139.709336,35.664428]},"properties":{"name":"Portofino","category":"shop:mall"}},{"type":"Feature","geometry":{"type":"Point","coordinates":[139.699431,35.648558]},"properties":{"name":"Aso Michelangelo 米其林二星餐廳","category":"amenity:restaurant"}},{"type":"Feature","geometry":{"type":"Point","coordinates":[139.703706,35.659183]},"properties":{"name":"m's セレクト by M","category":"shop:clothes","level":"2"}},{"type":"Feature","geometry":{"type":"Point","coordinates":[139.703484,35.659125]},"properties":{"name":"セオリー","category":"shop:clothes","level":"2"}},{"type":"Feature","geometry":{"type":"Point","coordinates":[139.703824,35.659091]},"properties":{"name":"ダイアナ ロマーシュ","category":"shop:clothes","level":"2"}},{"type":"Feature","geometry":{"type":"Point","coordinates":[139.70405,35.659337]},"properties":{"name":"トゥルーストーリー by ワコール","category":"shop:clothes","level":"2"}},{"type":"Feature","geometry":{"type":"Point","coordinates":[139.703895,35.65924]},"properties":{"name":"Paul Smith","category":"shop:clothes","level":"2"}},{"type":"Feature","geometry":{"type":"Point","coordinates":[139.704777,35.65954]},"properties":{"name":"ラフィネ","category":"shop:massage","level":"2"}},{"type":"Feature","geometry":{"type":"Point","coordinates":[139.703662,35.659046]},"properties":{"name":"MAC Cosmetics","category":"shop:cosmetics","level":"1"}},{"type":"Feature","geometry":{"type":"Point","coordinates":[139.703518,35.658909]},"properties":{"name":"ShinQs パーツ　ジョイスト","category":"shop:general","level":"1"}},{"type":"Feature","geometry":{"type":"Point","coordinates":[139.703551,35.658996]},"properties":{"name":"カシラ デリカ","category":"shop:clothes","level":"1"}},{"type":"Feature","geometry":{"type":"Point","coordinates":[139.703733,35.659166]},"properties":{"name":"キャス・キッドソン","category":"shop:clothes","level":"1"}},{"type":"Feature","geometry":{"type":"Point","coordinates":[139.70319,35.658747]},"properties":{"name":"シーバイクロエ","category":"shop:clothes","level":"1"}},{"type":"Feature","geometry":{"type":"Point","coordinates":[139.703761,35.659016]},"properties":{"name":"ジェラート　ピケ","category":"shop:clothes","level":"1"}},{"type":"Feature","geometry":{"type":"Point","coordinates":[139.703283,35.65907]},"properties":{"name":"ジェラート　ピケ　カフェ　クレープリー","category":"amenity:cafe","level":"1"}},{"type":"Feature","geometry":{"type":"Point","coordinates":[139.703159,35.65882]},"properties":{"name":"マークBYマーク ジェイコブス","category":"shop:clothes","level":"1"}},{"type":"Feature","geometry":{"type":"Point","coordinates":[139.703273,35.658785]},"properties":{"name":"ミミミ","category":"shop:clothes","level":"1"}},{"type":"Feature","geometry":{"type":"Point","coordinates":[139.703357,35.658828]},"properties":{"name":"ラムフロム","category":"shop:clothes","level":"1"}},{"type":"Feature","geometry":{"type":"Point","coordinates":[139.703968,35.65904]},"properties":{"name":"ルートート・ギャラリー","category":"shop:clothes","level":"1"}},{"type":"Feature","geometry":{"type":"Point","coordinates":[139.703246,35.658869]},"properties":{"name":"L'Occitane","category":"shop:cosmetics","level":"1"}},{"type":"Feature","geometry":{"type":"Point","coordinates":[139.703889,35.659159]},"properties":{"name":"青山フラワーマーケット","category":"shop:florist","level":"1"}},{"type":"Feature","geometry":{"type":"Point","coordinates":[139.703669,35.658966]},"properties":{"name":"17℃　バイ　ブロンドール","category":"shop:clothes","level":"1"}},{"type":"Feature","geometry":{"type":"Point","coordinates":[139.703702,35.659051]},"properties":{"name":"ShinQs シューズカレイド","category":"shop:clothes","level":"2"}},{"type":"Feature","geometry":{"type":"Point","coordinates":[139.703731,35.658975]},"properties":{"name":"オディット エ オディール ユナイテッドアローズ","category":"shop:clothes","level":"2"}},{"type":"Feature","geometry":{"type":"Point","coordinates":[139.703409,35.659019]},"properties":{"name":"サマンサタバサプチチョイス","category":"shop:clothes","level":"2"}},{"type":"Feature","geometry":{"type":"Point","coordinates":[139.703913,35.659157]},"properties":{"name":"バオバオ　イッセイ　ミヤケ","category":"shop:clothes","level":"2"}},{"type":"Feature","geometry":{"type":"Point","coordinates":[139.70353,35.659059]},"properties":{"name":"ビジンネス　バイ　ササビー","category":"shop:clothes","level":"2"}},{"type":"Feature","geometry":{"type":"Point","coordinates":[139.699843,35.669055]},"properties":{"name":"Parks","category":"shop:kiosk"}},{"type":"Feature","geometry":{"type":"Point","coordinates":[139.702652,35.651053]},"properties":{"name":"モンキーカフェ","category":"amenity:cafe"}},{"type":"Feature","geometry":{"type":"Point","coordinates":[139.698771,35.661951]},"properties":{"name":"渋谷Parco","category":"shop:mall"}},{"type":"Feature","geometry":{"type":"Point","coordinates":[139.706662,35.654936]},"properties":{"name":"サパナ","category":"amenity:restaurant"}},{"type":"Feature","geometry":{"type":"Point","coordinates":[139.708938,35.665489]},"properties":{"name":"Chums","category":"shop:clothes"}},{"type":"Feature","geometry":{"type":"Point","coordinates":[139.706174,35.666678]},"properties":{"name":"笑たこ 原宿表参道店","category":"amenity:fast_food"}},{"type":"Feature","geometry":{"type":"Point","coordinates":[139.70688,35.669952]},"properties":{"name":"New Balance","category":"shop:shoes"}},{"type":"Feature","geometry":{"type":"Point","coordinates":[139.692722,35.649152]},"properties":{"name":"スターバックス","category":"amenity:cafe"}},{"type":"Feature","geometry":{"type":"Point","coordinates":[139.693113,35.648745]},"properties":{"name":"ドン・キホーテ","category":"shop:variety_store"}},{"type":"Feature","geometry":{"type":"Point","coordinates":[139.699059,35.653484]},"properties":{"name":"セブン-イレブン","category":"shop:convenience"}},{"type":"Feature","geometry":{"type":"Point","coordinates":[139.704691,35.668341]},"properties":{"name":"東急プラザ原宿","category":"shop:mall"}},{"type":"Feature","geometry":{"type":"Point","coordinates":[139.699881,35.6613]},"properties":{"name":"西武渋谷店パーキング館","category":"shop:department_store"}},{"type":"Feature","geometry":{"type":"Point","coordinates":[139.699759,35.661521]},"properties":{"name":"西武渋谷店モヴィーダ館","category":"shop:department_store"}},{"type":"Feature","geometry":{"type":"Point","coordinates":[139.70185,35.66966]},"properties":{"name":"Café「杜のテラス」","category":"amenity:cafe"}}]}